-- Football Modules 2 & 3 Seed Data
-- Generated by generate_modules_2_3_seed.py

-- Insert Module 2: Offensive Concepts
INSERT INTO modules (id, sport_id, title, description, order_index, min_level, max_level, xp_reward, created_at, updated_at)
VALUES (
  '00000000-0000-0000-0000-000000000002',
  '0105433b-5bdd-4093-b6b1-157a0c3c515e',
  'Offensive Concepts',
  'Master offensive formations, routes, and strategies',
  2,
  2,
  3,
  0,
  NOW(),
  NOW()
) ON CONFLICT (id) DO UPDATE SET
  title = EXCLUDED.title,
  description = EXCLUDED.description,
  order_index = EXCLUDED.order_index,
  min_level = EXCLUDED.min_level,
  max_level = EXCLUDED.max_level,
  xp_reward = EXCLUDED.xp_reward,
  updated_at = NOW();

-- Insert Module 3: Defensive Concepts
INSERT INTO modules (id, sport_id, title, description, order_index, min_level, max_level, xp_reward, created_at, updated_at)
VALUES (
  '00000000-0000-0000-0000-000000000003',
  '0105433b-5bdd-4093-b6b1-157a0c3c515e',
  'Defensive Concepts',
  'Master defensive formations, coverages, and strategies',
  3,
  3,
  4,
  0,
  NOW(),
  NOW()
) ON CONFLICT (id) DO UPDATE SET
  title = EXCLUDED.title,
  description = EXCLUDED.description,
  order_index = EXCLUDED.order_index,
  min_level = EXCLUDED.min_level,
  max_level = EXCLUDED.max_level,
  xp_reward = EXCLUDED.xp_reward,
  updated_at = NOW();

-- Module 2, Lesson 1: Common Offensive Formations
INSERT INTO lessons (id, module_id, title, description, order_index, est_minutes, xp_award, created_at, updated_at)
VALUES (
  '00000002-0000-0000-0000-000000000001',
  '00000000-0000-0000-0000-000000000002',
  'Common Offensive Formations',
  'Learn to identify the most popular offensive formations in football',
  1,
  5,
  100,
  NOW(),
  NOW()
) ON CONFLICT (id) DO UPDATE SET
  title = EXCLUDED.title,
  description = EXCLUDED.description,
  order_index = EXCLUDED.order_index,
  est_minutes = EXCLUDED.est_minutes,
  xp_award = EXCLUDED.xp_award,
  updated_at = NOW();

INSERT INTO items (id, lesson_id, type, base_prompt, answer_schema_json, difficulty, status, author_id, created_at, updated_at)
VALUES (
  '00000002-0001-0000-0000-000000000001',
  '00000002-0000-0000-0000-000000000001',
  'mcq',
  'Identify formation',
  '{"type": "mcq", "options": ["Shotgun", "I-Formation", "Pistol", "Under Center"], "correct": 0}'::jsonb,
  2,
  'live',
  (SELECT id FROM users LIMIT 1),
  NOW(),
  NOW()
) ON CONFLICT (id) DO UPDATE SET
  type = EXCLUDED.type,
  base_prompt = EXCLUDED.base_prompt,
  answer_schema_json = EXCLUDED.answer_schema_json,
  difficulty = EXCLUDED.difficulty,
  status = EXCLUDED.status,
  updated_at = NOW();

INSERT INTO item_variants (id, item_id, version, prompt_richtext, options_json, correct_answer_json, explanation_richtext, active, created_at, updated_at)
VALUES (
  '00000002-0001-0001-0000-000000000001',
  '00000002-0001-0000-0000-000000000001',
  1,
  'The quarterback is 5 yards behind the center with no running back beside him. What formation is this?',
  '["Shotgun", "I-Formation", "Pistol", "Under Center"]',
  '{"index": 0}',
  'Shotgun formation has the QB standing 5-7 yards behind center. This gives the QB more time to read the defense and is commonly used for passing plays.',
  true,
  NOW(),
  NOW()
) ON CONFLICT (id) DO UPDATE SET
  prompt_richtext = EXCLUDED.prompt_richtext,
  options_json = EXCLUDED.options_json,
  correct_answer_json = EXCLUDED.correct_answer_json,
  explanation_richtext = EXCLUDED.explanation_richtext,
  active = EXCLUDED.active,
  updated_at = NOW();

INSERT INTO items (id, lesson_id, type, base_prompt, answer_schema_json, difficulty, status, author_id, created_at, updated_at)
VALUES (
  '00000002-0001-0000-0000-000000000002',
  '00000002-0000-0000-0000-000000000001',
  'mcq',
  'Identify formation',
  '{"type": "mcq", "options": ["I-Formation", "Shotgun", "Spread", "Singleback"], "correct": 0}'::jsonb,
  2,
  'live',
  (SELECT id FROM users LIMIT 1),
  NOW(),
  NOW()
) ON CONFLICT (id) DO UPDATE SET
  type = EXCLUDED.type,
  base_prompt = EXCLUDED.base_prompt,
  answer_schema_json = EXCLUDED.answer_schema_json,
  difficulty = EXCLUDED.difficulty,
  status = EXCLUDED.status,
  updated_at = NOW();

INSERT INTO item_variants (id, item_id, version, prompt_richtext, options_json, correct_answer_json, explanation_richtext, active, created_at, updated_at)
VALUES (
  '00000002-0001-0002-0000-000000000001',
  '00000002-0001-0000-0000-000000000002',
  1,
  'The QB is under center with a fullback and tailback lined up directly behind him in a straight line. What formation is this?',
  '["I-Formation", "Shotgun", "Spread", "Singleback"]',
  '{"index": 0}',
  'The I-Formation gets its name because the QB, fullback, and tailback form the shape of an ''I''. It''s a classic power running formation.',
  true,
  NOW(),
  NOW()
) ON CONFLICT (id) DO UPDATE SET
  prompt_richtext = EXCLUDED.prompt_richtext,
  options_json = EXCLUDED.options_json,
  correct_answer_json = EXCLUDED.correct_answer_json,
  explanation_richtext = EXCLUDED.explanation_richtext,
  active = EXCLUDED.active,
  updated_at = NOW();

INSERT INTO items (id, lesson_id, type, base_prompt, answer_schema_json, difficulty, status, author_id, created_at, updated_at)
VALUES (
  '00000002-0001-0000-0000-000000000003',
  '00000002-0000-0000-0000-000000000001',
  'mcq',
  'Identify formation',
  '{"type": "mcq", "options": ["Pistol", "I-Formation", "Shotgun", "Wildcat"], "correct": 0}'::jsonb,
  2,
  'live',
  (SELECT id FROM users LIMIT 1),
  NOW(),
  NOW()
) ON CONFLICT (id) DO UPDATE SET
  type = EXCLUDED.type,
  base_prompt = EXCLUDED.base_prompt,
  answer_schema_json = EXCLUDED.answer_schema_json,
  difficulty = EXCLUDED.difficulty,
  status = EXCLUDED.status,
  updated_at = NOW();

INSERT INTO item_variants (id, item_id, version, prompt_richtext, options_json, correct_answer_json, explanation_richtext, active, created_at, updated_at)
VALUES (
  '00000002-0001-0003-0000-000000000001',
  '00000002-0001-0000-0000-000000000003',
  1,
  'The QB is in shotgun with the running back lined up beside him at about 4 yards deep. What formation is this?',
  '["Pistol", "I-Formation", "Shotgun", "Wildcat"]',
  '{"index": 0}',
  'The Pistol formation combines elements of shotgun and under center. The QB is in shotgun but the RB is directly behind him, allowing for better running angles.',
  true,
  NOW(),
  NOW()
) ON CONFLICT (id) DO UPDATE SET
  prompt_richtext = EXCLUDED.prompt_richtext,
  options_json = EXCLUDED.options_json,
  correct_answer_json = EXCLUDED.correct_answer_json,
  explanation_richtext = EXCLUDED.explanation_richtext,
  active = EXCLUDED.active,
  updated_at = NOW();

INSERT INTO items (id, lesson_id, type, base_prompt, answer_schema_json, difficulty, status, author_id, created_at, updated_at)
VALUES (
  '00000002-0001-0000-0000-000000000004',
  '00000002-0000-0000-0000-000000000001',
  'mcq',
  'Understand formation purpose',
  '{"type": "mcq", "options": ["Better for passing plays", "Better for running plays", "Confuses the defense", "Required on 3rd down"], "correct": 0}'::jsonb,
  2,
  'live',
  (SELECT id FROM users LIMIT 1),
  NOW(),
  NOW()
) ON CONFLICT (id) DO UPDATE SET
  type = EXCLUDED.type,
  base_prompt = EXCLUDED.base_prompt,
  answer_schema_json = EXCLUDED.answer_schema_json,
  difficulty = EXCLUDED.difficulty,
  status = EXCLUDED.status,
  updated_at = NOW();

INSERT INTO item_variants (id, item_id, version, prompt_richtext, options_json, correct_answer_json, explanation_richtext, active, created_at, updated_at)
VALUES (
  '00000002-0001-0004-0000-000000000001',
  '00000002-0001-0000-0000-000000000004',
  1,
  'Why do teams use the shotgun formation?',
  '["Better for passing plays", "Better for running plays", "Confuses the defense", "Required on 3rd down"]',
  '{"index": 0}',
  'Shotgun gives the QB more time to scan the defense and throw. The QB doesn''t need to drop back after the snap, making it ideal for passing situations.',
  true,
  NOW(),
  NOW()
) ON CONFLICT (id) DO UPDATE SET
  prompt_richtext = EXCLUDED.prompt_richtext,
  options_json = EXCLUDED.options_json,
  correct_answer_json = EXCLUDED.correct_answer_json,
  explanation_richtext = EXCLUDED.explanation_richtext,
  active = EXCLUDED.active,
  updated_at = NOW();

INSERT INTO items (id, lesson_id, type, base_prompt, answer_schema_json, difficulty, status, author_id, created_at, updated_at)
VALUES (
  '00000002-0001-0000-0000-000000000005',
  '00000002-0000-0000-0000-000000000001',
  'mcq',
  'Identify formation',
  '{"type": "mcq", "options": ["Empty Set", "I-Formation", "Goal Line", "Wildcat"], "correct": 0}'::jsonb,
  2,
  'live',
  (SELECT id FROM users LIMIT 1),
  NOW(),
  NOW()
) ON CONFLICT (id) DO UPDATE SET
  type = EXCLUDED.type,
  base_prompt = EXCLUDED.base_prompt,
  answer_schema_json = EXCLUDED.answer_schema_json,
  difficulty = EXCLUDED.difficulty,
  status = EXCLUDED.status,
  updated_at = NOW();

INSERT INTO item_variants (id, item_id, version, prompt_richtext, options_json, correct_answer_json, explanation_richtext, active, created_at, updated_at)
VALUES (
  '00000002-0001-0005-0000-000000000001',
  '00000002-0001-0000-0000-000000000005',
  1,
  'The offense has 4 or 5 wide receivers spread across the field with no running back. What formation is this?',
  '["Empty Set", "I-Formation", "Goal Line", "Wildcat"]',
  '{"index": 0}',
  'An Empty Set (or Empty Backfield) has no running backs, forcing the defense to cover more space. It''s a pure passing formation.',
  true,
  NOW(),
  NOW()
) ON CONFLICT (id) DO UPDATE SET
  prompt_richtext = EXCLUDED.prompt_richtext,
  options_json = EXCLUDED.options_json,
  correct_answer_json = EXCLUDED.correct_answer_json,
  explanation_richtext = EXCLUDED.explanation_richtext,
  active = EXCLUDED.active,
  updated_at = NOW();

INSERT INTO items (id, lesson_id, type, base_prompt, answer_schema_json, difficulty, status, author_id, created_at, updated_at)
VALUES (
  '00000002-0001-0000-0000-000000000006',
  '00000002-0000-0000-0000-000000000001',
  'mcq',
  'Understand singleback',
  '{"type": "mcq", "options": ["1", "2", "0", "3"], "correct": 0}'::jsonb,
  2,
  'live',
  (SELECT id FROM users LIMIT 1),
  NOW(),
  NOW()
) ON CONFLICT (id) DO UPDATE SET
  type = EXCLUDED.type,
  base_prompt = EXCLUDED.base_prompt,
  answer_schema_json = EXCLUDED.answer_schema_json,
  difficulty = EXCLUDED.difficulty,
  status = EXCLUDED.status,
  updated_at = NOW();

INSERT INTO item_variants (id, item_id, version, prompt_richtext, options_json, correct_answer_json, explanation_richtext, active, created_at, updated_at)
VALUES (
  '00000002-0001-0006-0000-000000000001',
  '00000002-0001-0000-0000-000000000006',
  1,
  'In a Singleback formation, how many running backs are in the backfield?',
  '["1", "2", "0", "3"]',
  '{"index": 0}',
  'Singleback has one running back in the backfield. It''s a balanced formation that can run or pass effectively.',
  true,
  NOW(),
  NOW()
) ON CONFLICT (id) DO UPDATE SET
  prompt_richtext = EXCLUDED.prompt_richtext,
  options_json = EXCLUDED.options_json,
  correct_answer_json = EXCLUDED.correct_answer_json,
  explanation_richtext = EXCLUDED.explanation_richtext,
  active = EXCLUDED.active,
  updated_at = NOW();

INSERT INTO items (id, lesson_id, type, base_prompt, answer_schema_json, difficulty, status, author_id, created_at, updated_at)
VALUES (
  '00000002-0001-0000-0000-000000000007',
  '00000002-0000-0000-0000-000000000001',
  'mcq',
  'Identify formation advantage',
  '{"type": "mcq", "options": ["The fullback can lead block for the tailback", "It spreads out the defense", "The QB has more time to throw", "It''s unpredictable"], "correct": 0}'::jsonb,
  3,
  'live',
  (SELECT id FROM users LIMIT 1),
  NOW(),
  NOW()
) ON CONFLICT (id) DO UPDATE SET
  type = EXCLUDED.type,
  base_prompt = EXCLUDED.base_prompt,
  answer_schema_json = EXCLUDED.answer_schema_json,
  difficulty = EXCLUDED.difficulty,
  status = EXCLUDED.status,
  updated_at = NOW();

INSERT INTO item_variants (id, item_id, version, prompt_richtext, options_json, correct_answer_json, explanation_richtext, active, created_at, updated_at)
VALUES (
  '00000002-0001-0007-0000-000000000001',
  '00000002-0001-0000-0000-000000000007',
  1,
  'What is the main advantage of the I-Formation for running plays?',
  '["The fullback can lead block for the tailback", "It spreads out the defense", "The QB has more time to throw", "It''s unpredictable"]',
  '{"index": 0}',
  'In the I-Formation, the fullback leads through the hole and blocks defenders, creating a path for the tailback. This is classic power running football.',
  true,
  NOW(),
  NOW()
) ON CONFLICT (id) DO UPDATE SET
  prompt_richtext = EXCLUDED.prompt_richtext,
  options_json = EXCLUDED.options_json,
  correct_answer_json = EXCLUDED.correct_answer_json,
  explanation_richtext = EXCLUDED.explanation_richtext,
  active = EXCLUDED.active,
  updated_at = NOW();

INSERT INTO items (id, lesson_id, type, base_prompt, answer_schema_json, difficulty, status, author_id, created_at, updated_at)
VALUES (
  '00000002-0001-0000-0000-000000000008',
  '00000002-0000-0000-0000-000000000001',
  'mcq',
  'Understand formation terminology',
  '{"type": "mcq", "options": ["QB takes snap directly from center", "QB is in shotgun", "Center is the team captain", "QB calls the play"], "correct": 0}'::jsonb,
  2,
  'live',
  (SELECT id FROM users LIMIT 1),
  NOW(),
  NOW()
) ON CONFLICT (id) DO UPDATE SET
  type = EXCLUDED.type,
  base_prompt = EXCLUDED.base_prompt,
  answer_schema_json = EXCLUDED.answer_schema_json,
  difficulty = EXCLUDED.difficulty,
  status = EXCLUDED.status,
  updated_at = NOW();

INSERT INTO item_variants (id, item_id, version, prompt_richtext, options_json, correct_answer_json, explanation_richtext, active, created_at, updated_at)
VALUES (
  '00000002-0001-0008-0000-000000000001',
  '00000002-0001-0000-0000-000000000008',
  1,
  'What does ''under center'' mean?',
  '["QB takes snap directly from center", "QB is in shotgun", "Center is the team captain", "QB calls the play"]',
  '{"index": 0}',
  '''Under center'' means the QB is directly behind the center and takes the snap by placing hands under the center''s legs. This is the traditional QB position.',
  true,
  NOW(),
  NOW()
) ON CONFLICT (id) DO UPDATE SET
  prompt_richtext = EXCLUDED.prompt_richtext,
  options_json = EXCLUDED.options_json,
  correct_answer_json = EXCLUDED.correct_answer_json,
  explanation_richtext = EXCLUDED.explanation_richtext,
  active = EXCLUDED.active,
  updated_at = NOW();

INSERT INTO items (id, lesson_id, type, base_prompt, answer_schema_json, difficulty, status, author_id, created_at, updated_at)
VALUES (
  '00000002-0001-0000-0000-000000000009',
  '00000002-0000-0000-0000-000000000001',
  'mcq',
  'Identify wildcat formation',
  '{"type": "mcq", "options": ["A running back or receiver", "The quarterback", "The fullback", "The tight end"], "correct": 0}'::jsonb,
  3,
  'live',
  (SELECT id FROM users LIMIT 1),
  NOW(),
  NOW()
) ON CONFLICT (id) DO UPDATE SET
  type = EXCLUDED.type,
  base_prompt = EXCLUDED.base_prompt,
  answer_schema_json = EXCLUDED.answer_schema_json,
  difficulty = EXCLUDED.difficulty,
  status = EXCLUDED.status,
  updated_at = NOW();

INSERT INTO item_variants (id, item_id, version, prompt_richtext, options_json, correct_answer_json, explanation_richtext, active, created_at, updated_at)
VALUES (
  '00000002-0001-0009-0000-000000000001',
  '00000002-0001-0000-0000-000000000009',
  1,
  'In the Wildcat formation, who typically receives the snap?',
  '["A running back or receiver", "The quarterback", "The fullback", "The tight end"]',
  '{"index": 0}',
  'The Wildcat is a trick formation where a RB or WR takes the direct snap instead of the QB. It''s designed to create confusion and running opportunities.',
  true,
  NOW(),
  NOW()
) ON CONFLICT (id) DO UPDATE SET
  prompt_richtext = EXCLUDED.prompt_richtext,
  options_json = EXCLUDED.options_json,
  correct_answer_json = EXCLUDED.correct_answer_json,
  explanation_richtext = EXCLUDED.explanation_richtext,
  active = EXCLUDED.active,
  updated_at = NOW();

INSERT INTO items (id, lesson_id, type, base_prompt, answer_schema_json, difficulty, status, author_id, created_at, updated_at)
VALUES (
  '00000002-0001-0000-0000-000000000010',
  '00000002-0000-0000-0000-000000000001',
  'mcq',
  'Formation recognition',
  '{"type": "mcq", "options": ["Singleback", "I-Formation", "Shotgun", "Empty"], "correct": 0}'::jsonb,
  2,
  'live',
  (SELECT id FROM users LIMIT 1),
  NOW(),
  NOW()
) ON CONFLICT (id) DO UPDATE SET
  type = EXCLUDED.type,
  base_prompt = EXCLUDED.base_prompt,
  answer_schema_json = EXCLUDED.answer_schema_json,
  difficulty = EXCLUDED.difficulty,
  status = EXCLUDED.status,
  updated_at = NOW();

INSERT INTO item_variants (id, item_id, version, prompt_richtext, options_json, correct_answer_json, explanation_richtext, active, created_at, updated_at)
VALUES (
  '00000002-0001-0010-0000-000000000001',
  '00000002-0001-0000-0000-000000000010',
  1,
  'The offense lines up with the QB under center and one RB offset to the left or right. What formation is this likely?',
  '["Singleback", "I-Formation", "Shotgun", "Empty"]',
  '{"index": 0}',
  'This describes a Singleback formation with an offset back. The RB can go either direction, making it versatile for runs and passes.',
  true,
  NOW(),
  NOW()
) ON CONFLICT (id) DO UPDATE SET
  prompt_richtext = EXCLUDED.prompt_richtext,
  options_json = EXCLUDED.options_json,
  correct_answer_json = EXCLUDED.correct_answer_json,
  explanation_richtext = EXCLUDED.explanation_richtext,
  active = EXCLUDED.active,
  updated_at = NOW();

-- Module 2, Lesson 2: Spread Formations
INSERT INTO lessons (id, module_id, title, description, order_index, est_minutes, xp_award, created_at, updated_at)
VALUES (
  '00000002-0000-0000-0000-000000000002',
  '00000000-0000-0000-0000-000000000002',
  'Spread Formations',
  'Understand spread offense concepts and receiver alignments',
  2,
  5,
  100,
  NOW(),
  NOW()
) ON CONFLICT (id) DO UPDATE SET
  title = EXCLUDED.title,
  description = EXCLUDED.description,
  order_index = EXCLUDED.order_index,
  est_minutes = EXCLUDED.est_minutes,
  xp_award = EXCLUDED.xp_award,
  updated_at = NOW();

INSERT INTO items (id, lesson_id, type, base_prompt, answer_schema_json, difficulty, status, author_id, created_at, updated_at)
VALUES (
  '00000002-0002-0000-0000-000000000001',
  '00000002-0000-0000-0000-000000000002',
  'mcq',
  'Understand spread offense',
  '{"type": "mcq", "options": ["Force the defense to cover more space", "Pack more blockers near the line", "Confuse the officials", "Run the ball more effectively"], "correct": 0}'::jsonb,
  2,
  'live',
  (SELECT id FROM users LIMIT 1),
  NOW(),
  NOW()
) ON CONFLICT (id) DO UPDATE SET
  type = EXCLUDED.type,
  base_prompt = EXCLUDED.base_prompt,
  answer_schema_json = EXCLUDED.answer_schema_json,
  difficulty = EXCLUDED.difficulty,
  status = EXCLUDED.status,
  updated_at = NOW();

INSERT INTO item_variants (id, item_id, version, prompt_richtext, options_json, correct_answer_json, explanation_richtext, active, created_at, updated_at)
VALUES (
  '00000002-0002-0001-0000-000000000001',
  '00000002-0002-0000-0000-000000000001',
  1,
  'What is the main goal of a spread formation?',
  '["Force the defense to cover more space", "Pack more blockers near the line", "Confuse the officials", "Run the ball more effectively"]',
  '{"index": 0}',
  'Spread formations spread receivers across the field, forcing defenders to cover more ground. This creates space for both passing and running plays.',
  true,
  NOW(),
  NOW()
) ON CONFLICT (id) DO UPDATE SET
  prompt_richtext = EXCLUDED.prompt_richtext,
  options_json = EXCLUDED.options_json,
  correct_answer_json = EXCLUDED.correct_answer_json,
  explanation_richtext = EXCLUDED.explanation_richtext,
  active = EXCLUDED.active,
  updated_at = NOW();

INSERT INTO items (id, lesson_id, type, base_prompt, answer_schema_json, difficulty, status, author_id, created_at, updated_at)
VALUES (
  '00000002-0002-0000-0000-000000000002',
  '00000002-0000-0000-0000-000000000002',
  'mcq',
  'Count receivers',
  '{"type": "mcq", "options": ["4", "3", "5", "2"], "correct": 0}'::jsonb,
  2,
  'live',
  (SELECT id FROM users LIMIT 1),
  NOW(),
  NOW()
) ON CONFLICT (id) DO UPDATE SET
  type = EXCLUDED.type,
  base_prompt = EXCLUDED.base_prompt,
  answer_schema_json = EXCLUDED.answer_schema_json,
  difficulty = EXCLUDED.difficulty,
  status = EXCLUDED.status,
  updated_at = NOW();

INSERT INTO item_variants (id, item_id, version, prompt_richtext, options_json, correct_answer_json, explanation_richtext, active, created_at, updated_at)
VALUES (
  '00000002-0002-0002-0000-000000000001',
  '00000002-0002-0000-0000-000000000002',
  1,
  'In a ''4-wide'' formation, how many wide receivers are on the field?',
  '["4", "3", "5", "2"]',
  '{"index": 0}',
  '4-wide means four wide receivers are on the field, typically with one running back. This spreads the defense horizontally.',
  true,
  NOW(),
  NOW()
) ON CONFLICT (id) DO UPDATE SET
  prompt_richtext = EXCLUDED.prompt_richtext,
  options_json = EXCLUDED.options_json,
  correct_answer_json = EXCLUDED.correct_answer_json,
  explanation_richtext = EXCLUDED.explanation_richtext,
  active = EXCLUDED.active,
  updated_at = NOW();

INSERT INTO items (id, lesson_id, type, base_prompt, answer_schema_json, difficulty, status, author_id, created_at, updated_at)
VALUES (
  '00000002-0002-0000-0000-000000000003',
  '00000002-0000-0000-0000-000000000002',
  'mcq',
  'Identify trips formation',
  '{"type": "mcq", "options": ["Three receivers on one side", "Three running backs", "Three tight ends", "Three offensive linemen pull"], "correct": 0}'::jsonb,
  3,
  'live',
  (SELECT id FROM users LIMIT 1),
  NOW(),
  NOW()
) ON CONFLICT (id) DO UPDATE SET
  type = EXCLUDED.type,
  base_prompt = EXCLUDED.base_prompt,
  answer_schema_json = EXCLUDED.answer_schema_json,
  difficulty = EXCLUDED.difficulty,
  status = EXCLUDED.status,
  updated_at = NOW();

INSERT INTO item_variants (id, item_id, version, prompt_richtext, options_json, correct_answer_json, explanation_richtext, active, created_at, updated_at)
VALUES (
  '00000002-0002-0003-0000-000000000001',
  '00000002-0002-0000-0000-000000000003',
  1,
  'What does ''Trips'' mean in formation terminology?',
  '["Three receivers on one side", "Three running backs", "Three tight ends", "Three offensive linemen pull"]',
  '{"index": 0}',
  'Trips (short for ''triple'') means three receivers lined up on the same side of the field. This creates natural route combinations and overloads one side.',
  true,
  NOW(),
  NOW()
) ON CONFLICT (id) DO UPDATE SET
  prompt_richtext = EXCLUDED.prompt_richtext,
  options_json = EXCLUDED.options_json,
  correct_answer_json = EXCLUDED.correct_answer_json,
  explanation_richtext = EXCLUDED.explanation_richtext,
  active = EXCLUDED.active,
  updated_at = NOW();

INSERT INTO items (id, lesson_id, type, base_prompt, answer_schema_json, difficulty, status, author_id, created_at, updated_at)
VALUES (
  '00000002-0002-0000-0000-000000000004',
  '00000002-0000-0000-0000-000000000002',
  'mcq',
  'Understand empty backfield',
  '{"type": "mcq", "options": ["Split out as a receiver", "Behind the QB", "Next to the QB", "There is no RB on the field"], "correct": 0}'::jsonb,
  2,
  'live',
  (SELECT id FROM users LIMIT 1),
  NOW(),
  NOW()
) ON CONFLICT (id) DO UPDATE SET
  type = EXCLUDED.type,
  base_prompt = EXCLUDED.base_prompt,
  answer_schema_json = EXCLUDED.answer_schema_json,
  difficulty = EXCLUDED.difficulty,
  status = EXCLUDED.status,
  updated_at = NOW();

INSERT INTO item_variants (id, item_id, version, prompt_richtext, options_json, correct_answer_json, explanation_richtext, active, created_at, updated_at)
VALUES (
  '00000002-0002-0004-0000-000000000001',
  '00000002-0002-0000-0000-000000000004',
  1,
  'In an empty backfield, where does the running back typically line up?',
  '["Split out as a receiver", "Behind the QB", "Next to the QB", "There is no RB on the field"]',
  '{"index": 0}',
  'In empty formations, the RB usually splits out wide as a receiver, creating 5 eligible receivers. This is a pure passing formation.',
  true,
  NOW(),
  NOW()
) ON CONFLICT (id) DO UPDATE SET
  prompt_richtext = EXCLUDED.prompt_richtext,
  options_json = EXCLUDED.options_json,
  correct_answer_json = EXCLUDED.correct_answer_json,
  explanation_richtext = EXCLUDED.explanation_richtext,
  active = EXCLUDED.active,
  updated_at = NOW();

INSERT INTO items (id, lesson_id, type, base_prompt, answer_schema_json, difficulty, status, author_id, created_at, updated_at)
VALUES (
  '00000002-0002-0000-0000-000000000005',
  '00000002-0000-0000-0000-000000000002',
  'mcq',
  'Identify bunch formation',
  '{"type": "mcq", "options": ["Multiple receivers lined up close together", "All receivers on one side", "No receivers on the field", "Receivers in the backfield"], "correct": 0}'::jsonb,
  3,
  'live',
  (SELECT id FROM users LIMIT 1),
  NOW(),
  NOW()
) ON CONFLICT (id) DO UPDATE SET
  type = EXCLUDED.type,
  base_prompt = EXCLUDED.base_prompt,
  answer_schema_json = EXCLUDED.answer_schema_json,
  difficulty = EXCLUDED.difficulty,
  status = EXCLUDED.status,
  updated_at = NOW();

INSERT INTO item_variants (id, item_id, version, prompt_richtext, options_json, correct_answer_json, explanation_richtext, active, created_at, updated_at)
VALUES (
  '00000002-0002-0005-0000-000000000001',
  '00000002-0002-0000-0000-000000000005',
  1,
  'What is a ''bunch'' formation?',
  '["Multiple receivers lined up close together", "All receivers on one side", "No receivers on the field", "Receivers in the backfield"]',
  '{"index": 0}',
  'A bunch formation has 2-3 receivers lined up within a few yards of each other. This creates natural picks and makes it hard for defenders to cover man-to-man.',
  true,
  NOW(),
  NOW()
) ON CONFLICT (id) DO UPDATE SET
  prompt_richtext = EXCLUDED.prompt_richtext,
  options_json = EXCLUDED.options_json,
  correct_answer_json = EXCLUDED.correct_answer_json,
  explanation_richtext = EXCLUDED.explanation_richtext,
  active = EXCLUDED.active,
  updated_at = NOW();

INSERT INTO items (id, lesson_id, type, base_prompt, answer_schema_json, difficulty, status, author_id, created_at, updated_at)
VALUES (
  '00000002-0002-0000-0000-000000000006',
  '00000002-0000-0000-0000-000000000002',
  'mcq',
  'Understand spread advantage',
  '{"type": "mcq", "options": ["Defenders must spread out, creating running lanes", "It doesn''t help running", "More blockers at the line", "Confuses the defense"], "correct": 0}'::jsonb,
  2,
  'live',
  (SELECT id FROM users LIMIT 1),
  NOW(),
  NOW()
) ON CONFLICT (id) DO UPDATE SET
  type = EXCLUDED.type,
  base_prompt = EXCLUDED.base_prompt,
  answer_schema_json = EXCLUDED.answer_schema_json,
  difficulty = EXCLUDED.difficulty,
  status = EXCLUDED.status,
  updated_at = NOW();

INSERT INTO item_variants (id, item_id, version, prompt_richtext, options_json, correct_answer_json, explanation_richtext, active, created_at, updated_at)
VALUES (
  '00000002-0002-0006-0000-000000000001',
  '00000002-0002-0000-0000-000000000006',
  1,
  'How does spread offense help the running game?',
  '["Defenders must spread out, creating running lanes", "It doesn''t help running", "More blockers at the line", "Confuses the defense"]',
  '{"index": 0}',
  'When defenders spread out to cover receivers, there are fewer defenders in the box. This creates more space for running backs to find holes.',
  true,
  NOW(),
  NOW()
) ON CONFLICT (id) DO UPDATE SET
  prompt_richtext = EXCLUDED.prompt_richtext,
  options_json = EXCLUDED.options_json,
  correct_answer_json = EXCLUDED.correct_answer_json,
  explanation_richtext = EXCLUDED.explanation_richtext,
  active = EXCLUDED.active,
  updated_at = NOW();

INSERT INTO items (id, lesson_id, type, base_prompt, answer_schema_json, difficulty, status, author_id, created_at, updated_at)
VALUES (
  '00000002-0002-0000-0000-000000000007',
  '00000002-0000-0000-0000-000000000002',
  'mcq',
  'Identify slot receiver',
  '{"type": "mcq", "options": ["Between the outside receiver and offensive line", "On the outside", "In the backfield", "Next to the QB"], "correct": 0}'::jsonb,
  2,
  'live',
  (SELECT id FROM users LIMIT 1),
  NOW(),
  NOW()
) ON CONFLICT (id) DO UPDATE SET
  type = EXCLUDED.type,
  base_prompt = EXCLUDED.base_prompt,
  answer_schema_json = EXCLUDED.answer_schema_json,
  difficulty = EXCLUDED.difficulty,
  status = EXCLUDED.status,
  updated_at = NOW();

INSERT INTO item_variants (id, item_id, version, prompt_richtext, options_json, correct_answer_json, explanation_richtext, active, created_at, updated_at)
VALUES (
  '00000002-0002-0007-0000-000000000001',
  '00000002-0002-0000-0000-000000000007',
  1,
  'Where does a slot receiver line up?',
  '["Between the outside receiver and offensive line", "On the outside", "In the backfield", "Next to the QB"]',
  '{"index": 0}',
  'The slot receiver lines up in the ''slot'' - the space between the outside WR and the offensive tackle. Slot receivers often run quick, precise routes.',
  true,
  NOW(),
  NOW()
) ON CONFLICT (id) DO UPDATE SET
  prompt_richtext = EXCLUDED.prompt_richtext,
  options_json = EXCLUDED.options_json,
  correct_answer_json = EXCLUDED.correct_answer_json,
  explanation_richtext = EXCLUDED.explanation_richtext,
  active = EXCLUDED.active,
  updated_at = NOW();

INSERT INTO items (id, lesson_id, type, base_prompt, answer_schema_json, difficulty, status, author_id, created_at, updated_at)
VALUES (
  '00000002-0002-0000-0000-000000000008',
  '00000002-0000-0000-0000-000000000002',
  'mcq',
  'Understand 5-wide formation',
  '{"type": "mcq", "options": ["No blockers to protect the QB", "Too many receivers", "Illegal formation", "Can''t run the ball"], "correct": 0}'::jsonb,
  3,
  'live',
  (SELECT id FROM users LIMIT 1),
  NOW(),
  NOW()
) ON CONFLICT (id) DO UPDATE SET
  type = EXCLUDED.type,
  base_prompt = EXCLUDED.base_prompt,
  answer_schema_json = EXCLUDED.answer_schema_json,
  difficulty = EXCLUDED.difficulty,
  status = EXCLUDED.status,
  updated_at = NOW();

INSERT INTO item_variants (id, item_id, version, prompt_richtext, options_json, correct_answer_json, explanation_richtext, active, created_at, updated_at)
VALUES (
  '00000002-0002-0008-0000-000000000001',
  '00000002-0002-0000-0000-000000000008',
  1,
  'In a 5-wide formation, what is the biggest risk?',
  '["No blockers to protect the QB", "Too many receivers", "Illegal formation", "Can''t run the ball"]',
  '{"index": 0}',
  'With 5 receivers, only the 5 offensive linemen are left to block. If the defense blitzes 6+ players, the QB will likely be under immediate pressure.',
  true,
  NOW(),
  NOW()
) ON CONFLICT (id) DO UPDATE SET
  prompt_richtext = EXCLUDED.prompt_richtext,
  options_json = EXCLUDED.options_json,
  correct_answer_json = EXCLUDED.correct_answer_json,
  explanation_richtext = EXCLUDED.explanation_richtext,
  active = EXCLUDED.active,
  updated_at = NOW();

INSERT INTO items (id, lesson_id, type, base_prompt, answer_schema_json, difficulty, status, author_id, created_at, updated_at)
VALUES (
  '00000002-0002-0000-0000-000000000009',
  '00000002-0000-0000-0000-000000000002',
  'mcq',
  'Identify formation balance',
  '{"type": "mcq", "options": ["Two receivers on each side", "Two running backs", "Two tight ends", "Second down and 2 yards"], "correct": 0}'::jsonb,
  2,
  'live',
  (SELECT id FROM users LIMIT 1),
  NOW(),
  NOW()
) ON CONFLICT (id) DO UPDATE SET
  type = EXCLUDED.type,
  base_prompt = EXCLUDED.base_prompt,
  answer_schema_json = EXCLUDED.answer_schema_json,
  difficulty = EXCLUDED.difficulty,
  status = EXCLUDED.status,
  updated_at = NOW();

INSERT INTO item_variants (id, item_id, version, prompt_richtext, options_json, correct_answer_json, explanation_richtext, active, created_at, updated_at)
VALUES (
  '00000002-0002-0009-0000-000000000001',
  '00000002-0002-0000-0000-000000000009',
  1,
  'What does ''2x2'' mean in formation terminology?',
  '["Two receivers on each side", "Two running backs", "Two tight ends", "Second down and 2 yards"]',
  '{"index": 0}',
  '2x2 (or ''deuce'') means two receivers on each side of the formation. It''s a balanced spread look that doesn''t tip off the play direction.',
  true,
  NOW(),
  NOW()
) ON CONFLICT (id) DO UPDATE SET
  prompt_richtext = EXCLUDED.prompt_richtext,
  options_json = EXCLUDED.options_json,
  correct_answer_json = EXCLUDED.correct_answer_json,
  explanation_richtext = EXCLUDED.explanation_richtext,
  active = EXCLUDED.active,
  updated_at = NOW();

INSERT INTO items (id, lesson_id, type, base_prompt, answer_schema_json, difficulty, status, author_id, created_at, updated_at)
VALUES (
  '00000002-0002-0000-0000-000000000010',
  '00000002-0000-0000-0000-000000000002',
  'mcq',
  'Understand spread tempo',
  '{"type": "mcq", "options": ["Prevents defense from substituting", "Saves time on the clock", "Confuses the offense", "Required by rules"], "correct": 0}'::jsonb,
  3,
  'live',
  (SELECT id FROM users LIMIT 1),
  NOW(),
  NOW()
) ON CONFLICT (id) DO UPDATE SET
  type = EXCLUDED.type,
  base_prompt = EXCLUDED.base_prompt,
  answer_schema_json = EXCLUDED.answer_schema_json,
  difficulty = EXCLUDED.difficulty,
  status = EXCLUDED.status,
  updated_at = NOW();

INSERT INTO item_variants (id, item_id, version, prompt_richtext, options_json, correct_answer_json, explanation_richtext, active, created_at, updated_at)
VALUES (
  '00000002-0002-0010-0000-000000000001',
  '00000002-0002-0000-0000-000000000010',
  1,
  'Why do spread offenses often use hurry-up/no-huddle?',
  '["Prevents defense from substituting", "Saves time on the clock", "Confuses the offense", "Required by rules"]',
  '{"index": 0}',
  'Hurry-up prevents the defense from substituting bigger/smaller players. If the offense has speed players, they can exploit mismatches before the defense adjusts.',
  true,
  NOW(),
  NOW()
) ON CONFLICT (id) DO UPDATE SET
  prompt_richtext = EXCLUDED.prompt_richtext,
  options_json = EXCLUDED.options_json,
  correct_answer_json = EXCLUDED.correct_answer_json,
  explanation_richtext = EXCLUDED.explanation_richtext,
  active = EXCLUDED.active,
  updated_at = NOW();

-- Module 2, Lesson 3: Power Running Formations
INSERT INTO lessons (id, module_id, title, description, order_index, est_minutes, xp_award, created_at, updated_at)
VALUES (
  '00000002-0000-0000-0000-000000000003',
  '00000000-0000-0000-0000-000000000002',
  'Power Running Formations',
  'Learn formations designed for physical, downhill running',
  3,
  5,
  100,
  NOW(),
  NOW()
) ON CONFLICT (id) DO UPDATE SET
  title = EXCLUDED.title,
  description = EXCLUDED.description,
  order_index = EXCLUDED.order_index,
  est_minutes = EXCLUDED.est_minutes,
  xp_award = EXCLUDED.xp_award,
  updated_at = NOW();

INSERT INTO items (id, lesson_id, type, base_prompt, answer_schema_json, difficulty, status, author_id, created_at, updated_at)
VALUES (
  '00000002-0003-0000-0000-000000000001',
  '00000002-0000-0000-0000-000000000003',
  'mcq',
  'Identify power formation',
  '{"type": "mcq", "options": ["I-Formation", "Empty Set", "5-Wide", "Wildcat"], "correct": 0}'::jsonb,
  2,
  'live',
  (SELECT id FROM users LIMIT 1),
  NOW(),
  NOW()
) ON CONFLICT (id) DO UPDATE SET
  type = EXCLUDED.type,
  base_prompt = EXCLUDED.base_prompt,
  answer_schema_json = EXCLUDED.answer_schema_json,
  difficulty = EXCLUDED.difficulty,
  status = EXCLUDED.status,
  updated_at = NOW();

INSERT INTO item_variants (id, item_id, version, prompt_richtext, options_json, correct_answer_json, explanation_richtext, active, created_at, updated_at)
VALUES (
  '00000002-0003-0001-0000-000000000001',
  '00000002-0003-0000-0000-000000000001',
  1,
  'Which formation is best for short-yardage power running?',
  '["I-Formation", "Empty Set", "5-Wide", "Wildcat"]',
  '{"index": 0}',
  'The I-Formation is ideal for power running because the fullback can lead block and the tailback has a running start to hit the hole with momentum.',
  true,
  NOW(),
  NOW()
) ON CONFLICT (id) DO UPDATE SET
  prompt_richtext = EXCLUDED.prompt_richtext,
  options_json = EXCLUDED.options_json,
  correct_answer_json = EXCLUDED.correct_answer_json,
  explanation_richtext = EXCLUDED.explanation_richtext,
  active = EXCLUDED.active,
  updated_at = NOW();

INSERT INTO items (id, lesson_id, type, base_prompt, answer_schema_json, difficulty, status, author_id, created_at, updated_at)
VALUES (
  '00000002-0003-0000-0000-000000000002',
  '00000002-0000-0000-0000-000000000003',
  'mcq',
  'Understand fullback role',
  '{"type": "mcq", "options": ["Lead blocking for the running back", "Catching passes", "Blocking the defensive line", "Calling plays"], "correct": 0}'::jsonb,
  2,
  'live',
  (SELECT id FROM users LIMIT 1),
  NOW(),
  NOW()
) ON CONFLICT (id) DO UPDATE SET
  type = EXCLUDED.type,
  base_prompt = EXCLUDED.base_prompt,
  answer_schema_json = EXCLUDED.answer_schema_json,
  difficulty = EXCLUDED.difficulty,
  status = EXCLUDED.status,
  updated_at = NOW();

INSERT INTO item_variants (id, item_id, version, prompt_richtext, options_json, correct_answer_json, explanation_richtext, active, created_at, updated_at)
VALUES (
  '00000002-0003-0002-0000-000000000001',
  '00000002-0003-0000-0000-000000000002',
  1,
  'What is the primary job of a fullback in power formations?',
  '["Lead blocking for the running back", "Catching passes", "Blocking the defensive line", "Calling plays"]',
  '{"index": 0}',
  'The fullback is a blocking specialist who leads through the hole and blocks linebackers or safeties, clearing the path for the tailback.',
  true,
  NOW(),
  NOW()
) ON CONFLICT (id) DO UPDATE SET
  prompt_richtext = EXCLUDED.prompt_richtext,
  options_json = EXCLUDED.options_json,
  correct_answer_json = EXCLUDED.correct_answer_json,
  explanation_richtext = EXCLUDED.explanation_richtext,
  active = EXCLUDED.active,
  updated_at = NOW();

INSERT INTO items (id, lesson_id, type, base_prompt, answer_schema_json, difficulty, status, author_id, created_at, updated_at)
VALUES (
  '00000002-0003-0000-0000-000000000003',
  '00000002-0000-0000-0000-000000000003',
  'mcq',
  'Identify goal line formation',
  '{"type": "mcq", "options": ["Goal Line or Jumbo package", "Spread package", "Empty package", "Wildcat package"], "correct": 0}'::jsonb,
  2,
  'live',
  (SELECT id FROM users LIMIT 1),
  NOW(),
  NOW()
) ON CONFLICT (id) DO UPDATE SET
  type = EXCLUDED.type,
  base_prompt = EXCLUDED.base_prompt,
  answer_schema_json = EXCLUDED.answer_schema_json,
  difficulty = EXCLUDED.difficulty,
  status = EXCLUDED.status,
  updated_at = NOW();

INSERT INTO item_variants (id, item_id, version, prompt_richtext, options_json, correct_answer_json, explanation_richtext, active, created_at, updated_at)
VALUES (
  '00000002-0003-0003-0000-000000000001',
  '00000002-0003-0000-0000-000000000003',
  1,
  'On the goal line, teams often bring in extra offensive linemen. What is this package called?',
  '["Goal Line or Jumbo package", "Spread package", "Empty package", "Wildcat package"]',
  '{"index": 0}',
  'Goal Line or Jumbo packages replace receivers with extra offensive linemen and tight ends. This creates maximum blocking power for short-yardage situations.',
  true,
  NOW(),
  NOW()
) ON CONFLICT (id) DO UPDATE SET
  prompt_richtext = EXCLUDED.prompt_richtext,
  options_json = EXCLUDED.options_json,
  correct_answer_json = EXCLUDED.correct_answer_json,
  explanation_richtext = EXCLUDED.explanation_richtext,
  active = EXCLUDED.active,
  updated_at = NOW();

INSERT INTO items (id, lesson_id, type, base_prompt, answer_schema_json, difficulty, status, author_id, created_at, updated_at)
VALUES (
  '00000002-0003-0000-0000-000000000004',
  '00000002-0000-0000-0000-000000000003',
  'mcq',
  'Understand strong formation',
  '{"type": "mcq", "options": ["The side with more blockers (usually the TE)", "The side the QB looks at", "The side with the best receiver", "The side facing the sideline"], "correct": 0}'::jsonb,
  3,
  'live',
  (SELECT id FROM users LIMIT 1),
  NOW(),
  NOW()
) ON CONFLICT (id) DO UPDATE SET
  type = EXCLUDED.type,
  base_prompt = EXCLUDED.base_prompt,
  answer_schema_json = EXCLUDED.answer_schema_json,
  difficulty = EXCLUDED.difficulty,
  status = EXCLUDED.status,
  updated_at = NOW();

INSERT INTO item_variants (id, item_id, version, prompt_richtext, options_json, correct_answer_json, explanation_richtext, active, created_at, updated_at)
VALUES (
  '00000002-0003-0004-0000-000000000001',
  '00000002-0003-0000-0000-000000000004',
  1,
  'What makes a formation ''strong'' vs ''weak''?',
  '["The side with more blockers (usually the TE)", "The side the QB looks at", "The side with the best receiver", "The side facing the sideline"]',
  '{"index": 0}',
  'The ''strong side'' is the side with more blockers, typically where the tight end lines up. The ''weak side'' has fewer blockers. This affects defensive alignment.',
  true,
  NOW(),
  NOW()
) ON CONFLICT (id) DO UPDATE SET
  prompt_richtext = EXCLUDED.prompt_richtext,
  options_json = EXCLUDED.options_json,
  correct_answer_json = EXCLUDED.correct_answer_json,
  explanation_richtext = EXCLUDED.explanation_richtext,
  active = EXCLUDED.active,
  updated_at = NOW();

INSERT INTO items (id, lesson_id, type, base_prompt, answer_schema_json, difficulty, status, author_id, created_at, updated_at)
VALUES (
  '00000002-0003-0000-0000-000000000005',
  '00000002-0000-0000-0000-000000000003',
  'mcq',
  'Identify full house formation',
  '{"type": "mcq", "options": ["Three running backs behind the QB", "Five wide receivers", "Two tight ends", "No running backs"], "correct": 0}'::jsonb,
  3,
  'live',
  (SELECT id FROM users LIMIT 1),
  NOW(),
  NOW()
) ON CONFLICT (id) DO UPDATE SET
  type = EXCLUDED.type,
  base_prompt = EXCLUDED.base_prompt,
  answer_schema_json = EXCLUDED.answer_schema_json,
  difficulty = EXCLUDED.difficulty,
  status = EXCLUDED.status,
  updated_at = NOW();

INSERT INTO item_variants (id, item_id, version, prompt_richtext, options_json, correct_answer_json, explanation_richtext, active, created_at, updated_at)
VALUES (
  '00000002-0003-0005-0000-000000000001',
  '00000002-0003-0000-0000-000000000005',
  1,
  'What is a ''Full House'' backfield?',
  '["Three running backs behind the QB", "Five wide receivers", "Two tight ends", "No running backs"]',
  '{"index": 0}',
  'Full House has three backs in the backfield - typically a fullback and two halfbacks. It''s an old-school power formation rarely seen in modern football.',
  true,
  NOW(),
  NOW()
) ON CONFLICT (id) DO UPDATE SET
  prompt_richtext = EXCLUDED.prompt_richtext,
  options_json = EXCLUDED.options_json,
  correct_answer_json = EXCLUDED.correct_answer_json,
  explanation_richtext = EXCLUDED.explanation_richtext,
  active = EXCLUDED.active,
  updated_at = NOW();

INSERT INTO items (id, lesson_id, type, base_prompt, answer_schema_json, difficulty, status, author_id, created_at, updated_at)
VALUES (
  '00000002-0003-0000-0000-000000000006',
  '00000002-0000-0000-0000-000000000003',
  'mcq',
  'Understand tight end role',
  '{"type": "mcq", "options": ["Blocking defensive ends and linebackers", "Running routes", "Protecting the QB", "Snapping the ball"], "correct": 0}'::jsonb,
  2,
  'live',
  (SELECT id FROM users LIMIT 1),
  NOW(),
  NOW()
) ON CONFLICT (id) DO UPDATE SET
  type = EXCLUDED.type,
  base_prompt = EXCLUDED.base_prompt,
  answer_schema_json = EXCLUDED.answer_schema_json,
  difficulty = EXCLUDED.difficulty,
  status = EXCLUDED.status,
  updated_at = NOW();

INSERT INTO item_variants (id, item_id, version, prompt_richtext, options_json, correct_answer_json, explanation_richtext, active, created_at, updated_at)
VALUES (
  '00000002-0003-0006-0000-000000000001',
  '00000002-0003-0000-0000-000000000006',
  1,
  'In power running formations, what is the tight end''s primary role?',
  '["Blocking defensive ends and linebackers", "Running routes", "Protecting the QB", "Snapping the ball"]',
  '{"index": 0}',
  'In power formations, tight ends are extra blockers on the line of scrimmage. They block defensive ends and seal the edge for running plays.',
  true,
  NOW(),
  NOW()
) ON CONFLICT (id) DO UPDATE SET
  prompt_richtext = EXCLUDED.prompt_richtext,
  options_json = EXCLUDED.options_json,
  correct_answer_json = EXCLUDED.correct_answer_json,
  explanation_richtext = EXCLUDED.explanation_richtext,
  active = EXCLUDED.active,
  updated_at = NOW();

INSERT INTO items (id, lesson_id, type, base_prompt, answer_schema_json, difficulty, status, author_id, created_at, updated_at)
VALUES (
  '00000002-0003-0000-0000-000000000007',
  '00000002-0000-0000-0000-000000000003',
  'mcq',
  'Identify two-back formation',
  '{"type": "mcq", "options": ["More blocking and run options", "Better for passing", "Confuses officials", "Required on 1st down"], "correct": 0}'::jsonb,
  2,
  'live',
  (SELECT id FROM users LIMIT 1),
  NOW(),
  NOW()
) ON CONFLICT (id) DO UPDATE SET
  type = EXCLUDED.type,
  base_prompt = EXCLUDED.base_prompt,
  answer_schema_json = EXCLUDED.answer_schema_json,
  difficulty = EXCLUDED.difficulty,
  status = EXCLUDED.status,
  updated_at = NOW();

INSERT INTO item_variants (id, item_id, version, prompt_richtext, options_json, correct_answer_json, explanation_richtext, active, created_at, updated_at)
VALUES (
  '00000002-0003-0007-0000-000000000001',
  '00000002-0003-0000-0000-000000000007',
  1,
  'What is an advantage of using two running backs in the backfield?',
  '["More blocking and run options", "Better for passing", "Confuses officials", "Required on 1st down"]',
  '{"index": 0}',
  'Two backs provide an extra blocker and create multiple run options. The defense doesn''t know which back will get the ball or if one will block.',
  true,
  NOW(),
  NOW()
) ON CONFLICT (id) DO UPDATE SET
  prompt_richtext = EXCLUDED.prompt_richtext,
  options_json = EXCLUDED.options_json,
  correct_answer_json = EXCLUDED.correct_answer_json,
  explanation_richtext = EXCLUDED.explanation_richtext,
  active = EXCLUDED.active,
  updated_at = NOW();

INSERT INTO items (id, lesson_id, type, base_prompt, answer_schema_json, difficulty, status, author_id, created_at, updated_at)
VALUES (
  '00000002-0003-0000-0000-000000000008',
  '00000002-0000-0000-0000-000000000003',
  'mcq',
  'Understand offset I-formation',
  '{"type": "mcq", "options": ["To give a better angle to the intended hole", "To confuse the defense", "It''s a penalty", "To catch passes"], "correct": 0}'::jsonb,
  3,
  'live',
  (SELECT id FROM users LIMIT 1),
  NOW(),
  NOW()
) ON CONFLICT (id) DO UPDATE SET
  type = EXCLUDED.type,
  base_prompt = EXCLUDED.base_prompt,
  answer_schema_json = EXCLUDED.answer_schema_json,
  difficulty = EXCLUDED.difficulty,
  status = EXCLUDED.status,
  updated_at = NOW();

INSERT INTO item_variants (id, item_id, version, prompt_richtext, options_json, correct_answer_json, explanation_richtext, active, created_at, updated_at)
VALUES (
  '00000002-0003-0008-0000-000000000001',
  '00000002-0003-0000-0000-000000000008',
  1,
  'In an offset I-formation, why is the tailback positioned slightly left or right?',
  '["To give a better angle to the intended hole", "To confuse the defense", "It''s a penalty", "To catch passes"]',
  '{"index": 0}',
  'Offsetting the tailback gives them a better running angle to the intended gap. It also helps disguise which direction the play is going.',
  true,
  NOW(),
  NOW()
) ON CONFLICT (id) DO UPDATE SET
  prompt_richtext = EXCLUDED.prompt_richtext,
  options_json = EXCLUDED.options_json,
  correct_answer_json = EXCLUDED.correct_answer_json,
  explanation_richtext = EXCLUDED.explanation_richtext,
  active = EXCLUDED.active,
  updated_at = NOW();

INSERT INTO items (id, lesson_id, type, base_prompt, answer_schema_json, difficulty, status, author_id, created_at, updated_at)
VALUES (
  '00000002-0003-0000-0000-000000000009',
  '00000002-0000-0000-0000-000000000003',
  'mcq',
  'Identify heavy formation',
  '{"type": "mcq", "options": ["Short yardage or goal line situations", "3rd and long", "When losing badly", "Only in the 4th quarter"], "correct": 0}'::jsonb,
  2,
  'live',
  (SELECT id FROM users LIMIT 1),
  NOW(),
  NOW()
) ON CONFLICT (id) DO UPDATE SET
  type = EXCLUDED.type,
  base_prompt = EXCLUDED.base_prompt,
  answer_schema_json = EXCLUDED.answer_schema_json,
  difficulty = EXCLUDED.difficulty,
  status = EXCLUDED.status,
  updated_at = NOW();

INSERT INTO item_variants (id, item_id, version, prompt_richtext, options_json, correct_answer_json, explanation_richtext, active, created_at, updated_at)
VALUES (
  '00000002-0003-0009-0000-000000000001',
  '00000002-0003-0000-0000-000000000009',
  1,
  'When would a team use a ''heavy'' formation with multiple tight ends?',
  '["Short yardage or goal line situations", "3rd and long", "When losing badly", "Only in the 4th quarter"]',
  '{"index": 0}',
  'Heavy formations with 2-3 tight ends are used when you need to gain just a few yards. The extra blockers overpower the defense in tight spaces.',
  true,
  NOW(),
  NOW()
) ON CONFLICT (id) DO UPDATE SET
  prompt_richtext = EXCLUDED.prompt_richtext,
  options_json = EXCLUDED.options_json,
  correct_answer_json = EXCLUDED.correct_answer_json,
  explanation_richtext = EXCLUDED.explanation_richtext,
  active = EXCLUDED.active,
  updated_at = NOW();

INSERT INTO items (id, lesson_id, type, base_prompt, answer_schema_json, difficulty, status, author_id, created_at, updated_at)
VALUES (
  '00000002-0003-0000-0000-000000000010',
  '00000002-0000-0000-0000-000000000003',
  'mcq',
  'Understand power vs finesse',
  '{"type": "mcq", "options": ["Power uses blockers to create holes, finesse uses speed and misdirection", "Power is faster", "Finesse uses more blockers", "They''re the same thing"], "correct": 0}'::jsonb,
  2,
  'live',
  (SELECT id FROM users LIMIT 1),
  NOW(),
  NOW()
) ON CONFLICT (id) DO UPDATE SET
  type = EXCLUDED.type,
  base_prompt = EXCLUDED.base_prompt,
  answer_schema_json = EXCLUDED.answer_schema_json,
  difficulty = EXCLUDED.difficulty,
  status = EXCLUDED.status,
  updated_at = NOW();

INSERT INTO item_variants (id, item_id, version, prompt_richtext, options_json, correct_answer_json, explanation_richtext, active, created_at, updated_at)
VALUES (
  '00000002-0003-0010-0000-000000000001',
  '00000002-0003-0000-0000-000000000010',
  1,
  'What''s the main difference between power and finesse running?',
  '["Power uses blockers to create holes, finesse uses speed and misdirection", "Power is faster", "Finesse uses more blockers", "They''re the same thing"]',
  '{"index": 0}',
  'Power running uses multiple blockers to physically move defenders and create holes. Finesse running uses speed, cuts, and misdirection to find openings.',
  true,
  NOW(),
  NOW()
) ON CONFLICT (id) DO UPDATE SET
  prompt_richtext = EXCLUDED.prompt_richtext,
  options_json = EXCLUDED.options_json,
  correct_answer_json = EXCLUDED.correct_answer_json,
  explanation_richtext = EXCLUDED.explanation_richtext,
  active = EXCLUDED.active,
  updated_at = NOW();

-- Module 2, Lesson 4: Personnel Packages
INSERT INTO lessons (id, module_id, title, description, order_index, est_minutes, xp_award, created_at, updated_at)
VALUES (
  '00000002-0000-0000-0000-000000000004',
  '00000000-0000-0000-0000-000000000002',
  'Personnel Packages',
  'Learn how teams use different player combinations',
  4,
  5,
  100,
  NOW(),
  NOW()
) ON CONFLICT (id) DO UPDATE SET
  title = EXCLUDED.title,
  description = EXCLUDED.description,
  order_index = EXCLUDED.order_index,
  est_minutes = EXCLUDED.est_minutes,
  xp_award = EXCLUDED.xp_award,
  updated_at = NOW();

INSERT INTO items (id, lesson_id, type, base_prompt, answer_schema_json, difficulty, status, author_id, created_at, updated_at)
VALUES (
  '00000002-0004-0000-0000-000000000001',
  '00000002-0000-0000-0000-000000000004',
  'mcq',
  'Understand personnel notation',
  '{"type": "mcq", "options": ["1 RB, 1 TE, 3 WR", "11 players on field", "1 QB, 1 RB", "11 offensive linemen"], "correct": 0}'::jsonb,
  2,
  'live',
  (SELECT id FROM users LIMIT 1),
  NOW(),
  NOW()
) ON CONFLICT (id) DO UPDATE SET
  type = EXCLUDED.type,
  base_prompt = EXCLUDED.base_prompt,
  answer_schema_json = EXCLUDED.answer_schema_json,
  difficulty = EXCLUDED.difficulty,
  status = EXCLUDED.status,
  updated_at = NOW();

INSERT INTO item_variants (id, item_id, version, prompt_richtext, options_json, correct_answer_json, explanation_richtext, active, created_at, updated_at)
VALUES (
  '00000002-0004-0001-0000-000000000001',
  '00000002-0004-0000-0000-000000000001',
  1,
  'What does ''11 personnel'' mean?',
  '["1 RB, 1 TE, 3 WR", "11 players on field", "1 QB, 1 RB", "11 offensive linemen"]',
  '{"index": 0}',
  'Personnel packages use two digits: first is number of RBs, second is number of TEs. So ''11'' = 1 RB, 1 TE (and 3 WRs to make 5 skill players).',
  true,
  NOW(),
  NOW()
) ON CONFLICT (id) DO UPDATE SET
  prompt_richtext = EXCLUDED.prompt_richtext,
  options_json = EXCLUDED.options_json,
  correct_answer_json = EXCLUDED.correct_answer_json,
  explanation_richtext = EXCLUDED.explanation_richtext,
  active = EXCLUDED.active,
  updated_at = NOW();

INSERT INTO items (id, lesson_id, type, base_prompt, answer_schema_json, difficulty, status, author_id, created_at, updated_at)
VALUES (
  '00000002-0004-0000-0000-000000000002',
  '00000002-0000-0000-0000-000000000004',
  'mcq',
  'Identify 12 personnel',
  '{"type": "mcq", "options": ["2", "1", "12", "0"], "correct": 0}'::jsonb,
  2,
  'live',
  (SELECT id FROM users LIMIT 1),
  NOW(),
  NOW()
) ON CONFLICT (id) DO UPDATE SET
  type = EXCLUDED.type,
  base_prompt = EXCLUDED.base_prompt,
  answer_schema_json = EXCLUDED.answer_schema_json,
  difficulty = EXCLUDED.difficulty,
  status = EXCLUDED.status,
  updated_at = NOW();

INSERT INTO item_variants (id, item_id, version, prompt_richtext, options_json, correct_answer_json, explanation_richtext, active, created_at, updated_at)
VALUES (
  '00000002-0004-0002-0000-000000000001',
  '00000002-0004-0000-0000-000000000002',
  1,
  'In ''12 personnel'', how many tight ends are on the field?',
  '["2", "1", "12", "0"]',
  '{"index": 0}',
  '12 personnel = 1 RB, 2 TEs (and 2 WRs). This is a balanced package that can run or pass effectively.',
  true,
  NOW(),
  NOW()
) ON CONFLICT (id) DO UPDATE SET
  prompt_richtext = EXCLUDED.prompt_richtext,
  options_json = EXCLUDED.options_json,
  correct_answer_json = EXCLUDED.correct_answer_json,
  explanation_richtext = EXCLUDED.explanation_richtext,
  active = EXCLUDED.active,
  updated_at = NOW();

INSERT INTO items (id, lesson_id, type, base_prompt, answer_schema_json, difficulty, status, author_id, created_at, updated_at)
VALUES (
  '00000002-0004-0000-0000-000000000003',
  '00000002-0000-0000-0000-000000000004',
  'mcq',
  'Identify 10 personnel',
  '{"type": "mcq", "options": ["1 RB, 0 TE, 4 WR", "10 players on field", "0 RB, 1 TE", "10 offensive linemen"], "correct": 0}'::jsonb,
  2,
  'live',
  (SELECT id FROM users LIMIT 1),
  NOW(),
  NOW()
) ON CONFLICT (id) DO UPDATE SET
  type = EXCLUDED.type,
  base_prompt = EXCLUDED.base_prompt,
  answer_schema_json = EXCLUDED.answer_schema_json,
  difficulty = EXCLUDED.difficulty,
  status = EXCLUDED.status,
  updated_at = NOW();

INSERT INTO item_variants (id, item_id, version, prompt_richtext, options_json, correct_answer_json, explanation_richtext, active, created_at, updated_at)
VALUES (
  '00000002-0004-0003-0000-000000000001',
  '00000002-0004-0000-0000-000000000003',
  1,
  'What does ''10 personnel'' tell you about the formation?',
  '["1 RB, 0 TE, 4 WR", "10 players on field", "0 RB, 1 TE", "10 offensive linemen"]',
  '{"index": 0}',
  '10 personnel = 1 RB, 0 TEs, which means 4 WRs. This is a spread passing package with maximum receiving threats.',
  true,
  NOW(),
  NOW()
) ON CONFLICT (id) DO UPDATE SET
  prompt_richtext = EXCLUDED.prompt_richtext,
  options_json = EXCLUDED.options_json,
  correct_answer_json = EXCLUDED.correct_answer_json,
  explanation_richtext = EXCLUDED.explanation_richtext,
  active = EXCLUDED.active,
  updated_at = NOW();

INSERT INTO items (id, lesson_id, type, base_prompt, answer_schema_json, difficulty, status, author_id, created_at, updated_at)
VALUES (
  '00000002-0004-0000-0000-000000000004',
  '00000002-0000-0000-0000-000000000004',
  'mcq',
  'Understand 21 personnel',
  '{"type": "mcq", "options": ["Balanced run/pass situations", "Only passing downs", "Only running downs", "Goal line only"], "correct": 0}'::jsonb,
  2,
  'live',
  (SELECT id FROM users LIMIT 1),
  NOW(),
  NOW()
) ON CONFLICT (id) DO UPDATE SET
  type = EXCLUDED.type,
  base_prompt = EXCLUDED.base_prompt,
  answer_schema_json = EXCLUDED.answer_schema_json,
  difficulty = EXCLUDED.difficulty,
  status = EXCLUDED.status,
  updated_at = NOW();

INSERT INTO item_variants (id, item_id, version, prompt_richtext, options_json, correct_answer_json, explanation_richtext, active, created_at, updated_at)
VALUES (
  '00000002-0004-0004-0000-000000000001',
  '00000002-0004-0000-0000-000000000004',
  1,
  'When would a team use ''21 personnel''?',
  '["Balanced run/pass situations", "Only passing downs", "Only running downs", "Goal line only"]',
  '{"index": 0}',
  '21 personnel (2 RB, 1 TE) is versatile. The extra RB can block, run, or catch passes. It doesn''t tip off run or pass.',
  true,
  NOW(),
  NOW()
) ON CONFLICT (id) DO UPDATE SET
  prompt_richtext = EXCLUDED.prompt_richtext,
  options_json = EXCLUDED.options_json,
  correct_answer_json = EXCLUDED.correct_answer_json,
  explanation_richtext = EXCLUDED.explanation_richtext,
  active = EXCLUDED.active,
  updated_at = NOW();

INSERT INTO items (id, lesson_id, type, base_prompt, answer_schema_json, difficulty, status, author_id, created_at, updated_at)
VALUES (
  '00000002-0004-0000-0000-000000000005',
  '00000002-0000-0000-0000-000000000004',
  'mcq',
  'Identify heavy personnel',
  '{"type": "mcq", "options": ["Short yardage and power running", "Deep passing", "Spread offense", "Trick plays"], "correct": 0}'::jsonb,
  3,
  'live',
  (SELECT id FROM users LIMIT 1),
  NOW(),
  NOW()
) ON CONFLICT (id) DO UPDATE SET
  type = EXCLUDED.type,
  base_prompt = EXCLUDED.base_prompt,
  answer_schema_json = EXCLUDED.answer_schema_json,
  difficulty = EXCLUDED.difficulty,
  status = EXCLUDED.status,
  updated_at = NOW();

INSERT INTO item_variants (id, item_id, version, prompt_richtext, options_json, correct_answer_json, explanation_richtext, active, created_at, updated_at)
VALUES (
  '00000002-0004-0005-0000-000000000001',
  '00000002-0004-0000-0000-000000000005',
  1,
  'What is ''13 personnel'' best used for?',
  '["Short yardage and power running", "Deep passing", "Spread offense", "Trick plays"]',
  '{"index": 0}',
  '13 personnel (1 RB, 3 TEs) is a heavy package with lots of blockers. It''s ideal for power running in short-yardage situations.',
  true,
  NOW(),
  NOW()
) ON CONFLICT (id) DO UPDATE SET
  prompt_richtext = EXCLUDED.prompt_richtext,
  options_json = EXCLUDED.options_json,
  correct_answer_json = EXCLUDED.correct_answer_json,
  explanation_richtext = EXCLUDED.explanation_richtext,
  active = EXCLUDED.active,
  updated_at = NOW();

INSERT INTO items (id, lesson_id, type, base_prompt, answer_schema_json, difficulty, status, author_id, created_at, updated_at)
VALUES (
  '00000002-0004-0000-0000-000000000006',
  '00000002-0000-0000-0000-000000000004',
  'mcq',
  'Understand 00 personnel',
  '{"type": "mcq", "options": ["0 RB, 0 TE, 5 WR", "No players on field", "0 points scored", "0 yards gained"], "correct": 0}'::jsonb,
  3,
  'live',
  (SELECT id FROM users LIMIT 1),
  NOW(),
  NOW()
) ON CONFLICT (id) DO UPDATE SET
  type = EXCLUDED.type,
  base_prompt = EXCLUDED.base_prompt,
  answer_schema_json = EXCLUDED.answer_schema_json,
  difficulty = EXCLUDED.difficulty,
  status = EXCLUDED.status,
  updated_at = NOW();

INSERT INTO item_variants (id, item_id, version, prompt_richtext, options_json, correct_answer_json, explanation_richtext, active, created_at, updated_at)
VALUES (
  '00000002-0004-0006-0000-000000000001',
  '00000002-0004-0000-0000-000000000006',
  1,
  'What does ''00 personnel'' (or ''empty'') mean?',
  '["0 RB, 0 TE, 5 WR", "No players on field", "0 points scored", "0 yards gained"]',
  '{"index": 0}',
  '00 or ''empty'' personnel has no RBs or TEs - just 5 wide receivers. This is maximum spread for obvious passing situations.',
  true,
  NOW(),
  NOW()
) ON CONFLICT (id) DO UPDATE SET
  prompt_richtext = EXCLUDED.prompt_richtext,
  options_json = EXCLUDED.options_json,
  correct_answer_json = EXCLUDED.correct_answer_json,
  explanation_richtext = EXCLUDED.explanation_richtext,
  active = EXCLUDED.active,
  updated_at = NOW();

INSERT INTO items (id, lesson_id, type, base_prompt, answer_schema_json, difficulty, status, author_id, created_at, updated_at)
VALUES (
  '00000002-0004-0000-0000-000000000007',
  '00000002-0000-0000-0000-000000000004',
  'mcq',
  'Identify nickel defense response',
  '{"type": "mcq", "options": ["Go to nickel defense (5 DBs)", "Add more linebackers", "Use goal line defense", "Nothing changes"], "correct": 0}'::jsonb,
  3,
  'live',
  (SELECT id FROM users LIMIT 1),
  NOW(),
  NOW()
) ON CONFLICT (id) DO UPDATE SET
  type = EXCLUDED.type,
  base_prompt = EXCLUDED.base_prompt,
  answer_schema_json = EXCLUDED.answer_schema_json,
  difficulty = EXCLUDED.difficulty,
  status = EXCLUDED.status,
  updated_at = NOW();

INSERT INTO item_variants (id, item_id, version, prompt_richtext, options_json, correct_answer_json, explanation_richtext, active, created_at, updated_at)
VALUES (
  '00000002-0004-0007-0000-000000000001',
  '00000002-0004-0000-0000-000000000007',
  1,
  'When the offense uses 11 personnel (3 WR), what does the defense typically do?',
  '["Go to nickel defense (5 DBs)", "Add more linebackers", "Use goal line defense", "Nothing changes"]',
  '{"index": 0}',
  'Against 3+ WRs, defenses typically use nickel (5 DBs) to match speed. They replace a linebacker with an extra defensive back.',
  true,
  NOW(),
  NOW()
) ON CONFLICT (id) DO UPDATE SET
  prompt_richtext = EXCLUDED.prompt_richtext,
  options_json = EXCLUDED.options_json,
  correct_answer_json = EXCLUDED.correct_answer_json,
  explanation_richtext = EXCLUDED.explanation_richtext,
  active = EXCLUDED.active,
  updated_at = NOW();

INSERT INTO items (id, lesson_id, type, base_prompt, answer_schema_json, difficulty, status, author_id, created_at, updated_at)
VALUES (
  '00000002-0004-0000-0000-000000000008',
  '00000002-0000-0000-0000-000000000004',
  'mcq',
  'Understand personnel advantage',
  '{"type": "mcq", "options": ["To create favorable matchups", "Because it''s required", "To rest players", "To waste time"], "correct": 0}'::jsonb,
  2,
  'live',
  (SELECT id FROM users LIMIT 1),
  NOW(),
  NOW()
) ON CONFLICT (id) DO UPDATE SET
  type = EXCLUDED.type,
  base_prompt = EXCLUDED.base_prompt,
  answer_schema_json = EXCLUDED.answer_schema_json,
  difficulty = EXCLUDED.difficulty,
  status = EXCLUDED.status,
  updated_at = NOW();

INSERT INTO item_variants (id, item_id, version, prompt_richtext, options_json, correct_answer_json, explanation_richtext, active, created_at, updated_at)
VALUES (
  '00000002-0004-0008-0000-000000000001',
  '00000002-0004-0000-0000-000000000008',
  1,
  'Why do offenses substitute personnel packages?',
  '["To create favorable matchups", "Because it''s required", "To rest players", "To waste time"]',
  '{"index": 0}',
  'Different personnel creates different matchups. For example, 4 WRs forces the defense to use smaller, faster players - which can help the running game.',
  true,
  NOW(),
  NOW()
) ON CONFLICT (id) DO UPDATE SET
  prompt_richtext = EXCLUDED.prompt_richtext,
  options_json = EXCLUDED.options_json,
  correct_answer_json = EXCLUDED.correct_answer_json,
  explanation_richtext = EXCLUDED.explanation_richtext,
  active = EXCLUDED.active,
  updated_at = NOW();

INSERT INTO items (id, lesson_id, type, base_prompt, answer_schema_json, difficulty, status, author_id, created_at, updated_at)
VALUES (
  '00000002-0004-0000-0000-000000000009',
  '00000002-0000-0000-0000-000000000004',
  'mcq',
  'Identify 22 personnel',
  '{"type": "mcq", "options": ["Power running", "Deep passing", "Trick plays", "Field goals"], "correct": 0}'::jsonb,
  2,
  'live',
  (SELECT id FROM users LIMIT 1),
  NOW(),
  NOW()
) ON CONFLICT (id) DO UPDATE SET
  type = EXCLUDED.type,
  base_prompt = EXCLUDED.base_prompt,
  answer_schema_json = EXCLUDED.answer_schema_json,
  difficulty = EXCLUDED.difficulty,
  status = EXCLUDED.status,
  updated_at = NOW();

INSERT INTO item_variants (id, item_id, version, prompt_richtext, options_json, correct_answer_json, explanation_richtext, active, created_at, updated_at)
VALUES (
  '00000002-0004-0009-0000-000000000001',
  '00000002-0004-0000-0000-000000000009',
  1,
  'What type of plays is ''22 personnel'' (2 RB, 2 TE) typically used for?',
  '["Power running", "Deep passing", "Trick plays", "Field goals"]',
  '{"index": 0}',
  '22 personnel is a heavy, run-oriented package. With 2 RBs and 2 TEs, you have multiple blockers and power running options.',
  true,
  NOW(),
  NOW()
) ON CONFLICT (id) DO UPDATE SET
  prompt_richtext = EXCLUDED.prompt_richtext,
  options_json = EXCLUDED.options_json,
  correct_answer_json = EXCLUDED.correct_answer_json,
  explanation_richtext = EXCLUDED.explanation_richtext,
  active = EXCLUDED.active,
  updated_at = NOW();

INSERT INTO items (id, lesson_id, type, base_prompt, answer_schema_json, difficulty, status, author_id, created_at, updated_at)
VALUES (
  '00000002-0004-0000-0000-000000000010',
  '00000002-0000-0000-0000-000000000004',
  'mcq',
  'Understand substitution strategy',
  '{"type": "mcq", "options": ["To prevent the defense from substituting", "To save time", "Because they''re losing", "It''s required by rules"], "correct": 0}'::jsonb,
  3,
  'live',
  (SELECT id FROM users LIMIT 1),
  NOW(),
  NOW()
) ON CONFLICT (id) DO UPDATE SET
  type = EXCLUDED.type,
  base_prompt = EXCLUDED.base_prompt,
  answer_schema_json = EXCLUDED.answer_schema_json,
  difficulty = EXCLUDED.difficulty,
  status = EXCLUDED.status,
  updated_at = NOW();

INSERT INTO item_variants (id, item_id, version, prompt_richtext, options_json, correct_answer_json, explanation_richtext, active, created_at, updated_at)
VALUES (
  '00000002-0004-0010-0000-000000000001',
  '00000002-0004-0000-0000-000000000010',
  1,
  'Why might an offense hurry to the line after substituting personnel?',
  '["To prevent the defense from substituting", "To save time", "Because they''re losing", "It''s required by rules"]',
  '{"index": 0}',
  'If the offense substitutes and hurries to the line, the defense doesn''t have time to substitute. This can create mismatches (e.g., LBs covering WRs).',
  true,
  NOW(),
  NOW()
) ON CONFLICT (id) DO UPDATE SET
  prompt_richtext = EXCLUDED.prompt_richtext,
  options_json = EXCLUDED.options_json,
  correct_answer_json = EXCLUDED.correct_answer_json,
  explanation_richtext = EXCLUDED.explanation_richtext,
  active = EXCLUDED.active,
  updated_at = NOW();

-- Module 2, Lesson 5: Basic Route Concepts
INSERT INTO lessons (id, module_id, title, description, order_index, est_minutes, xp_award, created_at, updated_at)
VALUES (
  '00000002-0000-0000-0000-000000000005',
  '00000000-0000-0000-0000-000000000002',
  'Basic Route Concepts',
  'Learn the fundamental passing routes receivers run',
  5,
  5,
  100,
  NOW(),
  NOW()
) ON CONFLICT (id) DO UPDATE SET
  title = EXCLUDED.title,
  description = EXCLUDED.description,
  order_index = EXCLUDED.order_index,
  est_minutes = EXCLUDED.est_minutes,
  xp_award = EXCLUDED.xp_award,
  updated_at = NOW();

INSERT INTO items (id, lesson_id, type, base_prompt, answer_schema_json, difficulty, status, author_id, created_at, updated_at)
VALUES (
  '00000002-0005-0000-0000-000000000001',
  '00000002-0000-0000-0000-000000000005',
  'mcq',
  'Identify go route',
  '{"type": "mcq", "options": ["Receiver runs straight downfield", "Receiver runs across the field", "Receiver runs backward", "Receiver stays at the line"], "correct": 0}'::jsonb,
  2,
  'live',
  (SELECT id FROM users LIMIT 1),
  NOW(),
  NOW()
) ON CONFLICT (id) DO UPDATE SET
  type = EXCLUDED.type,
  base_prompt = EXCLUDED.base_prompt,
  answer_schema_json = EXCLUDED.answer_schema_json,
  difficulty = EXCLUDED.difficulty,
  status = EXCLUDED.status,
  updated_at = NOW();

INSERT INTO item_variants (id, item_id, version, prompt_richtext, options_json, correct_answer_json, explanation_richtext, active, created_at, updated_at)
VALUES (
  '00000002-0005-0001-0000-000000000001',
  '00000002-0005-0000-0000-000000000001',
  1,
  'What is a ''Go'' or ''Fly'' route?',
  '["Receiver runs straight downfield", "Receiver runs across the field", "Receiver runs backward", "Receiver stays at the line"]',
  '{"index": 0}',
  'A Go route (also called Fly, Streak, or 9 route) is when the receiver runs straight downfield as fast as possible. It''s used to attack deep coverage.',
  true,
  NOW(),
  NOW()
) ON CONFLICT (id) DO UPDATE SET
  prompt_richtext = EXCLUDED.prompt_richtext,
  options_json = EXCLUDED.options_json,
  correct_answer_json = EXCLUDED.correct_answer_json,
  explanation_richtext = EXCLUDED.explanation_richtext,
  active = EXCLUDED.active,
  updated_at = NOW();

INSERT INTO items (id, lesson_id, type, base_prompt, answer_schema_json, difficulty, status, author_id, created_at, updated_at)
VALUES (
  '00000002-0005-0000-0000-000000000002',
  '00000002-0000-0000-0000-000000000005',
  'mcq',
  'Identify slant route',
  '{"type": "mcq", "options": ["Diagonally toward the middle of the field", "Straight downfield", "Toward the sideline", "Backward"], "correct": 0}'::jsonb,
  2,
  'live',
  (SELECT id FROM users LIMIT 1),
  NOW(),
  NOW()
) ON CONFLICT (id) DO UPDATE SET
  type = EXCLUDED.type,
  base_prompt = EXCLUDED.base_prompt,
  answer_schema_json = EXCLUDED.answer_schema_json,
  difficulty = EXCLUDED.difficulty,
  status = EXCLUDED.status,
  updated_at = NOW();

INSERT INTO item_variants (id, item_id, version, prompt_richtext, options_json, correct_answer_json, explanation_richtext, active, created_at, updated_at)
VALUES (
  '00000002-0005-0002-0000-000000000001',
  '00000002-0005-0000-0000-000000000002',
  1,
  'In a slant route, which direction does the receiver cut?',
  '["Diagonally toward the middle of the field", "Straight downfield", "Toward the sideline", "Backward"]',
  '{"index": 0}',
  'A slant route has the receiver take 2-3 steps forward then cut sharply toward the middle. It''s a quick, timing-based route.',
  true,
  NOW(),
  NOW()
) ON CONFLICT (id) DO UPDATE SET
  prompt_richtext = EXCLUDED.prompt_richtext,
  options_json = EXCLUDED.options_json,
  correct_answer_json = EXCLUDED.correct_answer_json,
  explanation_richtext = EXCLUDED.explanation_richtext,
  active = EXCLUDED.active,
  updated_at = NOW();

INSERT INTO items (id, lesson_id, type, base_prompt, answer_schema_json, difficulty, status, author_id, created_at, updated_at)
VALUES (
  '00000002-0005-0000-0000-000000000003',
  '00000002-0000-0000-0000-000000000005',
  'mcq',
  'Identify out route',
  '{"type": "mcq", "options": ["Receiver runs downfield then cuts toward sideline", "Receiver runs out of bounds", "Receiver leaves the game", "Receiver runs straight"], "correct": 0}'::jsonb,
  2,
  'live',
  (SELECT id FROM users LIMIT 1),
  NOW(),
  NOW()
) ON CONFLICT (id) DO UPDATE SET
  type = EXCLUDED.type,
  base_prompt = EXCLUDED.base_prompt,
  answer_schema_json = EXCLUDED.answer_schema_json,
  difficulty = EXCLUDED.difficulty,
  status = EXCLUDED.status,
  updated_at = NOW();

INSERT INTO item_variants (id, item_id, version, prompt_richtext, options_json, correct_answer_json, explanation_richtext, active, created_at, updated_at)
VALUES (
  '00000002-0005-0003-0000-000000000001',
  '00000002-0005-0000-0000-000000000003',
  1,
  'What is an ''Out'' route?',
  '["Receiver runs downfield then cuts toward sideline", "Receiver runs out of bounds", "Receiver leaves the game", "Receiver runs straight"]',
  '{"index": 0}',
  'An Out route (or Out-breaking route) has the receiver run 5-15 yards downfield then make a sharp 90-degree cut toward the sideline.',
  true,
  NOW(),
  NOW()
) ON CONFLICT (id) DO UPDATE SET
  prompt_richtext = EXCLUDED.prompt_richtext,
  options_json = EXCLUDED.options_json,
  correct_answer_json = EXCLUDED.correct_answer_json,
  explanation_richtext = EXCLUDED.explanation_richtext,
  active = EXCLUDED.active,
  updated_at = NOW();

INSERT INTO items (id, lesson_id, type, base_prompt, answer_schema_json, difficulty, status, author_id, created_at, updated_at)
VALUES (
  '00000002-0005-0000-0000-000000000004',
  '00000002-0000-0000-0000-000000000005',
  'mcq',
  'Identify curl route',
  '{"type": "mcq", "options": ["Turn back toward the QB", "Keep running straight", "Run to the sideline", "Block a defender"], "correct": 0}'::jsonb,
  2,
  'live',
  (SELECT id FROM users LIMIT 1),
  NOW(),
  NOW()
) ON CONFLICT (id) DO UPDATE SET
  type = EXCLUDED.type,
  base_prompt = EXCLUDED.base_prompt,
  answer_schema_json = EXCLUDED.answer_schema_json,
  difficulty = EXCLUDED.difficulty,
  status = EXCLUDED.status,
  updated_at = NOW();

INSERT INTO item_variants (id, item_id, version, prompt_richtext, options_json, correct_answer_json, explanation_richtext, active, created_at, updated_at)
VALUES (
  '00000002-0005-0004-0000-000000000001',
  '00000002-0005-0000-0000-000000000004',
  1,
  'In a curl route, what does the receiver do after running downfield?',
  '["Turn back toward the QB", "Keep running straight", "Run to the sideline", "Block a defender"]',
  '{"index": 0}',
  'A curl (or comeback) route has the receiver run 10-15 yards downfield, then turn back toward the QB. It''s effective against off coverage.',
  true,
  NOW(),
  NOW()
) ON CONFLICT (id) DO UPDATE SET
  prompt_richtext = EXCLUDED.prompt_richtext,
  options_json = EXCLUDED.options_json,
  correct_answer_json = EXCLUDED.correct_answer_json,
  explanation_richtext = EXCLUDED.explanation_richtext,
  active = EXCLUDED.active,
  updated_at = NOW();

INSERT INTO items (id, lesson_id, type, base_prompt, answer_schema_json, difficulty, status, author_id, created_at, updated_at)
VALUES (
  '00000002-0005-0000-0000-000000000005',
  '00000002-0000-0000-0000-000000000005',
  'mcq',
  'Identify post route',
  '{"type": "mcq", "options": ["Receiver runs downfield then cuts toward the goal post", "Receiver runs to the sideline", "Receiver blocks", "Receiver runs backward"], "correct": 0}'::jsonb,
  2,
  'live',
  (SELECT id FROM users LIMIT 1),
  NOW(),
  NOW()
) ON CONFLICT (id) DO UPDATE SET
  type = EXCLUDED.type,
  base_prompt = EXCLUDED.base_prompt,
  answer_schema_json = EXCLUDED.answer_schema_json,
  difficulty = EXCLUDED.difficulty,
  status = EXCLUDED.status,
  updated_at = NOW();

INSERT INTO item_variants (id, item_id, version, prompt_richtext, options_json, correct_answer_json, explanation_richtext, active, created_at, updated_at)
VALUES (
  '00000002-0005-0005-0000-000000000001',
  '00000002-0005-0000-0000-000000000005',
  1,
  'What is a ''Post'' route?',
  '["Receiver runs downfield then cuts toward the goal post", "Receiver runs to the sideline", "Receiver blocks", "Receiver runs backward"]',
  '{"index": 0}',
  'A Post route has the receiver run 10-15 yards then cut at a 45-degree angle toward the middle (toward the goal post). It attacks deep middle coverage.',
  true,
  NOW(),
  NOW()
) ON CONFLICT (id) DO UPDATE SET
  prompt_richtext = EXCLUDED.prompt_richtext,
  options_json = EXCLUDED.options_json,
  correct_answer_json = EXCLUDED.correct_answer_json,
  explanation_richtext = EXCLUDED.explanation_richtext,
  active = EXCLUDED.active,
  updated_at = NOW();

INSERT INTO items (id, lesson_id, type, base_prompt, answer_schema_json, difficulty, status, author_id, created_at, updated_at)
VALUES (
  '00000002-0005-0000-0000-000000000006',
  '00000002-0000-0000-0000-000000000005',
  'mcq',
  'Identify corner route',
  '{"type": "mcq", "options": ["Cuts toward the corner of the end zone instead of middle", "It''s shorter", "It''s faster", "There is no difference"], "correct": 0}'::jsonb,
  2,
  'live',
  (SELECT id FROM users LIMIT 1),
  NOW(),
  NOW()
) ON CONFLICT (id) DO UPDATE SET
  type = EXCLUDED.type,
  base_prompt = EXCLUDED.base_prompt,
  answer_schema_json = EXCLUDED.answer_schema_json,
  difficulty = EXCLUDED.difficulty,
  status = EXCLUDED.status,
  updated_at = NOW();

INSERT INTO item_variants (id, item_id, version, prompt_richtext, options_json, correct_answer_json, explanation_richtext, active, created_at, updated_at)
VALUES (
  '00000002-0005-0006-0000-000000000001',
  '00000002-0005-0000-0000-000000000006',
  1,
  'How does a corner route differ from a post route?',
  '["Cuts toward the corner of the end zone instead of middle", "It''s shorter", "It''s faster", "There is no difference"]',
  '{"index": 0}',
  'A corner route cuts toward the corner of the end zone (outside) while a post cuts toward the middle. Both are deep routes but attack different areas.',
  true,
  NOW(),
  NOW()
) ON CONFLICT (id) DO UPDATE SET
  prompt_richtext = EXCLUDED.prompt_richtext,
  options_json = EXCLUDED.options_json,
  correct_answer_json = EXCLUDED.correct_answer_json,
  explanation_richtext = EXCLUDED.explanation_richtext,
  active = EXCLUDED.active,
  updated_at = NOW();

INSERT INTO items (id, lesson_id, type, base_prompt, answer_schema_json, difficulty, status, author_id, created_at, updated_at)
VALUES (
  '00000002-0005-0000-0000-000000000007',
  '00000002-0000-0000-0000-000000000005',
  'mcq',
  'Identify hitch route',
  '{"type": "mcq", "options": ["Receiver runs 5-7 yards and stops", "Receiver runs full speed downfield", "Receiver runs across the field", "Receiver blocks"], "correct": 0}'::jsonb,
  2,
  'live',
  (SELECT id FROM users LIMIT 1),
  NOW(),
  NOW()
) ON CONFLICT (id) DO UPDATE SET
  type = EXCLUDED.type,
  base_prompt = EXCLUDED.base_prompt,
  answer_schema_json = EXCLUDED.answer_schema_json,
  difficulty = EXCLUDED.difficulty,
  status = EXCLUDED.status,
  updated_at = NOW();

INSERT INTO item_variants (id, item_id, version, prompt_richtext, options_json, correct_answer_json, explanation_richtext, active, created_at, updated_at)
VALUES (
  '00000002-0005-0007-0000-000000000001',
  '00000002-0005-0000-0000-000000000007',
  1,
  'What is a ''Hitch'' or ''Stop'' route?',
  '["Receiver runs 5-7 yards and stops", "Receiver runs full speed downfield", "Receiver runs across the field", "Receiver blocks"]',
  '{"index": 0}',
  'A hitch route is a quick route where the receiver runs 5-7 yards, plants, and turns back to the QB. It''s used to get the ball out quickly.',
  true,
  NOW(),
  NOW()
) ON CONFLICT (id) DO UPDATE SET
  prompt_richtext = EXCLUDED.prompt_richtext,
  options_json = EXCLUDED.options_json,
  correct_answer_json = EXCLUDED.correct_answer_json,
  explanation_richtext = EXCLUDED.explanation_richtext,
  active = EXCLUDED.active,
  updated_at = NOW();

INSERT INTO items (id, lesson_id, type, base_prompt, answer_schema_json, difficulty, status, author_id, created_at, updated_at)
VALUES (
  '00000002-0005-0000-0000-000000000008',
  '00000002-0000-0000-0000-000000000005',
  'mcq',
  'Identify drag route',
  '{"type": "mcq", "options": ["Receiver runs across the field horizontally", "Receiver runs straight downfield", "Receiver runs to sideline", "Receiver blocks"], "correct": 0}'::jsonb,
  3,
  'live',
  (SELECT id FROM users LIMIT 1),
  NOW(),
  NOW()
) ON CONFLICT (id) DO UPDATE SET
  type = EXCLUDED.type,
  base_prompt = EXCLUDED.base_prompt,
  answer_schema_json = EXCLUDED.answer_schema_json,
  difficulty = EXCLUDED.difficulty,
  status = EXCLUDED.status,
  updated_at = NOW();

INSERT INTO item_variants (id, item_id, version, prompt_richtext, options_json, correct_answer_json, explanation_richtext, active, created_at, updated_at)
VALUES (
  '00000002-0005-0008-0000-000000000001',
  '00000002-0005-0000-0000-000000000008',
  1,
  'What is a ''Drag'' or ''In'' route?',
  '["Receiver runs across the field horizontally", "Receiver runs straight downfield", "Receiver runs to sideline", "Receiver blocks"]',
  '{"index": 0}',
  'A drag route has the receiver run parallel to the line of scrimmage across the middle of the field. It''s effective against zone coverage.',
  true,
  NOW(),
  NOW()
) ON CONFLICT (id) DO UPDATE SET
  prompt_richtext = EXCLUDED.prompt_richtext,
  options_json = EXCLUDED.options_json,
  correct_answer_json = EXCLUDED.correct_answer_json,
  explanation_richtext = EXCLUDED.explanation_richtext,
  active = EXCLUDED.active,
  updated_at = NOW();

INSERT INTO items (id, lesson_id, type, base_prompt, answer_schema_json, difficulty, status, author_id, created_at, updated_at)
VALUES (
  '00000002-0005-0000-0000-000000000009',
  '00000002-0000-0000-0000-000000000005',
  'mcq',
  'Understand route depth',
  '{"type": "mcq", "options": ["How many yards downfield the receiver runs", "How fast the receiver runs", "How many receivers run routes", "The QB''s arm strength"], "correct": 0}'::jsonb,
  2,
  'live',
  (SELECT id FROM users LIMIT 1),
  NOW(),
  NOW()
) ON CONFLICT (id) DO UPDATE SET
  type = EXCLUDED.type,
  base_prompt = EXCLUDED.base_prompt,
  answer_schema_json = EXCLUDED.answer_schema_json,
  difficulty = EXCLUDED.difficulty,
  status = EXCLUDED.status,
  updated_at = NOW();

INSERT INTO item_variants (id, item_id, version, prompt_richtext, options_json, correct_answer_json, explanation_richtext, active, created_at, updated_at)
VALUES (
  '00000002-0005-0009-0000-000000000001',
  '00000002-0005-0000-0000-000000000009',
  1,
  'What does ''route depth'' refer to?',
  '["How many yards downfield the receiver runs", "How fast the receiver runs", "How many receivers run routes", "The QB''s arm strength"]',
  '{"index": 0}',
  'Route depth is how far downfield the receiver runs before making their cut or catching the ball. Different routes have different depths.',
  true,
  NOW(),
  NOW()
) ON CONFLICT (id) DO UPDATE SET
  prompt_richtext = EXCLUDED.prompt_richtext,
  options_json = EXCLUDED.options_json,
  correct_answer_json = EXCLUDED.correct_answer_json,
  explanation_richtext = EXCLUDED.explanation_richtext,
  active = EXCLUDED.active,
  updated_at = NOW();

INSERT INTO items (id, lesson_id, type, base_prompt, answer_schema_json, difficulty, status, author_id, created_at, updated_at)
VALUES (
  '00000002-0005-0000-0000-000000000010',
  '00000002-0000-0000-0000-000000000005',
  'mcq',
  'Identify route tree',
  '{"type": "mcq", "options": ["A numbered system for all possible routes", "A diagram of the field", "A type of formation", "A blocking scheme"], "correct": 0}'::jsonb,
  3,
  'live',
  (SELECT id FROM users LIMIT 1),
  NOW(),
  NOW()
) ON CONFLICT (id) DO UPDATE SET
  type = EXCLUDED.type,
  base_prompt = EXCLUDED.base_prompt,
  answer_schema_json = EXCLUDED.answer_schema_json,
  difficulty = EXCLUDED.difficulty,
  status = EXCLUDED.status,
  updated_at = NOW();

INSERT INTO item_variants (id, item_id, version, prompt_richtext, options_json, correct_answer_json, explanation_richtext, active, created_at, updated_at)
VALUES (
  '00000002-0005-0010-0000-000000000001',
  '00000002-0005-0000-0000-000000000010',
  1,
  'What is a ''route tree''?',
  '["A numbered system for all possible routes", "A diagram of the field", "A type of formation", "A blocking scheme"]',
  '{"index": 0}',
  'The route tree is a numbering system (0-9) that represents different routes. For example, 9 is a Go route, 5 is an Out route. It helps QBs and receivers communicate.',
  true,
  NOW(),
  NOW()
) ON CONFLICT (id) DO UPDATE SET
  prompt_richtext = EXCLUDED.prompt_richtext,
  options_json = EXCLUDED.options_json,
  correct_answer_json = EXCLUDED.correct_answer_json,
  explanation_richtext = EXCLUDED.explanation_richtext,
  active = EXCLUDED.active,
  updated_at = NOW();

-- Module 2, Lesson 6: Route Combinations
INSERT INTO lessons (id, module_id, title, description, order_index, est_minutes, xp_award, created_at, updated_at)
VALUES (
  '00000002-0000-0000-0000-000000000006',
  '00000000-0000-0000-0000-000000000002',
  'Route Combinations',
  'Learn how routes work together to attack defenses',
  6,
  5,
  100,
  NOW(),
  NOW()
) ON CONFLICT (id) DO UPDATE SET
  title = EXCLUDED.title,
  description = EXCLUDED.description,
  order_index = EXCLUDED.order_index,
  est_minutes = EXCLUDED.est_minutes,
  xp_award = EXCLUDED.xp_award,
  updated_at = NOW();

INSERT INTO items (id, lesson_id, type, base_prompt, answer_schema_json, difficulty, status, author_id, created_at, updated_at)
VALUES (
  '00000002-0006-0000-0000-000000000001',
  '00000002-0000-0000-0000-000000000006',
  'mcq',
  'Understand route concepts',
  '{"type": "mcq", "options": ["Multiple routes designed to work together", "A single receiver''s route", "A running play", "A defensive scheme"], "correct": 0}'::jsonb,
  3,
  'live',
  (SELECT id FROM users LIMIT 1),
  NOW(),
  NOW()
) ON CONFLICT (id) DO UPDATE SET
  type = EXCLUDED.type,
  base_prompt = EXCLUDED.base_prompt,
  answer_schema_json = EXCLUDED.answer_schema_json,
  difficulty = EXCLUDED.difficulty,
  status = EXCLUDED.status,
  updated_at = NOW();

INSERT INTO item_variants (id, item_id, version, prompt_richtext, options_json, correct_answer_json, explanation_richtext, active, created_at, updated_at)
VALUES (
  '00000002-0006-0001-0000-000000000001',
  '00000002-0006-0000-0000-000000000001',
  1,
  'What is a ''route concept''?',
  '["Multiple routes designed to work together", "A single receiver''s route", "A running play", "A defensive scheme"]',
  '{"index": 0}',
  'A route concept is a combination of routes designed to attack specific defensive coverages. Receivers run complementary routes that create natural throwing windows.',
  true,
  NOW(),
  NOW()
) ON CONFLICT (id) DO UPDATE SET
  prompt_richtext = EXCLUDED.prompt_richtext,
  options_json = EXCLUDED.options_json,
  correct_answer_json = EXCLUDED.correct_answer_json,
  explanation_richtext = EXCLUDED.explanation_richtext,
  active = EXCLUDED.active,
  updated_at = NOW();

INSERT INTO items (id, lesson_id, type, base_prompt, answer_schema_json, difficulty, status, author_id, created_at, updated_at)
VALUES (
  '00000002-0006-0000-0000-000000000002',
  '00000002-0000-0000-0000-000000000006',
  'mcq',
  'Identify mesh concept',
  '{"type": "mcq", "options": ["Two receivers cross paths underneath", "All receivers run deep", "Receivers run to the sideline", "A running play"], "correct": 0}'::jsonb,
  3,
  'live',
  (SELECT id FROM users LIMIT 1),
  NOW(),
  NOW()
) ON CONFLICT (id) DO UPDATE SET
  type = EXCLUDED.type,
  base_prompt = EXCLUDED.base_prompt,
  answer_schema_json = EXCLUDED.answer_schema_json,
  difficulty = EXCLUDED.difficulty,
  status = EXCLUDED.status,
  updated_at = NOW();

INSERT INTO item_variants (id, item_id, version, prompt_richtext, options_json, correct_answer_json, explanation_richtext, active, created_at, updated_at)
VALUES (
  '00000002-0006-0002-0000-000000000001',
  '00000002-0006-0000-0000-000000000002',
  1,
  'What is the ''Mesh'' concept?',
  '["Two receivers cross paths underneath", "All receivers run deep", "Receivers run to the sideline", "A running play"]',
  '{"index": 0}',
  'Mesh has two receivers run crossing routes at the same depth, creating a natural ''pick'' that makes man coverage difficult. It''s very effective against man-to-man.',
  true,
  NOW(),
  NOW()
) ON CONFLICT (id) DO UPDATE SET
  prompt_richtext = EXCLUDED.prompt_richtext,
  options_json = EXCLUDED.options_json,
  correct_answer_json = EXCLUDED.correct_answer_json,
  explanation_richtext = EXCLUDED.explanation_richtext,
  active = EXCLUDED.active,
  updated_at = NOW();

INSERT INTO items (id, lesson_id, type, base_prompt, answer_schema_json, difficulty, status, author_id, created_at, updated_at)
VALUES (
  '00000002-0006-0000-0000-000000000003',
  '00000002-0000-0000-0000-000000000006',
  'mcq',
  'Identify stick concept',
  '{"type": "mcq", "options": ["Stick route, flat route, and vertical route", "All deep routes", "All short routes", "No routes - it''s a run"], "correct": 0}'::jsonb,
  3,
  'live',
  (SELECT id FROM users LIMIT 1),
  NOW(),
  NOW()
) ON CONFLICT (id) DO UPDATE SET
  type = EXCLUDED.type,
  base_prompt = EXCLUDED.base_prompt,
  answer_schema_json = EXCLUDED.answer_schema_json,
  difficulty = EXCLUDED.difficulty,
  status = EXCLUDED.status,
  updated_at = NOW();

INSERT INTO item_variants (id, item_id, version, prompt_richtext, options_json, correct_answer_json, explanation_richtext, active, created_at, updated_at)
VALUES (
  '00000002-0006-0003-0000-000000000001',
  '00000002-0006-0000-0000-000000000003',
  1,
  'In the ''Stick'' concept, what routes are typically run?',
  '["Stick route, flat route, and vertical route", "All deep routes", "All short routes", "No routes - it''s a run"]',
  '{"index": 0}',
  'Stick concept has a receiver run a 5-yard stick (hitch), a flat route underneath, and a vertical route to clear out. It creates a high-low read for the QB.',
  true,
  NOW(),
  NOW()
) ON CONFLICT (id) DO UPDATE SET
  prompt_richtext = EXCLUDED.prompt_richtext,
  options_json = EXCLUDED.options_json,
  correct_answer_json = EXCLUDED.correct_answer_json,
  explanation_richtext = EXCLUDED.explanation_richtext,
  active = EXCLUDED.active,
  updated_at = NOW();

INSERT INTO items (id, lesson_id, type, base_prompt, answer_schema_json, difficulty, status, author_id, created_at, updated_at)
VALUES (
  '00000002-0006-0000-0000-000000000004',
  '00000002-0000-0000-0000-000000000006',
  'mcq',
  'Identify levels concept',
  '{"type": "mcq", "options": ["Routes at different depths to stress zone coverage", "All routes at the same depth", "Only deep routes", "A running play"], "correct": 0}'::jsonb,
  3,
  'live',
  (SELECT id FROM users LIMIT 1),
  NOW(),
  NOW()
) ON CONFLICT (id) DO UPDATE SET
  type = EXCLUDED.type,
  base_prompt = EXCLUDED.base_prompt,
  answer_schema_json = EXCLUDED.answer_schema_json,
  difficulty = EXCLUDED.difficulty,
  status = EXCLUDED.status,
  updated_at = NOW();

INSERT INTO item_variants (id, item_id, version, prompt_richtext, options_json, correct_answer_json, explanation_richtext, active, created_at, updated_at)
VALUES (
  '00000002-0006-0004-0000-000000000001',
  '00000002-0006-0000-0000-000000000004',
  1,
  'What is the ''Levels'' or ''Hi-Lo'' concept?',
  '["Routes at different depths to stress zone coverage", "All routes at the same depth", "Only deep routes", "A running play"]',
  '{"index": 0}',
  'Levels has receivers run routes at different depths (high, medium, low) in the same area. This forces zone defenders to choose which level to cover.',
  true,
  NOW(),
  NOW()
) ON CONFLICT (id) DO UPDATE SET
  prompt_richtext = EXCLUDED.prompt_richtext,
  options_json = EXCLUDED.options_json,
  correct_answer_json = EXCLUDED.correct_answer_json,
  explanation_richtext = EXCLUDED.explanation_richtext,
  active = EXCLUDED.active,
  updated_at = NOW();

INSERT INTO items (id, lesson_id, type, base_prompt, answer_schema_json, difficulty, status, author_id, created_at, updated_at)
VALUES (
  '00000002-0006-0000-0000-000000000005',
  '00000002-0000-0000-0000-000000000006',
  'mcq',
  'Identify flood concept',
  '{"type": "mcq", "options": ["Three receivers attack one side at different depths", "All receivers go deep", "Receivers run to the middle", "A trick play"], "correct": 0}'::jsonb,
  3,
  'live',
  (SELECT id FROM users LIMIT 1),
  NOW(),
  NOW()
) ON CONFLICT (id) DO UPDATE SET
  type = EXCLUDED.type,
  base_prompt = EXCLUDED.base_prompt,
  answer_schema_json = EXCLUDED.answer_schema_json,
  difficulty = EXCLUDED.difficulty,
  status = EXCLUDED.status,
  updated_at = NOW();

INSERT INTO item_variants (id, item_id, version, prompt_richtext, options_json, correct_answer_json, explanation_richtext, active, created_at, updated_at)
VALUES (
  '00000002-0006-0005-0000-000000000001',
  '00000002-0006-0000-0000-000000000005',
  1,
  'What is a ''Flood'' concept?',
  '["Three receivers attack one side at different depths", "All receivers go deep", "Receivers run to the middle", "A trick play"]',
  '{"index": 0}',
  'Flood sends three receivers to one side at different depths (flat, intermediate, deep). It overloads zone coverage by putting more receivers than defenders.',
  true,
  NOW(),
  NOW()
) ON CONFLICT (id) DO UPDATE SET
  prompt_richtext = EXCLUDED.prompt_richtext,
  options_json = EXCLUDED.options_json,
  correct_answer_json = EXCLUDED.correct_answer_json,
  explanation_richtext = EXCLUDED.explanation_richtext,
  active = EXCLUDED.active,
  updated_at = NOW();

INSERT INTO items (id, lesson_id, type, base_prompt, answer_schema_json, difficulty, status, author_id, created_at, updated_at)
VALUES (
  '00000002-0006-0000-0000-000000000006',
  '00000002-0000-0000-0000-000000000006',
  'mcq',
  'Identify smash concept',
  '{"type": "mcq", "options": ["Corner route over a hitch/curl", "All receivers run deep", "A running play", "Receivers block"], "correct": 0}'::jsonb,
  3,
  'live',
  (SELECT id FROM users LIMIT 1),
  NOW(),
  NOW()
) ON CONFLICT (id) DO UPDATE SET
  type = EXCLUDED.type,
  base_prompt = EXCLUDED.base_prompt,
  answer_schema_json = EXCLUDED.answer_schema_json,
  difficulty = EXCLUDED.difficulty,
  status = EXCLUDED.status,
  updated_at = NOW();

INSERT INTO item_variants (id, item_id, version, prompt_richtext, options_json, correct_answer_json, explanation_richtext, active, created_at, updated_at)
VALUES (
  '00000002-0006-0006-0000-000000000001',
  '00000002-0006-0000-0000-000000000006',
  1,
  'What is the ''Smash'' concept?',
  '["Corner route over a hitch/curl", "All receivers run deep", "A running play", "Receivers block"]',
  '{"index": 0}',
  'Smash has an outside receiver run a corner route while an inside receiver runs a hitch underneath. It creates a high-low read against Cover 2.',
  true,
  NOW(),
  NOW()
) ON CONFLICT (id) DO UPDATE SET
  prompt_richtext = EXCLUDED.prompt_richtext,
  options_json = EXCLUDED.options_json,
  correct_answer_json = EXCLUDED.correct_answer_json,
  explanation_richtext = EXCLUDED.explanation_richtext,
  active = EXCLUDED.active,
  updated_at = NOW();

INSERT INTO items (id, lesson_id, type, base_prompt, answer_schema_json, difficulty, status, author_id, created_at, updated_at)
VALUES (
  '00000002-0006-0000-0000-000000000007',
  '00000002-0000-0000-0000-000000000006',
  'mcq',
  'Understand spacing concept',
  '{"type": "mcq", "options": ["To create throwing windows and stress coverage", "To confuse the offense", "It''s random", "To tire out receivers"], "correct": 0}'::jsonb,
  2,
  'live',
  (SELECT id FROM users LIMIT 1),
  NOW(),
  NOW()
) ON CONFLICT (id) DO UPDATE SET
  type = EXCLUDED.type,
  base_prompt = EXCLUDED.base_prompt,
  answer_schema_json = EXCLUDED.answer_schema_json,
  difficulty = EXCLUDED.difficulty,
  status = EXCLUDED.status,
  updated_at = NOW();

INSERT INTO item_variants (id, item_id, version, prompt_richtext, options_json, correct_answer_json, explanation_richtext, active, created_at, updated_at)
VALUES (
  '00000002-0006-0007-0000-000000000001',
  '00000002-0006-0000-0000-000000000007',
  1,
  'Why do route concepts use different depths and spacing?',
  '["To create throwing windows and stress coverage", "To confuse the offense", "It''s random", "To tire out receivers"]',
  '{"index": 0}',
  'Different depths and spacing force defenders to make choices. If they cover the deep route, the short route is open, and vice versa.',
  true,
  NOW(),
  NOW()
) ON CONFLICT (id) DO UPDATE SET
  prompt_richtext = EXCLUDED.prompt_richtext,
  options_json = EXCLUDED.options_json,
  correct_answer_json = EXCLUDED.correct_answer_json,
  explanation_richtext = EXCLUDED.explanation_richtext,
  active = EXCLUDED.active,
  updated_at = NOW();

INSERT INTO items (id, lesson_id, type, base_prompt, answer_schema_json, difficulty, status, author_id, created_at, updated_at)
VALUES (
  '00000002-0006-0000-0000-000000000008',
  '00000002-0000-0000-0000-000000000006',
  'mcq',
  'Identify switch concept',
  '{"type": "mcq", "options": ["Two receivers cross paths to create picks", "Receivers switch positions", "A running play", "Receivers block each other"], "correct": 0}'::jsonb,
  3,
  'live',
  (SELECT id FROM users LIMIT 1),
  NOW(),
  NOW()
) ON CONFLICT (id) DO UPDATE SET
  type = EXCLUDED.type,
  base_prompt = EXCLUDED.base_prompt,
  answer_schema_json = EXCLUDED.answer_schema_json,
  difficulty = EXCLUDED.difficulty,
  status = EXCLUDED.status,
  updated_at = NOW();

INSERT INTO item_variants (id, item_id, version, prompt_richtext, options_json, correct_answer_json, explanation_richtext, active, created_at, updated_at)
VALUES (
  '00000002-0006-0008-0000-000000000001',
  '00000002-0006-0000-0000-000000000008',
  1,
  'What is a ''Switch'' or ''Rub'' route?',
  '["Two receivers cross paths to create picks", "Receivers switch positions", "A running play", "Receivers block each other"]',
  '{"index": 0}',
  'Switch routes have two receivers cross paths at different depths, creating natural ''picks'' that make man coverage very difficult to execute.',
  true,
  NOW(),
  NOW()
) ON CONFLICT (id) DO UPDATE SET
  prompt_richtext = EXCLUDED.prompt_richtext,
  options_json = EXCLUDED.options_json,
  correct_answer_json = EXCLUDED.correct_answer_json,
  explanation_richtext = EXCLUDED.explanation_richtext,
  active = EXCLUDED.active,
  updated_at = NOW();

INSERT INTO items (id, lesson_id, type, base_prompt, answer_schema_json, difficulty, status, author_id, created_at, updated_at)
VALUES (
  '00000002-0006-0000-0000-000000000009',
  '00000002-0000-0000-0000-000000000006',
  'mcq',
  'Identify four verticals',
  '{"type": "mcq", "options": ["Four receivers run straight downfield", "Four running backs", "Four tight ends", "Four offensive linemen pull"], "correct": 0}'::jsonb,
  2,
  'live',
  (SELECT id FROM users LIMIT 1),
  NOW(),
  NOW()
) ON CONFLICT (id) DO UPDATE SET
  type = EXCLUDED.type,
  base_prompt = EXCLUDED.base_prompt,
  answer_schema_json = EXCLUDED.answer_schema_json,
  difficulty = EXCLUDED.difficulty,
  status = EXCLUDED.status,
  updated_at = NOW();

INSERT INTO item_variants (id, item_id, version, prompt_richtext, options_json, correct_answer_json, explanation_richtext, active, created_at, updated_at)
VALUES (
  '00000002-0006-0009-0000-000000000001',
  '00000002-0006-0000-0000-000000000009',
  1,
  'What is ''Four Verticals''?',
  '["Four receivers run straight downfield", "Four running backs", "Four tight ends", "Four offensive linemen pull"]',
  '{"index": 0}',
  'Four Verticals has four receivers run deep routes, stretching the defense vertically. It''s designed to find holes in deep zone coverage.',
  true,
  NOW(),
  NOW()
) ON CONFLICT (id) DO UPDATE SET
  prompt_richtext = EXCLUDED.prompt_richtext,
  options_json = EXCLUDED.options_json,
  correct_answer_json = EXCLUDED.correct_answer_json,
  explanation_richtext = EXCLUDED.explanation_richtext,
  active = EXCLUDED.active,
  updated_at = NOW();

INSERT INTO items (id, lesson_id, type, base_prompt, answer_schema_json, difficulty, status, author_id, created_at, updated_at)
VALUES (
  '00000002-0006-0000-0000-000000000010',
  '00000002-0000-0000-0000-000000000006',
  'mcq',
  'Understand concept vs coverage',
  '{"type": "mcq", "options": ["Different concepts beat different coverages", "To confuse their own players", "It''s required by rules", "To waste time"], "correct": 0}'::jsonb,
  3,
  'live',
  (SELECT id FROM users LIMIT 1),
  NOW(),
  NOW()
) ON CONFLICT (id) DO UPDATE SET
  type = EXCLUDED.type,
  base_prompt = EXCLUDED.base_prompt,
  answer_schema_json = EXCLUDED.answer_schema_json,
  difficulty = EXCLUDED.difficulty,
  status = EXCLUDED.status,
  updated_at = NOW();

INSERT INTO item_variants (id, item_id, version, prompt_richtext, options_json, correct_answer_json, explanation_richtext, active, created_at, updated_at)
VALUES (
  '00000002-0006-0010-0000-000000000001',
  '00000002-0006-0000-0000-000000000010',
  1,
  'Why do offenses have multiple route concepts?',
  '["Different concepts beat different coverages", "To confuse their own players", "It''s required by rules", "To waste time"]',
  '{"index": 0}',
  'Each route concept is designed to attack specific defensive coverages. Mesh beats man coverage, Levels beats zone, etc. Offenses need variety to adapt.',
  true,
  NOW(),
  NOW()
) ON CONFLICT (id) DO UPDATE SET
  prompt_richtext = EXCLUDED.prompt_richtext,
  options_json = EXCLUDED.options_json,
  correct_answer_json = EXCLUDED.correct_answer_json,
  explanation_richtext = EXCLUDED.explanation_richtext,
  active = EXCLUDED.active,
  updated_at = NOW();

-- Module 2, Lesson 7: Play Action Passing
INSERT INTO lessons (id, module_id, title, description, order_index, est_minutes, xp_award, created_at, updated_at)
VALUES (
  '00000002-0000-0000-0000-000000000007',
  '00000000-0000-0000-0000-000000000002',
  'Play Action Passing',
  'Learn how play-action fakes manipulate defenses',
  7,
  5,
  100,
  NOW(),
  NOW()
) ON CONFLICT (id) DO UPDATE SET
  title = EXCLUDED.title,
  description = EXCLUDED.description,
  order_index = EXCLUDED.order_index,
  est_minutes = EXCLUDED.est_minutes,
  xp_award = EXCLUDED.xp_award,
  updated_at = NOW();

INSERT INTO items (id, lesson_id, type, base_prompt, answer_schema_json, difficulty, status, author_id, created_at, updated_at)
VALUES (
  '00000002-0007-0000-0000-000000000001',
  '00000002-0000-0000-0000-000000000007',
  'mcq',
  'Understand play action',
  '{"type": "mcq", "options": ["QB fakes a handoff then throws", "QB hands off the ball", "QB runs the ball", "QB punts"], "correct": 0}'::jsonb,
  2,
  'live',
  (SELECT id FROM users LIMIT 1),
  NOW(),
  NOW()
) ON CONFLICT (id) DO UPDATE SET
  type = EXCLUDED.type,
  base_prompt = EXCLUDED.base_prompt,
  answer_schema_json = EXCLUDED.answer_schema_json,
  difficulty = EXCLUDED.difficulty,
  status = EXCLUDED.status,
  updated_at = NOW();

INSERT INTO item_variants (id, item_id, version, prompt_richtext, options_json, correct_answer_json, explanation_richtext, active, created_at, updated_at)
VALUES (
  '00000002-0007-0001-0000-000000000001',
  '00000002-0007-0000-0000-000000000001',
  1,
  'What is play-action?',
  '["QB fakes a handoff then throws", "QB hands off the ball", "QB runs the ball", "QB punts"]',
  '{"index": 0}',
  'Play-action is when the QB fakes a handoff to freeze the defense, then throws a pass. It works best when the run game is effective.',
  true,
  NOW(),
  NOW()
) ON CONFLICT (id) DO UPDATE SET
  prompt_richtext = EXCLUDED.prompt_richtext,
  options_json = EXCLUDED.options_json,
  correct_answer_json = EXCLUDED.correct_answer_json,
  explanation_richtext = EXCLUDED.explanation_richtext,
  active = EXCLUDED.active,
  updated_at = NOW();

INSERT INTO items (id, lesson_id, type, base_prompt, answer_schema_json, difficulty, status, author_id, created_at, updated_at)
VALUES (
  '00000002-0007-0000-0000-000000000002',
  '00000002-0000-0000-0000-000000000007',
  'mcq',
  'Understand play action purpose',
  '{"type": "mcq", "options": ["Defenders bite on the fake and lose coverage", "It''s faster than regular passing", "It''s required on 1st down", "It confuses the offense"], "correct": 0}'::jsonb,
  2,
  'live',
  (SELECT id FROM users LIMIT 1),
  NOW(),
  NOW()
) ON CONFLICT (id) DO UPDATE SET
  type = EXCLUDED.type,
  base_prompt = EXCLUDED.base_prompt,
  answer_schema_json = EXCLUDED.answer_schema_json,
  difficulty = EXCLUDED.difficulty,
  status = EXCLUDED.status,
  updated_at = NOW();

INSERT INTO item_variants (id, item_id, version, prompt_richtext, options_json, correct_answer_json, explanation_richtext, active, created_at, updated_at)
VALUES (
  '00000002-0007-0002-0000-000000000001',
  '00000002-0007-0000-0000-000000000002',
  1,
  'Why does play-action work?',
  '["Defenders bite on the fake and lose coverage", "It''s faster than regular passing", "It''s required on 1st down", "It confuses the offense"]',
  '{"index": 0}',
  'When defenders see the run fake, they step forward to stop the run. This creates space behind them for receivers to get open.',
  true,
  NOW(),
  NOW()
) ON CONFLICT (id) DO UPDATE SET
  prompt_richtext = EXCLUDED.prompt_richtext,
  options_json = EXCLUDED.options_json,
  correct_answer_json = EXCLUDED.correct_answer_json,
  explanation_richtext = EXCLUDED.explanation_richtext,
  active = EXCLUDED.active,
  updated_at = NOW();

INSERT INTO items (id, lesson_id, type, base_prompt, answer_schema_json, difficulty, status, author_id, created_at, updated_at)
VALUES (
  '00000002-0007-0000-0000-000000000003',
  '00000002-0000-0000-0000-000000000007',
  'mcq',
  'Identify bootleg',
  '{"type": "mcq", "options": ["QB fakes handoff then rolls opposite direction", "QB throws deep", "QB hands off the ball", "An illegal play"], "correct": 0}'::jsonb,
  3,
  'live',
  (SELECT id FROM users LIMIT 1),
  NOW(),
  NOW()
) ON CONFLICT (id) DO UPDATE SET
  type = EXCLUDED.type,
  base_prompt = EXCLUDED.base_prompt,
  answer_schema_json = EXCLUDED.answer_schema_json,
  difficulty = EXCLUDED.difficulty,
  status = EXCLUDED.status,
  updated_at = NOW();

INSERT INTO item_variants (id, item_id, version, prompt_richtext, options_json, correct_answer_json, explanation_richtext, active, created_at, updated_at)
VALUES (
  '00000002-0007-0003-0000-000000000001',
  '00000002-0007-0000-0000-000000000003',
  1,
  'What is a ''bootleg'' play?',
  '["QB fakes handoff then rolls opposite direction", "QB throws deep", "QB hands off the ball", "An illegal play"]',
  '{"index": 0}',
  'A bootleg has the QB fake a handoff one way, then roll out the opposite direction. This often leaves the QB with open field and running options.',
  true,
  NOW(),
  NOW()
) ON CONFLICT (id) DO UPDATE SET
  prompt_richtext = EXCLUDED.prompt_richtext,
  options_json = EXCLUDED.options_json,
  correct_answer_json = EXCLUDED.correct_answer_json,
  explanation_richtext = EXCLUDED.explanation_richtext,
  active = EXCLUDED.active,
  updated_at = NOW();

INSERT INTO items (id, lesson_id, type, base_prompt, answer_schema_json, difficulty, status, author_id, created_at, updated_at)
VALUES (
  '00000002-0007-0000-0000-000000000004',
  '00000002-0000-0000-0000-000000000007',
  'mcq',
  'Understand naked bootleg',
  '{"type": "mcq", "options": ["QB has no blockers protecting him", "QB doesn''t wear pads", "It''s an illegal play", "QB doesn''t fake the handoff"], "correct": 0}'::jsonb,
  3,
  'live',
  (SELECT id FROM users LIMIT 1),
  NOW(),
  NOW()
) ON CONFLICT (id) DO UPDATE SET
  type = EXCLUDED.type,
  base_prompt = EXCLUDED.base_prompt,
  answer_schema_json = EXCLUDED.answer_schema_json,
  difficulty = EXCLUDED.difficulty,
  status = EXCLUDED.status,
  updated_at = NOW();

INSERT INTO item_variants (id, item_id, version, prompt_richtext, options_json, correct_answer_json, explanation_richtext, active, created_at, updated_at)
VALUES (
  '00000002-0007-0004-0000-000000000001',
  '00000002-0007-0000-0000-000000000004',
  1,
  'What makes a bootleg ''naked''?',
  '["QB has no blockers protecting him", "QB doesn''t wear pads", "It''s an illegal play", "QB doesn''t fake the handoff"]',
  '{"index": 0}',
  'A naked bootleg leaves the QB without blocking protection. All linemen block away from the QB''s rollout direction, making it risky but effective.',
  true,
  NOW(),
  NOW()
) ON CONFLICT (id) DO UPDATE SET
  prompt_richtext = EXCLUDED.prompt_richtext,
  options_json = EXCLUDED.options_json,
  correct_answer_json = EXCLUDED.correct_answer_json,
  explanation_richtext = EXCLUDED.explanation_richtext,
  active = EXCLUDED.active,
  updated_at = NOW();

INSERT INTO items (id, lesson_id, type, base_prompt, answer_schema_json, difficulty, status, author_id, created_at, updated_at)
VALUES (
  '00000002-0007-0000-0000-000000000005',
  '00000002-0000-0000-0000-000000000007',
  'mcq',
  'Identify play action effectiveness',
  '{"type": "mcq", "options": ["When the run game is working well", "On 3rd and long", "When losing badly", "In the 4th quarter only"], "correct": 0}'::jsonb,
  2,
  'live',
  (SELECT id FROM users LIMIT 1),
  NOW(),
  NOW()
) ON CONFLICT (id) DO UPDATE SET
  type = EXCLUDED.type,
  base_prompt = EXCLUDED.base_prompt,
  answer_schema_json = EXCLUDED.answer_schema_json,
  difficulty = EXCLUDED.difficulty,
  status = EXCLUDED.status,
  updated_at = NOW();

INSERT INTO item_variants (id, item_id, version, prompt_richtext, options_json, correct_answer_json, explanation_richtext, active, created_at, updated_at)
VALUES (
  '00000002-0007-0005-0000-000000000001',
  '00000002-0007-0000-0000-000000000005',
  1,
  'When is play-action most effective?',
  '["When the run game is working well", "On 3rd and long", "When losing badly", "In the 4th quarter only"]',
  '{"index": 0}',
  'Play-action works best when the defense respects your run game. If they''re worried about the run, they''ll bite harder on the fake.',
  true,
  NOW(),
  NOW()
) ON CONFLICT (id) DO UPDATE SET
  prompt_richtext = EXCLUDED.prompt_richtext,
  options_json = EXCLUDED.options_json,
  correct_answer_json = EXCLUDED.correct_answer_json,
  explanation_richtext = EXCLUDED.explanation_richtext,
  active = EXCLUDED.active,
  updated_at = NOW();

INSERT INTO items (id, lesson_id, type, base_prompt, answer_schema_json, difficulty, status, author_id, created_at, updated_at)
VALUES (
  '00000002-0007-0000-0000-000000000006',
  '00000002-0000-0000-0000-000000000007',
  'mcq',
  'Understand play action timing',
  '{"type": "mcq", "options": ["Takes longer to develop than quick passes", "It''s illegal", "Can''t gain yards", "Only works once per game"], "correct": 0}'::jsonb,
  2,
  'live',
  (SELECT id FROM users LIMIT 1),
  NOW(),
  NOW()
) ON CONFLICT (id) DO UPDATE SET
  type = EXCLUDED.type,
  base_prompt = EXCLUDED.base_prompt,
  answer_schema_json = EXCLUDED.answer_schema_json,
  difficulty = EXCLUDED.difficulty,
  status = EXCLUDED.status,
  updated_at = NOW();

INSERT INTO item_variants (id, item_id, version, prompt_richtext, options_json, correct_answer_json, explanation_richtext, active, created_at, updated_at)
VALUES (
  '00000002-0007-0006-0000-000000000001',
  '00000002-0007-0000-0000-000000000006',
  1,
  'What''s a disadvantage of play-action?',
  '["Takes longer to develop than quick passes", "It''s illegal", "Can''t gain yards", "Only works once per game"]',
  '{"index": 0}',
  'The fake handoff takes extra time, so the QB has their back to the defense longer. This makes play-action vulnerable to blitzes.',
  true,
  NOW(),
  NOW()
) ON CONFLICT (id) DO UPDATE SET
  prompt_richtext = EXCLUDED.prompt_richtext,
  options_json = EXCLUDED.options_json,
  correct_answer_json = EXCLUDED.correct_answer_json,
  explanation_richtext = EXCLUDED.explanation_richtext,
  active = EXCLUDED.active,
  updated_at = NOW();

INSERT INTO items (id, lesson_id, type, base_prompt, answer_schema_json, difficulty, status, author_id, created_at, updated_at)
VALUES (
  '00000002-0007-0000-0000-000000000007',
  '00000002-0000-0000-0000-000000000007',
  'mcq',
  'Identify play action formation',
  '{"type": "mcq", "options": ["Under center with running backs", "Empty backfield", "5-wide receiver set", "Punt formation"], "correct": 0}'::jsonb,
  2,
  'live',
  (SELECT id FROM users LIMIT 1),
  NOW(),
  NOW()
) ON CONFLICT (id) DO UPDATE SET
  type = EXCLUDED.type,
  base_prompt = EXCLUDED.base_prompt,
  answer_schema_json = EXCLUDED.answer_schema_json,
  difficulty = EXCLUDED.difficulty,
  status = EXCLUDED.status,
  updated_at = NOW();

INSERT INTO item_variants (id, item_id, version, prompt_richtext, options_json, correct_answer_json, explanation_richtext, active, created_at, updated_at)
VALUES (
  '00000002-0007-0007-0000-000000000001',
  '00000002-0007-0000-0000-000000000007',
  1,
  'What formation makes play-action most believable?',
  '["Under center with running backs", "Empty backfield", "5-wide receiver set", "Punt formation"]',
  '{"index": 0}',
  'Play-action looks most like a real run from under center with backs in the backfield. The defense sees a run formation and reacts accordingly.',
  true,
  NOW(),
  NOW()
) ON CONFLICT (id) DO UPDATE SET
  prompt_richtext = EXCLUDED.prompt_richtext,
  options_json = EXCLUDED.options_json,
  correct_answer_json = EXCLUDED.correct_answer_json,
  explanation_richtext = EXCLUDED.explanation_richtext,
  active = EXCLUDED.active,
  updated_at = NOW();

INSERT INTO items (id, lesson_id, type, base_prompt, answer_schema_json, difficulty, status, author_id, created_at, updated_at)
VALUES (
  '00000002-0007-0000-0000-000000000008',
  '00000002-0000-0000-0000-000000000007',
  'mcq',
  'Understand waggle',
  '{"type": "mcq", "options": ["Bootleg with a pulling guard for protection", "QB runs straight ahead", "A type of punt", "An illegal formation"], "correct": 0}'::jsonb,
  3,
  'live',
  (SELECT id FROM users LIMIT 1),
  NOW(),
  NOW()
) ON CONFLICT (id) DO UPDATE SET
  type = EXCLUDED.type,
  base_prompt = EXCLUDED.base_prompt,
  answer_schema_json = EXCLUDED.answer_schema_json,
  difficulty = EXCLUDED.difficulty,
  status = EXCLUDED.status,
  updated_at = NOW();

INSERT INTO item_variants (id, item_id, version, prompt_richtext, options_json, correct_answer_json, explanation_richtext, active, created_at, updated_at)
VALUES (
  '00000002-0007-0008-0000-000000000001',
  '00000002-0007-0000-0000-000000000008',
  1,
  'What is a ''waggle'' play?',
  '["Bootleg with a pulling guard for protection", "QB runs straight ahead", "A type of punt", "An illegal formation"]',
  '{"index": 0}',
  'A waggle is a bootleg where an offensive lineman (usually a guard) pulls to provide protection for the rolling QB. It''s safer than a naked bootleg.',
  true,
  NOW(),
  NOW()
) ON CONFLICT (id) DO UPDATE SET
  prompt_richtext = EXCLUDED.prompt_richtext,
  options_json = EXCLUDED.options_json,
  correct_answer_json = EXCLUDED.correct_answer_json,
  explanation_richtext = EXCLUDED.explanation_richtext,
  active = EXCLUDED.active,
  updated_at = NOW();

INSERT INTO items (id, lesson_id, type, base_prompt, answer_schema_json, difficulty, status, author_id, created_at, updated_at)
VALUES (
  '00000002-0007-0000-0000-000000000009',
  '00000002-0000-0000-0000-000000000007',
  'mcq',
  'Identify play action read',
  '{"type": "mcq", "options": ["Receivers running deep behind frozen defenders", "Short underneath routes", "Running lanes", "The referee"], "correct": 0}'::jsonb,
  3,
  'live',
  (SELECT id FROM users LIMIT 1),
  NOW(),
  NOW()
) ON CONFLICT (id) DO UPDATE SET
  type = EXCLUDED.type,
  base_prompt = EXCLUDED.base_prompt,
  answer_schema_json = EXCLUDED.answer_schema_json,
  difficulty = EXCLUDED.difficulty,
  status = EXCLUDED.status,
  updated_at = NOW();

INSERT INTO item_variants (id, item_id, version, prompt_richtext, options_json, correct_answer_json, explanation_richtext, active, created_at, updated_at)
VALUES (
  '00000002-0007-0009-0000-000000000001',
  '00000002-0007-0000-0000-000000000009',
  1,
  'On play-action, what does the QB typically look for?',
  '["Receivers running deep behind frozen defenders", "Short underneath routes", "Running lanes", "The referee"]',
  '{"index": 0}',
  'Play-action is designed to get receivers deep. When linebackers and safeties bite on the fake, receivers get behind them for big plays.',
  true,
  NOW(),
  NOW()
) ON CONFLICT (id) DO UPDATE SET
  prompt_richtext = EXCLUDED.prompt_richtext,
  options_json = EXCLUDED.options_json,
  correct_answer_json = EXCLUDED.correct_answer_json,
  explanation_richtext = EXCLUDED.explanation_richtext,
  active = EXCLUDED.active,
  updated_at = NOW();

INSERT INTO items (id, lesson_id, type, base_prompt, answer_schema_json, difficulty, status, author_id, created_at, updated_at)
VALUES (
  '00000002-0007-0000-0000-000000000010',
  '00000002-0000-0000-0000-000000000007',
  'mcq',
  'Understand play action vs shotgun',
  '{"type": "mcq", "options": ["Yes, but it''s less effective", "No, it''s illegal", "Yes, it''s more effective", "Only on 4th down"], "correct": 0}'::jsonb,
  2,
  'live',
  (SELECT id FROM users LIMIT 1),
  NOW(),
  NOW()
) ON CONFLICT (id) DO UPDATE SET
  type = EXCLUDED.type,
  base_prompt = EXCLUDED.base_prompt,
  answer_schema_json = EXCLUDED.answer_schema_json,
  difficulty = EXCLUDED.difficulty,
  status = EXCLUDED.status,
  updated_at = NOW();

INSERT INTO item_variants (id, item_id, version, prompt_richtext, options_json, correct_answer_json, explanation_richtext, active, created_at, updated_at)
VALUES (
  '00000002-0007-0010-0000-000000000001',
  '00000002-0007-0000-0000-000000000010',
  1,
  'Can you run play-action from shotgun?',
  '["Yes, but it''s less effective", "No, it''s illegal", "Yes, it''s more effective", "Only on 4th down"]',
  '{"index": 0}',
  'You can fake handoffs from shotgun, but it''s less believable since the QB is farther from the RB. Under center fakes look more realistic.',
  true,
  NOW(),
  NOW()
) ON CONFLICT (id) DO UPDATE SET
  prompt_richtext = EXCLUDED.prompt_richtext,
  options_json = EXCLUDED.options_json,
  correct_answer_json = EXCLUDED.correct_answer_json,
  explanation_richtext = EXCLUDED.explanation_richtext,
  active = EXCLUDED.active,
  updated_at = NOW();

-- Module 2, Lesson 8: Screen Passes
INSERT INTO lessons (id, module_id, title, description, order_index, est_minutes, xp_award, created_at, updated_at)
VALUES (
  '00000002-0000-0000-0000-000000000008',
  '00000000-0000-0000-0000-000000000002',
  'Screen Passes',
  'Learn how screen passes work and when to use them',
  8,
  5,
  100,
  NOW(),
  NOW()
) ON CONFLICT (id) DO UPDATE SET
  title = EXCLUDED.title,
  description = EXCLUDED.description,
  order_index = EXCLUDED.order_index,
  est_minutes = EXCLUDED.est_minutes,
  xp_award = EXCLUDED.xp_award,
  updated_at = NOW();

INSERT INTO items (id, lesson_id, type, base_prompt, answer_schema_json, difficulty, status, author_id, created_at, updated_at)
VALUES (
  '00000002-0008-0000-0000-000000000001',
  '00000002-0000-0000-0000-000000000008',
  'mcq',
  'Understand screen pass',
  '{"type": "mcq", "options": ["Short pass with blockers in front of the receiver", "Deep pass downfield", "Pass to the sideline", "Illegal forward pass"], "correct": 0}'::jsonb,
  2,
  'live',
  (SELECT id FROM users LIMIT 1),
  NOW(),
  NOW()
) ON CONFLICT (id) DO UPDATE SET
  type = EXCLUDED.type,
  base_prompt = EXCLUDED.base_prompt,
  answer_schema_json = EXCLUDED.answer_schema_json,
  difficulty = EXCLUDED.difficulty,
  status = EXCLUDED.status,
  updated_at = NOW();

INSERT INTO item_variants (id, item_id, version, prompt_richtext, options_json, correct_answer_json, explanation_richtext, active, created_at, updated_at)
VALUES (
  '00000002-0008-0001-0000-000000000001',
  '00000002-0008-0000-0000-000000000001',
  1,
  'What is a screen pass?',
  '["Short pass with blockers in front of the receiver", "Deep pass downfield", "Pass to the sideline", "Illegal forward pass"]',
  '{"index": 0}',
  'A screen pass is a short pass where offensive linemen or other blockers get in front of the receiver to create a ''screen'' of blockers.',
  true,
  NOW(),
  NOW()
) ON CONFLICT (id) DO UPDATE SET
  prompt_richtext = EXCLUDED.prompt_richtext,
  options_json = EXCLUDED.options_json,
  correct_answer_json = EXCLUDED.correct_answer_json,
  explanation_richtext = EXCLUDED.explanation_richtext,
  active = EXCLUDED.active,
  updated_at = NOW();

INSERT INTO items (id, lesson_id, type, base_prompt, answer_schema_json, difficulty, status, author_id, created_at, updated_at)
VALUES (
  '00000002-0008-0000-0000-000000000002',
  '00000002-0000-0000-0000-000000000008',
  'mcq',
  'Identify RB screen',
  '{"type": "mcq", "options": ["Let defenders through, then block downfield", "Block normally", "Run routes", "Stay at the line"], "correct": 0}'::jsonb,
  2,
  'live',
  (SELECT id FROM users LIMIT 1),
  NOW(),
  NOW()
) ON CONFLICT (id) DO UPDATE SET
  type = EXCLUDED.type,
  base_prompt = EXCLUDED.base_prompt,
  answer_schema_json = EXCLUDED.answer_schema_json,
  difficulty = EXCLUDED.difficulty,
  status = EXCLUDED.status,
  updated_at = NOW();

INSERT INTO item_variants (id, item_id, version, prompt_richtext, options_json, correct_answer_json, explanation_richtext, active, created_at, updated_at)
VALUES (
  '00000002-0008-0002-0000-000000000001',
  '00000002-0008-0000-0000-000000000002',
  1,
  'In a running back screen, what do the offensive linemen do?',
  '["Let defenders through, then block downfield", "Block normally", "Run routes", "Stay at the line"]',
  '{"index": 0}',
  'On RB screens, linemen intentionally let pass rushers through, then release downfield to block. This tricks the defense into thinking they have a free rush.',
  true,
  NOW(),
  NOW()
) ON CONFLICT (id) DO UPDATE SET
  prompt_richtext = EXCLUDED.prompt_richtext,
  options_json = EXCLUDED.options_json,
  correct_answer_json = EXCLUDED.correct_answer_json,
  explanation_richtext = EXCLUDED.explanation_richtext,
  active = EXCLUDED.active,
  updated_at = NOW();

INSERT INTO items (id, lesson_id, type, base_prompt, answer_schema_json, difficulty, status, author_id, created_at, updated_at)
VALUES (
  '00000002-0008-0000-0000-000000000003',
  '00000002-0000-0000-0000-000000000008',
  'mcq',
  'Understand screen timing',
  '{"type": "mcq", "options": ["When the defense is blitzing aggressively", "On 1st down only", "When winning by a lot", "Never"], "correct": 0}'::jsonb,
  3,
  'live',
  (SELECT id FROM users LIMIT 1),
  NOW(),
  NOW()
) ON CONFLICT (id) DO UPDATE SET
  type = EXCLUDED.type,
  base_prompt = EXCLUDED.base_prompt,
  answer_schema_json = EXCLUDED.answer_schema_json,
  difficulty = EXCLUDED.difficulty,
  status = EXCLUDED.status,
  updated_at = NOW();

INSERT INTO item_variants (id, item_id, version, prompt_richtext, options_json, correct_answer_json, explanation_richtext, active, created_at, updated_at)
VALUES (
  '00000002-0008-0003-0000-000000000001',
  '00000002-0008-0000-0000-000000000003',
  1,
  'When is the best time to call a screen pass?',
  '["When the defense is blitzing aggressively", "On 1st down only", "When winning by a lot", "Never"]',
  '{"index": 0}',
  'Screens work best against blitzes. When defenders rush hard, they run past the screen and can''t recover. The blockers have numbers advantage.',
  true,
  NOW(),
  NOW()
) ON CONFLICT (id) DO UPDATE SET
  prompt_richtext = EXCLUDED.prompt_richtext,
  options_json = EXCLUDED.options_json,
  correct_answer_json = EXCLUDED.correct_answer_json,
  explanation_richtext = EXCLUDED.explanation_richtext,
  active = EXCLUDED.active,
  updated_at = NOW();

INSERT INTO items (id, lesson_id, type, base_prompt, answer_schema_json, difficulty, status, author_id, created_at, updated_at)
VALUES (
  '00000002-0008-0000-0000-000000000004',
  '00000002-0000-0000-0000-000000000008',
  'mcq',
  'Identify bubble screen',
  '{"type": "mcq", "options": ["Quick pass to a receiver in the flat with blockers", "Deep pass", "Screen to the running back", "A type of run play"], "correct": 0}'::jsonb,
  2,
  'live',
  (SELECT id FROM users LIMIT 1),
  NOW(),
  NOW()
) ON CONFLICT (id) DO UPDATE SET
  type = EXCLUDED.type,
  base_prompt = EXCLUDED.base_prompt,
  answer_schema_json = EXCLUDED.answer_schema_json,
  difficulty = EXCLUDED.difficulty,
  status = EXCLUDED.status,
  updated_at = NOW();

INSERT INTO item_variants (id, item_id, version, prompt_richtext, options_json, correct_answer_json, explanation_richtext, active, created_at, updated_at)
VALUES (
  '00000002-0008-0004-0000-000000000001',
  '00000002-0008-0000-0000-000000000004',
  1,
  'What is a ''bubble screen''?',
  '["Quick pass to a receiver in the flat with blockers", "Deep pass", "Screen to the running back", "A type of run play"]',
  '{"index": 0}',
  'A bubble screen is a quick pass to a receiver in the flat (near the sideline) with other receivers blocking. It''s almost like a run play.',
  true,
  NOW(),
  NOW()
) ON CONFLICT (id) DO UPDATE SET
  prompt_richtext = EXCLUDED.prompt_richtext,
  options_json = EXCLUDED.options_json,
  correct_answer_json = EXCLUDED.correct_answer_json,
  explanation_richtext = EXCLUDED.explanation_richtext,
  active = EXCLUDED.active,
  updated_at = NOW();

INSERT INTO items (id, lesson_id, type, base_prompt, answer_schema_json, difficulty, status, author_id, created_at, updated_at)
VALUES (
  '00000002-0008-0000-0000-000000000005',
  '00000002-0000-0000-0000-000000000008',
  'mcq',
  'Understand WR screen',
  '{"type": "mcq", "options": ["WR screens often have linemen pulling to block", "They''re the same thing", "WR screens are illegal", "WR screens go deep"], "correct": 0}'::jsonb,
  2,
  'live',
  (SELECT id FROM users LIMIT 1),
  NOW(),
  NOW()
) ON CONFLICT (id) DO UPDATE SET
  type = EXCLUDED.type,
  base_prompt = EXCLUDED.base_prompt,
  answer_schema_json = EXCLUDED.answer_schema_json,
  difficulty = EXCLUDED.difficulty,
  status = EXCLUDED.status,
  updated_at = NOW();

INSERT INTO item_variants (id, item_id, version, prompt_richtext, options_json, correct_answer_json, explanation_richtext, active, created_at, updated_at)
VALUES (
  '00000002-0008-0005-0000-000000000001',
  '00000002-0008-0000-0000-000000000005',
  1,
  'How does a WR screen differ from a bubble screen?',
  '["WR screens often have linemen pulling to block", "They''re the same thing", "WR screens are illegal", "WR screens go deep"]',
  '{"index": 0}',
  'WR screens often involve offensive linemen releasing downfield to block, while bubble screens use other receivers as blockers. Both are quick passes.',
  true,
  NOW(),
  NOW()
) ON CONFLICT (id) DO UPDATE SET
  prompt_richtext = EXCLUDED.prompt_richtext,
  options_json = EXCLUDED.options_json,
  correct_answer_json = EXCLUDED.correct_answer_json,
  explanation_richtext = EXCLUDED.explanation_richtext,
  active = EXCLUDED.active,
  updated_at = NOW();

INSERT INTO items (id, lesson_id, type, base_prompt, answer_schema_json, difficulty, status, author_id, created_at, updated_at)
VALUES (
  '00000002-0008-0000-0000-000000000006',
  '00000002-0000-0000-0000-000000000008',
  'mcq',
  'Identify middle screen',
  '{"type": "mcq", "options": ["Screen up the middle with pulling linemen", "Screen to the sideline", "Deep pass", "A running play"], "correct": 0}'::jsonb,
  3,
  'live',
  (SELECT id FROM users LIMIT 1),
  NOW(),
  NOW()
) ON CONFLICT (id) DO UPDATE SET
  type = EXCLUDED.type,
  base_prompt = EXCLUDED.base_prompt,
  answer_schema_json = EXCLUDED.answer_schema_json,
  difficulty = EXCLUDED.difficulty,
  status = EXCLUDED.status,
  updated_at = NOW();

INSERT INTO item_variants (id, item_id, version, prompt_richtext, options_json, correct_answer_json, explanation_richtext, active, created_at, updated_at)
VALUES (
  '00000002-0008-0006-0000-000000000001',
  '00000002-0008-0000-0000-000000000006',
  1,
  'What is a ''middle screen'' or ''jailbreak screen''?',
  '["Screen up the middle with pulling linemen", "Screen to the sideline", "Deep pass", "A running play"]',
  '{"index": 0}',
  'A middle screen goes up the middle of the field with offensive linemen pulling to create a wall of blockers. It''s effective when the defense spreads out.',
  true,
  NOW(),
  NOW()
) ON CONFLICT (id) DO UPDATE SET
  prompt_richtext = EXCLUDED.prompt_richtext,
  options_json = EXCLUDED.options_json,
  correct_answer_json = EXCLUDED.correct_answer_json,
  explanation_richtext = EXCLUDED.explanation_richtext,
  active = EXCLUDED.active,
  updated_at = NOW();

INSERT INTO items (id, lesson_id, type, base_prompt, answer_schema_json, difficulty, status, author_id, created_at, updated_at)
VALUES (
  '00000002-0008-0000-0000-000000000007',
  '00000002-0000-0000-0000-000000000008',
  'mcq',
  'Understand screen blocking',
  '{"type": "mcq", "options": ["To block defenders and create running lanes", "To catch the ball", "To confuse officials", "It''s a penalty"], "correct": 0}'::jsonb,
  2,
  'live',
  (SELECT id FROM users LIMIT 1),
  NOW(),
  NOW()
) ON CONFLICT (id) DO UPDATE SET
  type = EXCLUDED.type,
  base_prompt = EXCLUDED.base_prompt,
  answer_schema_json = EXCLUDED.answer_schema_json,
  difficulty = EXCLUDED.difficulty,
  status = EXCLUDED.status,
  updated_at = NOW();

INSERT INTO item_variants (id, item_id, version, prompt_richtext, options_json, correct_answer_json, explanation_richtext, active, created_at, updated_at)
VALUES (
  '00000002-0008-0007-0000-000000000001',
  '00000002-0008-0000-0000-000000000007',
  1,
  'Why do offensive linemen release downfield on screens?',
  '["To block defenders and create running lanes", "To catch the ball", "To confuse officials", "It''s a penalty"]',
  '{"index": 0}',
  'Linemen release downfield to block linebackers and defensive backs, creating running lanes for the receiver. This turns a pass into a run play.',
  true,
  NOW(),
  NOW()
) ON CONFLICT (id) DO UPDATE SET
  prompt_richtext = EXCLUDED.prompt_richtext,
  options_json = EXCLUDED.options_json,
  correct_answer_json = EXCLUDED.correct_answer_json,
  explanation_richtext = EXCLUDED.explanation_richtext,
  active = EXCLUDED.active,
  updated_at = NOW();

INSERT INTO items (id, lesson_id, type, base_prompt, answer_schema_json, difficulty, status, author_id, created_at, updated_at)
VALUES (
  '00000002-0008-0000-0000-000000000008',
  '00000002-0000-0000-0000-000000000008',
  'mcq',
  'Identify screen weakness',
  '{"type": "mcq", "options": ["Disciplined defenders who don''t rush hard", "Aggressive blitzing", "Zone coverage", "Man coverage"], "correct": 0}'::jsonb,
  3,
  'live',
  (SELECT id FROM users LIMIT 1),
  NOW(),
  NOW()
) ON CONFLICT (id) DO UPDATE SET
  type = EXCLUDED.type,
  base_prompt = EXCLUDED.base_prompt,
  answer_schema_json = EXCLUDED.answer_schema_json,
  difficulty = EXCLUDED.difficulty,
  status = EXCLUDED.status,
  updated_at = NOW();

INSERT INTO item_variants (id, item_id, version, prompt_richtext, options_json, correct_answer_json, explanation_richtext, active, created_at, updated_at)
VALUES (
  '00000002-0008-0008-0000-000000000001',
  '00000002-0008-0000-0000-000000000008',
  1,
  'What can defeat a screen pass?',
  '["Disciplined defenders who don''t rush hard", "Aggressive blitzing", "Zone coverage", "Man coverage"]',
  '{"index": 0}',
  'Screens rely on defenders rushing past the play. If defenders stay disciplined and don''t rush hard, they can tackle the receiver before blockers arrive.',
  true,
  NOW(),
  NOW()
) ON CONFLICT (id) DO UPDATE SET
  prompt_richtext = EXCLUDED.prompt_richtext,
  options_json = EXCLUDED.options_json,
  correct_answer_json = EXCLUDED.correct_answer_json,
  explanation_richtext = EXCLUDED.explanation_richtext,
  active = EXCLUDED.active,
  updated_at = NOW();

INSERT INTO items (id, lesson_id, type, base_prompt, answer_schema_json, difficulty, status, author_id, created_at, updated_at)
VALUES (
  '00000002-0008-0000-0000-000000000009',
  '00000002-0000-0000-0000-000000000008',
  'mcq',
  'Understand slip screen',
  '{"type": "mcq", "options": ["RB pretends to block then slips out for a pass", "QB slips and falls", "Receiver slips on the field", "An illegal play"], "correct": 0}'::jsonb,
  3,
  'live',
  (SELECT id FROM users LIMIT 1),
  NOW(),
  NOW()
) ON CONFLICT (id) DO UPDATE SET
  type = EXCLUDED.type,
  base_prompt = EXCLUDED.base_prompt,
  answer_schema_json = EXCLUDED.answer_schema_json,
  difficulty = EXCLUDED.difficulty,
  status = EXCLUDED.status,
  updated_at = NOW();

INSERT INTO item_variants (id, item_id, version, prompt_richtext, options_json, correct_answer_json, explanation_richtext, active, created_at, updated_at)
VALUES (
  '00000002-0008-0009-0000-000000000001',
  '00000002-0008-0000-0000-000000000009',
  1,
  'What is a ''slip screen''?',
  '["RB pretends to block then slips out for a pass", "QB slips and falls", "Receiver slips on the field", "An illegal play"]',
  '{"index": 0}',
  'A slip screen has the RB fake blocking a rusher, then ''slip'' out to the flat for a quick pass. It''s very effective against aggressive pass rushers.',
  true,
  NOW(),
  NOW()
) ON CONFLICT (id) DO UPDATE SET
  prompt_richtext = EXCLUDED.prompt_richtext,
  options_json = EXCLUDED.options_json,
  correct_answer_json = EXCLUDED.correct_answer_json,
  explanation_richtext = EXCLUDED.explanation_richtext,
  active = EXCLUDED.active,
  updated_at = NOW();

INSERT INTO items (id, lesson_id, type, base_prompt, answer_schema_json, difficulty, status, author_id, created_at, updated_at)
VALUES (
  '00000002-0008-0000-0000-000000000010',
  '00000002-0000-0000-0000-000000000008',
  'mcq',
  'Understand screen as constraint',
  '{"type": "mcq", "options": ["They punish defenses for being too aggressive", "They''re only used in emergencies", "They''re illegal in some situations", "They''re very difficult to execute"], "correct": 0}'::jsonb,
  3,
  'live',
  (SELECT id FROM users LIMIT 1),
  NOW(),
  NOW()
) ON CONFLICT (id) DO UPDATE SET
  type = EXCLUDED.type,
  base_prompt = EXCLUDED.base_prompt,
  answer_schema_json = EXCLUDED.answer_schema_json,
  difficulty = EXCLUDED.difficulty,
  status = EXCLUDED.status,
  updated_at = NOW();

INSERT INTO item_variants (id, item_id, version, prompt_richtext, options_json, correct_answer_json, explanation_richtext, active, created_at, updated_at)
VALUES (
  '00000002-0008-0010-0000-000000000001',
  '00000002-0008-0000-0000-000000000010',
  1,
  'Why are screens called ''constraint plays''?',
  '["They punish defenses for being too aggressive", "They''re only used in emergencies", "They''re illegal in some situations", "They''re very difficult to execute"]',
  '{"index": 0}',
  'Screens ''constrain'' or limit defensive aggression. If a defense blitzes too much, screens make them pay. This forces defenses to be more balanced.',
  true,
  NOW(),
  NOW()
) ON CONFLICT (id) DO UPDATE SET
  prompt_richtext = EXCLUDED.prompt_richtext,
  options_json = EXCLUDED.options_json,
  correct_answer_json = EXCLUDED.correct_answer_json,
  explanation_richtext = EXCLUDED.explanation_richtext,
  active = EXCLUDED.active,
  updated_at = NOW();

-- Module 2, Lesson 9: Offensive Line Basics
INSERT INTO lessons (id, module_id, title, description, order_index, est_minutes, xp_award, created_at, updated_at)
VALUES (
  '00000002-0000-0000-0000-000000000009',
  '00000000-0000-0000-0000-000000000002',
  'Offensive Line Basics',
  'Learn offensive line positions and responsibilities',
  9,
  5,
  100,
  NOW(),
  NOW()
) ON CONFLICT (id) DO UPDATE SET
  title = EXCLUDED.title,
  description = EXCLUDED.description,
  order_index = EXCLUDED.order_index,
  est_minutes = EXCLUDED.est_minutes,
  xp_award = EXCLUDED.xp_award,
  updated_at = NOW();

INSERT INTO items (id, lesson_id, type, base_prompt, answer_schema_json, difficulty, status, author_id, created_at, updated_at)
VALUES (
  '00000002-0009-0000-0000-000000000001',
  '00000002-0000-0000-0000-000000000009',
  'mcq',
  'Identify center position',
  '{"type": "mcq", "options": ["Snap the ball to the QB", "Catch passes", "Run with the ball", "Call penalties"], "correct": 0}'::jsonb,
  1,
  'live',
  (SELECT id FROM users LIMIT 1),
  NOW(),
  NOW()
) ON CONFLICT (id) DO UPDATE SET
  type = EXCLUDED.type,
  base_prompt = EXCLUDED.base_prompt,
  answer_schema_json = EXCLUDED.answer_schema_json,
  difficulty = EXCLUDED.difficulty,
  status = EXCLUDED.status,
  updated_at = NOW();

INSERT INTO item_variants (id, item_id, version, prompt_richtext, options_json, correct_answer_json, explanation_richtext, active, created_at, updated_at)
VALUES (
  '00000002-0009-0001-0000-000000000001',
  '00000002-0009-0000-0000-000000000001',
  1,
  'What is the center''s primary job?',
  '["Snap the ball to the QB", "Catch passes", "Run with the ball", "Call penalties"]',
  '{"index": 0}',
  'The center snaps (hikes) the ball to the QB to start every play. The center also makes blocking calls and identifies defensive alignments.',
  true,
  NOW(),
  NOW()
) ON CONFLICT (id) DO UPDATE SET
  prompt_richtext = EXCLUDED.prompt_richtext,
  options_json = EXCLUDED.options_json,
  correct_answer_json = EXCLUDED.correct_answer_json,
  explanation_richtext = EXCLUDED.explanation_richtext,
  active = EXCLUDED.active,
  updated_at = NOW();

INSERT INTO items (id, lesson_id, type, base_prompt, answer_schema_json, difficulty, status, author_id, created_at, updated_at)
VALUES (
  '00000002-0009-0000-0000-000000000002',
  '00000002-0000-0000-0000-000000000009',
  'mcq',
  'Identify guard positions',
  '{"type": "mcq", "options": ["On either side of the center", "At the ends of the line", "In the backfield", "Behind the tackles"], "correct": 0}'::jsonb,
  2,
  'live',
  (SELECT id FROM users LIMIT 1),
  NOW(),
  NOW()
) ON CONFLICT (id) DO UPDATE SET
  type = EXCLUDED.type,
  base_prompt = EXCLUDED.base_prompt,
  answer_schema_json = EXCLUDED.answer_schema_json,
  difficulty = EXCLUDED.difficulty,
  status = EXCLUDED.status,
  updated_at = NOW();

INSERT INTO item_variants (id, item_id, version, prompt_richtext, options_json, correct_answer_json, explanation_richtext, active, created_at, updated_at)
VALUES (
  '00000002-0009-0002-0000-000000000001',
  '00000002-0009-0000-0000-000000000002',
  1,
  'Where do the guards line up?',
  '["On either side of the center", "At the ends of the line", "In the backfield", "Behind the tackles"]',
  '{"index": 0}',
  'The two guards line up on either side of the center. They''re typically the most athletic linemen and often ''pull'' to lead block on running plays.',
  true,
  NOW(),
  NOW()
) ON CONFLICT (id) DO UPDATE SET
  prompt_richtext = EXCLUDED.prompt_richtext,
  options_json = EXCLUDED.options_json,
  correct_answer_json = EXCLUDED.correct_answer_json,
  explanation_richtext = EXCLUDED.explanation_richtext,
  active = EXCLUDED.active,
  updated_at = NOW();

INSERT INTO items (id, lesson_id, type, base_prompt, answer_schema_json, difficulty, status, author_id, created_at, updated_at)
VALUES (
  '00000002-0009-0000-0000-000000000003',
  '00000002-0000-0000-0000-000000000009',
  'mcq',
  'Identify tackle positions',
  '{"type": "mcq", "options": ["Outside the guards, at the ends of the line", "Next to the center", "In the backfield", "They don''t line up on the line"], "correct": 0}'::jsonb,
  2,
  'live',
  (SELECT id FROM users LIMIT 1),
  NOW(),
  NOW()
) ON CONFLICT (id) DO UPDATE SET
  type = EXCLUDED.type,
  base_prompt = EXCLUDED.base_prompt,
  answer_schema_json = EXCLUDED.answer_schema_json,
  difficulty = EXCLUDED.difficulty,
  status = EXCLUDED.status,
  updated_at = NOW();

INSERT INTO item_variants (id, item_id, version, prompt_richtext, options_json, correct_answer_json, explanation_richtext, active, created_at, updated_at)
VALUES (
  '00000002-0009-0003-0000-000000000001',
  '00000002-0009-0000-0000-000000000003',
  1,
  'Where do offensive tackles line up?',
  '["Outside the guards, at the ends of the line", "Next to the center", "In the backfield", "They don''t line up on the line"]',
  '{"index": 0}',
  'Offensive tackles line up outside the guards at the ends of the offensive line. They typically block defensive ends and outside linebackers.',
  true,
  NOW(),
  NOW()
) ON CONFLICT (id) DO UPDATE SET
  prompt_richtext = EXCLUDED.prompt_richtext,
  options_json = EXCLUDED.options_json,
  correct_answer_json = EXCLUDED.correct_answer_json,
  explanation_richtext = EXCLUDED.explanation_richtext,
  active = EXCLUDED.active,
  updated_at = NOW();

INSERT INTO items (id, lesson_id, type, base_prompt, answer_schema_json, difficulty, status, author_id, created_at, updated_at)
VALUES (
  '00000002-0009-0000-0000-000000000004',
  '00000002-0000-0000-0000-000000000009',
  'mcq',
  'Understand left tackle importance',
  '{"type": "mcq", "options": ["Protects the QB''s blind side (for right-handed QBs)", "They''re the team captain", "They snap the ball", "They''re the biggest player"], "correct": 0}'::jsonb,
  2,
  'live',
  (SELECT id FROM users LIMIT 1),
  NOW(),
  NOW()
) ON CONFLICT (id) DO UPDATE SET
  type = EXCLUDED.type,
  base_prompt = EXCLUDED.base_prompt,
  answer_schema_json = EXCLUDED.answer_schema_json,
  difficulty = EXCLUDED.difficulty,
  status = EXCLUDED.status,
  updated_at = NOW();

INSERT INTO item_variants (id, item_id, version, prompt_richtext, options_json, correct_answer_json, explanation_richtext, active, created_at, updated_at)
VALUES (
  '00000002-0009-0004-0000-000000000001',
  '00000002-0009-0000-0000-000000000004',
  1,
  'Why is the left tackle often the highest-paid offensive lineman?',
  '["Protects the QB''s blind side (for right-handed QBs)", "They''re the team captain", "They snap the ball", "They''re the biggest player"]',
  '{"index": 0}',
  'For right-handed QBs, the left tackle protects the ''blind side'' - the side the QB can''t see while looking downfield. This is the most critical pass protection position.',
  true,
  NOW(),
  NOW()
) ON CONFLICT (id) DO UPDATE SET
  prompt_richtext = EXCLUDED.prompt_richtext,
  options_json = EXCLUDED.options_json,
  correct_answer_json = EXCLUDED.correct_answer_json,
  explanation_richtext = EXCLUDED.explanation_richtext,
  active = EXCLUDED.active,
  updated_at = NOW();

INSERT INTO items (id, lesson_id, type, base_prompt, answer_schema_json, difficulty, status, author_id, created_at, updated_at)
VALUES (
  '00000002-0009-0000-0000-000000000005',
  '00000002-0000-0000-0000-000000000009',
  'mcq',
  'Identify gaps',
  '{"type": "mcq", "options": ["Spaces between offensive linemen", "Holes in the defense", "Mistakes by the offense", "Time between plays"], "correct": 0}'::jsonb,
  2,
  'live',
  (SELECT id FROM users LIMIT 1),
  NOW(),
  NOW()
) ON CONFLICT (id) DO UPDATE SET
  type = EXCLUDED.type,
  base_prompt = EXCLUDED.base_prompt,
  answer_schema_json = EXCLUDED.answer_schema_json,
  difficulty = EXCLUDED.difficulty,
  status = EXCLUDED.status,
  updated_at = NOW();

INSERT INTO item_variants (id, item_id, version, prompt_richtext, options_json, correct_answer_json, explanation_richtext, active, created_at, updated_at)
VALUES (
  '00000002-0009-0005-0000-000000000001',
  '00000002-0009-0000-0000-000000000005',
  1,
  'What are ''gaps'' in offensive line terminology?',
  '["Spaces between offensive linemen", "Holes in the defense", "Mistakes by the offense", "Time between plays"]',
  '{"index": 0}',
  'Gaps are the spaces between offensive linemen, labeled A (next to center), B (guard-tackle), C (tackle-TE), etc. Running plays target specific gaps.',
  true,
  NOW(),
  NOW()
) ON CONFLICT (id) DO UPDATE SET
  prompt_richtext = EXCLUDED.prompt_richtext,
  options_json = EXCLUDED.options_json,
  correct_answer_json = EXCLUDED.correct_answer_json,
  explanation_richtext = EXCLUDED.explanation_richtext,
  active = EXCLUDED.active,
  updated_at = NOW();

INSERT INTO items (id, lesson_id, type, base_prompt, answer_schema_json, difficulty, status, author_id, created_at, updated_at)
VALUES (
  '00000002-0009-0000-0000-000000000006',
  '00000002-0000-0000-0000-000000000009',
  'mcq',
  'Understand pulling guard',
  '{"type": "mcq", "options": ["Leaves their position to lead block elsewhere", "Pulls the defender down", "Pulls the QB back", "It''s a penalty"], "correct": 0}'::jsonb,
  3,
  'live',
  (SELECT id FROM users LIMIT 1),
  NOW(),
  NOW()
) ON CONFLICT (id) DO UPDATE SET
  type = EXCLUDED.type,
  base_prompt = EXCLUDED.base_prompt,
  answer_schema_json = EXCLUDED.answer_schema_json,
  difficulty = EXCLUDED.difficulty,
  status = EXCLUDED.status,
  updated_at = NOW();

INSERT INTO item_variants (id, item_id, version, prompt_richtext, options_json, correct_answer_json, explanation_richtext, active, created_at, updated_at)
VALUES (
  '00000002-0009-0006-0000-000000000001',
  '00000002-0009-0000-0000-000000000006',
  1,
  'What does it mean when a guard ''pulls''?',
  '["Leaves their position to lead block elsewhere", "Pulls the defender down", "Pulls the QB back", "It''s a penalty"]',
  '{"index": 0}',
  'When a guard pulls, they leave their position and run laterally to lead block for a running play. This creates power and numbers advantage at the point of attack.',
  true,
  NOW(),
  NOW()
) ON CONFLICT (id) DO UPDATE SET
  prompt_richtext = EXCLUDED.prompt_richtext,
  options_json = EXCLUDED.options_json,
  correct_answer_json = EXCLUDED.correct_answer_json,
  explanation_richtext = EXCLUDED.explanation_richtext,
  active = EXCLUDED.active,
  updated_at = NOW();

INSERT INTO items (id, lesson_id, type, base_prompt, answer_schema_json, difficulty, status, author_id, created_at, updated_at)
VALUES (
  '00000002-0009-0000-0000-000000000007',
  '00000002-0000-0000-0000-000000000009',
  'mcq',
  'Identify offensive line count',
  '{"type": "mcq", "options": ["5", "7", "3", "11"], "correct": 0}'::jsonb,
  1,
  'live',
  (SELECT id FROM users LIMIT 1),
  NOW(),
  NOW()
) ON CONFLICT (id) DO UPDATE SET
  type = EXCLUDED.type,
  base_prompt = EXCLUDED.base_prompt,
  answer_schema_json = EXCLUDED.answer_schema_json,
  difficulty = EXCLUDED.difficulty,
  status = EXCLUDED.status,
  updated_at = NOW();

INSERT INTO item_variants (id, item_id, version, prompt_richtext, options_json, correct_answer_json, explanation_richtext, active, created_at, updated_at)
VALUES (
  '00000002-0009-0007-0000-000000000001',
  '00000002-0009-0000-0000-000000000007',
  1,
  'How many offensive linemen are on the field for most plays?',
  '["5", "7", "3", "11"]',
  '{"index": 0}',
  'There are always 5 offensive linemen: center, 2 guards, and 2 tackles. They''re the only players who can''t catch forward passes.',
  true,
  NOW(),
  NOW()
) ON CONFLICT (id) DO UPDATE SET
  prompt_richtext = EXCLUDED.prompt_richtext,
  options_json = EXCLUDED.options_json,
  correct_answer_json = EXCLUDED.correct_answer_json,
  explanation_richtext = EXCLUDED.explanation_richtext,
  active = EXCLUDED.active,
  updated_at = NOW();

INSERT INTO items (id, lesson_id, type, base_prompt, answer_schema_json, difficulty, status, author_id, created_at, updated_at)
VALUES (
  '00000002-0009-0000-0000-000000000008',
  '00000002-0000-0000-0000-000000000009',
  'mcq',
  'Understand double team',
  '{"type": "mcq", "options": ["Two blockers blocking one defender", "Blocking two defenders", "Two plays in a row", "A penalty"], "correct": 0}'::jsonb,
  2,
  'live',
  (SELECT id FROM users LIMIT 1),
  NOW(),
  NOW()
) ON CONFLICT (id) DO UPDATE SET
  type = EXCLUDED.type,
  base_prompt = EXCLUDED.base_prompt,
  answer_schema_json = EXCLUDED.answer_schema_json,
  difficulty = EXCLUDED.difficulty,
  status = EXCLUDED.status,
  updated_at = NOW();

INSERT INTO item_variants (id, item_id, version, prompt_richtext, options_json, correct_answer_json, explanation_richtext, active, created_at, updated_at)
VALUES (
  '00000002-0009-0008-0000-000000000001',
  '00000002-0009-0000-0000-000000000008',
  1,
  'What is a ''double team'' block?',
  '["Two blockers blocking one defender", "Blocking two defenders", "Two plays in a row", "A penalty"]',
  '{"index": 0}',
  'A double team has two offensive linemen blocking one defensive player. This is used against strong defenders or to create movement at the point of attack.',
  true,
  NOW(),
  NOW()
) ON CONFLICT (id) DO UPDATE SET
  prompt_richtext = EXCLUDED.prompt_richtext,
  options_json = EXCLUDED.options_json,
  correct_answer_json = EXCLUDED.correct_answer_json,
  explanation_richtext = EXCLUDED.explanation_richtext,
  active = EXCLUDED.active,
  updated_at = NOW();

INSERT INTO items (id, lesson_id, type, base_prompt, answer_schema_json, difficulty, status, author_id, created_at, updated_at)
VALUES (
  '00000002-0009-0000-0000-000000000009',
  '00000002-0000-0000-0000-000000000009',
  'mcq',
  'Identify combo block',
  '{"type": "mcq", "options": ["Two linemen double team, then one peels off to block a linebacker", "Blocking two defenders at once", "A type of run play", "An illegal block"], "correct": 0}'::jsonb,
  3,
  'live',
  (SELECT id FROM users LIMIT 1),
  NOW(),
  NOW()
) ON CONFLICT (id) DO UPDATE SET
  type = EXCLUDED.type,
  base_prompt = EXCLUDED.base_prompt,
  answer_schema_json = EXCLUDED.answer_schema_json,
  difficulty = EXCLUDED.difficulty,
  status = EXCLUDED.status,
  updated_at = NOW();

INSERT INTO item_variants (id, item_id, version, prompt_richtext, options_json, correct_answer_json, explanation_richtext, active, created_at, updated_at)
VALUES (
  '00000002-0009-0009-0000-000000000001',
  '00000002-0009-0000-0000-000000000009',
  1,
  'What is a ''combo block''?',
  '["Two linemen double team, then one peels off to block a linebacker", "Blocking two defenders at once", "A type of run play", "An illegal block"]',
  '{"index": 0}',
  'A combo block starts as a double team on a defensive lineman, then one blocker ''peels off'' to block a linebacker at the second level. It''s fundamental to zone blocking.',
  true,
  NOW(),
  NOW()
) ON CONFLICT (id) DO UPDATE SET
  prompt_richtext = EXCLUDED.prompt_richtext,
  options_json = EXCLUDED.options_json,
  correct_answer_json = EXCLUDED.correct_answer_json,
  explanation_richtext = EXCLUDED.explanation_richtext,
  active = EXCLUDED.active,
  updated_at = NOW();

INSERT INTO items (id, lesson_id, type, base_prompt, answer_schema_json, difficulty, status, author_id, created_at, updated_at)
VALUES (
  '00000002-0009-0000-0000-000000000010',
  '00000002-0000-0000-0000-000000000009',
  'mcq',
  'Understand line splits',
  '{"type": "mcq", "options": ["The distance between offensive linemen", "When the line breaks apart", "A type of formation", "A penalty"], "correct": 0}'::jsonb,
  3,
  'live',
  (SELECT id FROM users LIMIT 1),
  NOW(),
  NOW()
) ON CONFLICT (id) DO UPDATE SET
  type = EXCLUDED.type,
  base_prompt = EXCLUDED.base_prompt,
  answer_schema_json = EXCLUDED.answer_schema_json,
  difficulty = EXCLUDED.difficulty,
  status = EXCLUDED.status,
  updated_at = NOW();

INSERT INTO item_variants (id, item_id, version, prompt_richtext, options_json, correct_answer_json, explanation_richtext, active, created_at, updated_at)
VALUES (
  '00000002-0009-0010-0000-000000000001',
  '00000002-0009-0000-0000-000000000010',
  1,
  'What are ''line splits''?',
  '["The distance between offensive linemen", "When the line breaks apart", "A type of formation", "A penalty"]',
  '{"index": 0}',
  'Line splits are the spacing between offensive linemen. Wider splits create bigger running lanes but make pass protection harder. Splits vary by play type.',
  true,
  NOW(),
  NOW()
) ON CONFLICT (id) DO UPDATE SET
  prompt_richtext = EXCLUDED.prompt_richtext,
  options_json = EXCLUDED.options_json,
  correct_answer_json = EXCLUDED.correct_answer_json,
  explanation_richtext = EXCLUDED.explanation_richtext,
  active = EXCLUDED.active,
  updated_at = NOW();

-- Module 2, Lesson 10: Run Blocking Schemes
INSERT INTO lessons (id, module_id, title, description, order_index, est_minutes, xp_award, created_at, updated_at)
VALUES (
  '00000002-0000-0000-0000-000000000010',
  '00000000-0000-0000-0000-000000000002',
  'Run Blocking Schemes',
  'Learn the two main run blocking philosophies',
  10,
  5,
  100,
  NOW(),
  NOW()
) ON CONFLICT (id) DO UPDATE SET
  title = EXCLUDED.title,
  description = EXCLUDED.description,
  order_index = EXCLUDED.order_index,
  est_minutes = EXCLUDED.est_minutes,
  xp_award = EXCLUDED.xp_award,
  updated_at = NOW();

INSERT INTO items (id, lesson_id, type, base_prompt, answer_schema_json, difficulty, status, author_id, created_at, updated_at)
VALUES (
  '00000002-0010-0000-0000-000000000001',
  '00000002-0000-0000-0000-000000000010',
  'mcq',
  'Identify zone blocking',
  '{"type": "mcq", "options": ["Areas/zones rather than specific players", "Specific assigned defenders", "Nobody - they run routes", "The referee"], "correct": 0}'::jsonb,
  2,
  'live',
  (SELECT id FROM users LIMIT 1),
  NOW(),
  NOW()
) ON CONFLICT (id) DO UPDATE SET
  type = EXCLUDED.type,
  base_prompt = EXCLUDED.base_prompt,
  answer_schema_json = EXCLUDED.answer_schema_json,
  difficulty = EXCLUDED.difficulty,
  status = EXCLUDED.status,
  updated_at = NOW();

INSERT INTO item_variants (id, item_id, version, prompt_richtext, options_json, correct_answer_json, explanation_richtext, active, created_at, updated_at)
VALUES (
  '00000002-0010-0001-0000-000000000001',
  '00000002-0010-0000-0000-000000000001',
  1,
  'In zone blocking, what do offensive linemen block?',
  '["Areas/zones rather than specific players", "Specific assigned defenders", "Nobody - they run routes", "The referee"]',
  '{"index": 0}',
  'Zone blocking has linemen block areas (zones) rather than specific defenders. They work together to create running lanes wherever the defense is weakest.',
  true,
  NOW(),
  NOW()
) ON CONFLICT (id) DO UPDATE SET
  prompt_richtext = EXCLUDED.prompt_richtext,
  options_json = EXCLUDED.options_json,
  correct_answer_json = EXCLUDED.correct_answer_json,
  explanation_richtext = EXCLUDED.explanation_richtext,
  active = EXCLUDED.active,
  updated_at = NOW();

INSERT INTO items (id, lesson_id, type, base_prompt, answer_schema_json, difficulty, status, author_id, created_at, updated_at)
VALUES (
  '00000002-0010-0000-0000-000000000002',
  '00000002-0000-0000-0000-000000000010',
  'mcq',
  'Identify gap blocking',
  '{"type": "mcq", "options": ["Block specific assigned defenders", "Block zones", "Pull to the outside", "Don''t block anyone"], "correct": 0}'::jsonb,
  2,
  'live',
  (SELECT id FROM users LIMIT 1),
  NOW(),
  NOW()
) ON CONFLICT (id) DO UPDATE SET
  type = EXCLUDED.type,
  base_prompt = EXCLUDED.base_prompt,
  answer_schema_json = EXCLUDED.answer_schema_json,
  difficulty = EXCLUDED.difficulty,
  status = EXCLUDED.status,
  updated_at = NOW();

INSERT INTO item_variants (id, item_id, version, prompt_richtext, options_json, correct_answer_json, explanation_richtext, active, created_at, updated_at)
VALUES (
  '00000002-0010-0002-0000-000000000001',
  '00000002-0010-0000-0000-000000000002',
  1,
  'In gap (or man) blocking, what do offensive linemen do?',
  '["Block specific assigned defenders", "Block zones", "Pull to the outside", "Don''t block anyone"]',
  '{"index": 0}',
  'Gap or man blocking assigns each lineman a specific defender to block. The play is designed to go to a specific gap regardless of defensive alignment.',
  true,
  NOW(),
  NOW()
) ON CONFLICT (id) DO UPDATE SET
  prompt_richtext = EXCLUDED.prompt_richtext,
  options_json = EXCLUDED.options_json,
  correct_answer_json = EXCLUDED.correct_answer_json,
  explanation_richtext = EXCLUDED.explanation_richtext,
  active = EXCLUDED.active,
  updated_at = NOW();

INSERT INTO items (id, lesson_id, type, base_prompt, answer_schema_json, difficulty, status, author_id, created_at, updated_at)
VALUES (
  '00000002-0010-0000-0000-000000000003',
  '00000002-0000-0000-0000-000000000010',
  'mcq',
  'Understand zone blocking advantage',
  '{"type": "mcq", "options": ["Adapts to defensive movement, RB finds the best hole", "More powerful", "Easier to learn", "Works against any defense"], "correct": 0}'::jsonb,
  3,
  'live',
  (SELECT id FROM users LIMIT 1),
  NOW(),
  NOW()
) ON CONFLICT (id) DO UPDATE SET
  type = EXCLUDED.type,
  base_prompt = EXCLUDED.base_prompt,
  answer_schema_json = EXCLUDED.answer_schema_json,
  difficulty = EXCLUDED.difficulty,
  status = EXCLUDED.status,
  updated_at = NOW();

INSERT INTO item_variants (id, item_id, version, prompt_richtext, options_json, correct_answer_json, explanation_richtext, active, created_at, updated_at)
VALUES (
  '00000002-0010-0003-0000-000000000001',
  '00000002-0010-0000-0000-000000000003',
  1,
  'What is the main advantage of zone blocking?',
  '["Adapts to defensive movement, RB finds the best hole", "More powerful", "Easier to learn", "Works against any defense"]',
  '{"index": 0}',
  'Zone blocking is flexible - linemen work together to block areas, and the RB reads the defense to find the best hole. It adapts to what the defense does.',
  true,
  NOW(),
  NOW()
) ON CONFLICT (id) DO UPDATE SET
  prompt_richtext = EXCLUDED.prompt_richtext,
  options_json = EXCLUDED.options_json,
  correct_answer_json = EXCLUDED.correct_answer_json,
  explanation_richtext = EXCLUDED.explanation_richtext,
  active = EXCLUDED.active,
  updated_at = NOW();

INSERT INTO items (id, lesson_id, type, base_prompt, answer_schema_json, difficulty, status, author_id, created_at, updated_at)
VALUES (
  '00000002-0010-0000-0000-000000000004',
  '00000002-0000-0000-0000-000000000010',
  'mcq',
  'Understand gap blocking advantage',
  '{"type": "mcq", "options": ["More physical and powerful at the point of attack", "More flexible", "Easier to execute", "Better for passing"], "correct": 0}'::jsonb,
  3,
  'live',
  (SELECT id FROM users LIMIT 1),
  NOW(),
  NOW()
) ON CONFLICT (id) DO UPDATE SET
  type = EXCLUDED.type,
  base_prompt = EXCLUDED.base_prompt,
  answer_schema_json = EXCLUDED.answer_schema_json,
  difficulty = EXCLUDED.difficulty,
  status = EXCLUDED.status,
  updated_at = NOW();

INSERT INTO item_variants (id, item_id, version, prompt_richtext, options_json, correct_answer_json, explanation_richtext, active, created_at, updated_at)
VALUES (
  '00000002-0010-0004-0000-000000000001',
  '00000002-0010-0000-0000-000000000004',
  1,
  'What is the main advantage of gap blocking?',
  '["More physical and powerful at the point of attack", "More flexible", "Easier to execute", "Better for passing"]',
  '{"index": 0}',
  'Gap blocking is more physical - linemen drive specific defenders backward. It''s less flexible but more powerful when you want to impose your will.',
  true,
  NOW(),
  NOW()
) ON CONFLICT (id) DO UPDATE SET
  prompt_richtext = EXCLUDED.prompt_richtext,
  options_json = EXCLUDED.options_json,
  correct_answer_json = EXCLUDED.correct_answer_json,
  explanation_richtext = EXCLUDED.explanation_richtext,
  active = EXCLUDED.active,
  updated_at = NOW();

INSERT INTO items (id, lesson_id, type, base_prompt, answer_schema_json, difficulty, status, author_id, created_at, updated_at)
VALUES (
  '00000002-0010-0000-0000-000000000005',
  '00000002-0000-0000-0000-000000000010',
  'mcq',
  'Identify outside zone',
  '{"type": "mcq", "options": ["Linemen block laterally, RB runs to the edge", "Linemen block straight ahead", "A passing play", "A trick play"], "correct": 0}'::jsonb,
  3,
  'live',
  (SELECT id FROM users LIMIT 1),
  NOW(),
  NOW()
) ON CONFLICT (id) DO UPDATE SET
  type = EXCLUDED.type,
  base_prompt = EXCLUDED.base_prompt,
  answer_schema_json = EXCLUDED.answer_schema_json,
  difficulty = EXCLUDED.difficulty,
  status = EXCLUDED.status,
  updated_at = NOW();

INSERT INTO item_variants (id, item_id, version, prompt_richtext, options_json, correct_answer_json, explanation_richtext, active, created_at, updated_at)
VALUES (
  '00000002-0010-0005-0000-000000000001',
  '00000002-0010-0000-0000-000000000005',
  1,
  'What is ''outside zone'' or ''stretch'' play?',
  '["Linemen block laterally, RB runs to the edge", "Linemen block straight ahead", "A passing play", "A trick play"]',
  '{"index": 0}',
  'Outside zone has linemen block laterally toward the sideline, creating running lanes on the edge. The RB reads blocks and can cut inside or bounce outside.',
  true,
  NOW(),
  NOW()
) ON CONFLICT (id) DO UPDATE SET
  prompt_richtext = EXCLUDED.prompt_richtext,
  options_json = EXCLUDED.options_json,
  correct_answer_json = EXCLUDED.correct_answer_json,
  explanation_richtext = EXCLUDED.explanation_richtext,
  active = EXCLUDED.active,
  updated_at = NOW();

INSERT INTO items (id, lesson_id, type, base_prompt, answer_schema_json, difficulty, status, author_id, created_at, updated_at)
VALUES (
  '00000002-0010-0000-0000-000000000006',
  '00000002-0000-0000-0000-000000000010',
  'mcq',
  'Identify inside zone',
  '{"type": "mcq", "options": ["Zone blocking up the middle between the tackles", "Zone blocking to the outside", "A passing play", "A defensive scheme"], "correct": 0}'::jsonb,
  2,
  'live',
  (SELECT id FROM users LIMIT 1),
  NOW(),
  NOW()
) ON CONFLICT (id) DO UPDATE SET
  type = EXCLUDED.type,
  base_prompt = EXCLUDED.base_prompt,
  answer_schema_json = EXCLUDED.answer_schema_json,
  difficulty = EXCLUDED.difficulty,
  status = EXCLUDED.status,
  updated_at = NOW();

INSERT INTO item_variants (id, item_id, version, prompt_richtext, options_json, correct_answer_json, explanation_richtext, active, created_at, updated_at)
VALUES (
  '00000002-0010-0006-0000-000000000001',
  '00000002-0010-0000-0000-000000000006',
  1,
  'What is ''inside zone''?',
  '["Zone blocking up the middle between the tackles", "Zone blocking to the outside", "A passing play", "A defensive scheme"]',
  '{"index": 0}',
  'Inside zone is zone blocking aimed at the interior gaps (A, B gaps). Linemen work laterally but the play targets inside running lanes.',
  true,
  NOW(),
  NOW()
) ON CONFLICT (id) DO UPDATE SET
  prompt_richtext = EXCLUDED.prompt_richtext,
  options_json = EXCLUDED.options_json,
  correct_answer_json = EXCLUDED.correct_answer_json,
  explanation_richtext = EXCLUDED.explanation_richtext,
  active = EXCLUDED.active,
  updated_at = NOW();

INSERT INTO items (id, lesson_id, type, base_prompt, answer_schema_json, difficulty, status, author_id, created_at, updated_at)
VALUES (
  '00000002-0010-0000-0000-000000000007',
  '00000002-0000-0000-0000-000000000010',
  'mcq',
  'Identify power run',
  '{"type": "mcq", "options": ["Gap blocking with a pulling guard leading", "Zone blocking", "A passing play", "A trick play"], "correct": 0}'::jsonb,
  2,
  'live',
  (SELECT id FROM users LIMIT 1),
  NOW(),
  NOW()
) ON CONFLICT (id) DO UPDATE SET
  type = EXCLUDED.type,
  base_prompt = EXCLUDED.base_prompt,
  answer_schema_json = EXCLUDED.answer_schema_json,
  difficulty = EXCLUDED.difficulty,
  status = EXCLUDED.status,
  updated_at = NOW();

INSERT INTO item_variants (id, item_id, version, prompt_richtext, options_json, correct_answer_json, explanation_richtext, active, created_at, updated_at)
VALUES (
  '00000002-0010-0007-0000-000000000001',
  '00000002-0010-0000-0000-000000000007',
  1,
  'What is a ''power'' run play?',
  '["Gap blocking with a pulling guard leading", "Zone blocking", "A passing play", "A trick play"]',
  '{"index": 0}',
  'Power is a gap blocking scheme where a guard pulls to lead block through a specific gap. It''s a physical, downhill running play.',
  true,
  NOW(),
  NOW()
) ON CONFLICT (id) DO UPDATE SET
  prompt_richtext = EXCLUDED.prompt_richtext,
  options_json = EXCLUDED.options_json,
  correct_answer_json = EXCLUDED.correct_answer_json,
  explanation_richtext = EXCLUDED.explanation_richtext,
  active = EXCLUDED.active,
  updated_at = NOW();

INSERT INTO items (id, lesson_id, type, base_prompt, answer_schema_json, difficulty, status, author_id, created_at, updated_at)
VALUES (
  '00000002-0010-0000-0000-000000000008',
  '00000002-0000-0000-0000-000000000010',
  'mcq',
  'Identify counter run',
  '{"type": "mcq", "options": ["RB fakes one direction, then runs the opposite way", "Running straight ahead", "A passing play", "Running backward"], "correct": 0}'::jsonb,
  3,
  'live',
  (SELECT id FROM users LIMIT 1),
  NOW(),
  NOW()
) ON CONFLICT (id) DO UPDATE SET
  type = EXCLUDED.type,
  base_prompt = EXCLUDED.base_prompt,
  answer_schema_json = EXCLUDED.answer_schema_json,
  difficulty = EXCLUDED.difficulty,
  status = EXCLUDED.status,
  updated_at = NOW();

INSERT INTO item_variants (id, item_id, version, prompt_richtext, options_json, correct_answer_json, explanation_richtext, active, created_at, updated_at)
VALUES (
  '00000002-0010-0008-0000-000000000001',
  '00000002-0010-0000-0000-000000000008',
  1,
  'What is a ''counter'' run?',
  '["RB fakes one direction, then runs the opposite way", "Running straight ahead", "A passing play", "Running backward"]',
  '{"index": 0}',
  'A counter has the RB take a step one direction (to freeze the defense), then run the opposite way with pulling blockers. It''s effective against aggressive defenses.',
  true,
  NOW(),
  NOW()
) ON CONFLICT (id) DO UPDATE SET
  prompt_richtext = EXCLUDED.prompt_richtext,
  options_json = EXCLUDED.options_json,
  correct_answer_json = EXCLUDED.correct_answer_json,
  explanation_richtext = EXCLUDED.explanation_richtext,
  active = EXCLUDED.active,
  updated_at = NOW();

INSERT INTO items (id, lesson_id, type, base_prompt, answer_schema_json, difficulty, status, author_id, created_at, updated_at)
VALUES (
  '00000002-0010-0000-0000-000000000009',
  '00000002-0000-0000-0000-000000000010',
  'mcq',
  'Understand reach block',
  '{"type": "mcq", "options": ["Blocker tries to get outside shoulder of defender", "Blocker reaches for the ball", "Blocker reaches for the QB", "An illegal block"], "correct": 0}'::jsonb,
  3,
  'live',
  (SELECT id FROM users LIMIT 1),
  NOW(),
  NOW()
) ON CONFLICT (id) DO UPDATE SET
  type = EXCLUDED.type,
  base_prompt = EXCLUDED.base_prompt,
  answer_schema_json = EXCLUDED.answer_schema_json,
  difficulty = EXCLUDED.difficulty,
  status = EXCLUDED.status,
  updated_at = NOW();

INSERT INTO item_variants (id, item_id, version, prompt_richtext, options_json, correct_answer_json, explanation_richtext, active, created_at, updated_at)
VALUES (
  '00000002-0010-0009-0000-000000000001',
  '00000002-0010-0000-0000-000000000009',
  1,
  'What is a ''reach block'' in zone blocking?',
  '["Blocker tries to get outside shoulder of defender", "Blocker reaches for the ball", "Blocker reaches for the QB", "An illegal block"]',
  '{"index": 0}',
  'A reach block has the blocker try to get to the outside shoulder of the defender, sealing them inside. This creates running lanes on the edge.',
  true,
  NOW(),
  NOW()
) ON CONFLICT (id) DO UPDATE SET
  prompt_richtext = EXCLUDED.prompt_richtext,
  options_json = EXCLUDED.options_json,
  correct_answer_json = EXCLUDED.correct_answer_json,
  explanation_richtext = EXCLUDED.explanation_richtext,
  active = EXCLUDED.active,
  updated_at = NOW();

INSERT INTO items (id, lesson_id, type, base_prompt, answer_schema_json, difficulty, status, author_id, created_at, updated_at)
VALUES (
  '00000002-0010-0000-0000-000000000010',
  '00000002-0000-0000-0000-000000000010',
  'mcq',
  'Identify trap block',
  '{"type": "mcq", "options": ["Let a defender through, then block them from the side", "Block the defender straight on", "A passing play", "An illegal block"], "correct": 0}'::jsonb,
  3,
  'live',
  (SELECT id FROM users LIMIT 1),
  NOW(),
  NOW()
) ON CONFLICT (id) DO UPDATE SET
  type = EXCLUDED.type,
  base_prompt = EXCLUDED.base_prompt,
  answer_schema_json = EXCLUDED.answer_schema_json,
  difficulty = EXCLUDED.difficulty,
  status = EXCLUDED.status,
  updated_at = NOW();

INSERT INTO item_variants (id, item_id, version, prompt_richtext, options_json, correct_answer_json, explanation_richtext, active, created_at, updated_at)
VALUES (
  '00000002-0010-0010-0000-000000000001',
  '00000002-0010-0000-0000-000000000010',
  1,
  'What is a ''trap'' block?',
  '["Let a defender through, then block them from the side", "Block the defender straight on", "A passing play", "An illegal block"]',
  '{"index": 0}',
  'A trap intentionally lets a defensive lineman through unblocked, then a pulling guard ''traps'' them from the side. The RB runs through the created gap.',
  true,
  NOW(),
  NOW()
) ON CONFLICT (id) DO UPDATE SET
  prompt_richtext = EXCLUDED.prompt_richtext,
  options_json = EXCLUDED.options_json,
  correct_answer_json = EXCLUDED.correct_answer_json,
  explanation_richtext = EXCLUDED.explanation_richtext,
  active = EXCLUDED.active,
  updated_at = NOW();

-- Module 2, Lesson 11: Pass Protection
INSERT INTO lessons (id, module_id, title, description, order_index, est_minutes, xp_award, created_at, updated_at)
VALUES (
  '00000002-0000-0000-0000-000000000011',
  '00000000-0000-0000-0000-000000000002',
  'Pass Protection',
  'Learn how offensive lines protect the quarterback',
  11,
  5,
  100,
  NOW(),
  NOW()
) ON CONFLICT (id) DO UPDATE SET
  title = EXCLUDED.title,
  description = EXCLUDED.description,
  order_index = EXCLUDED.order_index,
  est_minutes = EXCLUDED.est_minutes,
  xp_award = EXCLUDED.xp_award,
  updated_at = NOW();

INSERT INTO items (id, lesson_id, type, base_prompt, answer_schema_json, difficulty, status, author_id, created_at, updated_at)
VALUES (
  '00000002-0011-0000-0000-000000000001',
  '00000002-0000-0000-0000-000000000011',
  'mcq',
  'Understand pass protection goal',
  '{"type": "mcq", "options": ["Protect the QB from pass rushers", "Run downfield", "Catch the ball", "Block for running backs"], "correct": 0}'::jsonb,
  1,
  'live',
  (SELECT id FROM users LIMIT 1),
  NOW(),
  NOW()
) ON CONFLICT (id) DO UPDATE SET
  type = EXCLUDED.type,
  base_prompt = EXCLUDED.base_prompt,
  answer_schema_json = EXCLUDED.answer_schema_json,
  difficulty = EXCLUDED.difficulty,
  status = EXCLUDED.status,
  updated_at = NOW();

INSERT INTO item_variants (id, item_id, version, prompt_richtext, options_json, correct_answer_json, explanation_richtext, active, created_at, updated_at)
VALUES (
  '00000002-0011-0001-0000-000000000001',
  '00000002-0011-0000-0000-000000000001',
  1,
  'What is the offensive line''s job on passing plays?',
  '["Protect the QB from pass rushers", "Run downfield", "Catch the ball", "Block for running backs"]',
  '{"index": 0}',
  'On passing plays, the offensive line must protect the QB from defensive pass rushers, giving the QB time to find open receivers and throw.',
  true,
  NOW(),
  NOW()
) ON CONFLICT (id) DO UPDATE SET
  prompt_richtext = EXCLUDED.prompt_richtext,
  options_json = EXCLUDED.options_json,
  correct_answer_json = EXCLUDED.correct_answer_json,
  explanation_richtext = EXCLUDED.explanation_richtext,
  active = EXCLUDED.active,
  updated_at = NOW();

INSERT INTO items (id, lesson_id, type, base_prompt, answer_schema_json, difficulty, status, author_id, created_at, updated_at)
VALUES (
  '00000002-0011-0000-0000-000000000002',
  '00000002-0000-0000-0000-000000000011',
  'mcq',
  'Identify man protection',
  '{"type": "mcq", "options": ["Each blocker is assigned a specific rusher", "Blocking zones", "Only one blocker protects the QB", "No protection"], "correct": 0}'::jsonb,
  2,
  'live',
  (SELECT id FROM users LIMIT 1),
  NOW(),
  NOW()
) ON CONFLICT (id) DO UPDATE SET
  type = EXCLUDED.type,
  base_prompt = EXCLUDED.base_prompt,
  answer_schema_json = EXCLUDED.answer_schema_json,
  difficulty = EXCLUDED.difficulty,
  status = EXCLUDED.status,
  updated_at = NOW();

INSERT INTO item_variants (id, item_id, version, prompt_richtext, options_json, correct_answer_json, explanation_richtext, active, created_at, updated_at)
VALUES (
  '00000002-0011-0002-0000-000000000001',
  '00000002-0011-0000-0000-000000000002',
  1,
  'What is ''man protection''?',
  '["Each blocker is assigned a specific rusher", "Blocking zones", "Only one blocker protects the QB", "No protection"]',
  '{"index": 0}',
  'Man protection assigns each blocker a specific pass rusher to block. If the defense brings more rushers than blockers, someone comes free.',
  true,
  NOW(),
  NOW()
) ON CONFLICT (id) DO UPDATE SET
  prompt_richtext = EXCLUDED.prompt_richtext,
  options_json = EXCLUDED.options_json,
  correct_answer_json = EXCLUDED.correct_answer_json,
  explanation_richtext = EXCLUDED.explanation_richtext,
  active = EXCLUDED.active,
  updated_at = NOW();

INSERT INTO items (id, lesson_id, type, base_prompt, answer_schema_json, difficulty, status, author_id, created_at, updated_at)
VALUES (
  '00000002-0011-0000-0000-000000000003',
  '00000002-0000-0000-0000-000000000011',
  'mcq',
  'Identify zone protection',
  '{"type": "mcq", "options": ["Blockers protect areas and pass off rushers", "Each blocker has a specific assignment", "No blocking", "Only for running plays"], "correct": 0}'::jsonb,
  2,
  'live',
  (SELECT id FROM users LIMIT 1),
  NOW(),
  NOW()
) ON CONFLICT (id) DO UPDATE SET
  type = EXCLUDED.type,
  base_prompt = EXCLUDED.base_prompt,
  answer_schema_json = EXCLUDED.answer_schema_json,
  difficulty = EXCLUDED.difficulty,
  status = EXCLUDED.status,
  updated_at = NOW();

INSERT INTO item_variants (id, item_id, version, prompt_richtext, options_json, correct_answer_json, explanation_richtext, active, created_at, updated_at)
VALUES (
  '00000002-0011-0003-0000-000000000001',
  '00000002-0011-0000-0000-000000000003',
  1,
  'What is ''zone protection''?',
  '["Blockers protect areas and pass off rushers", "Each blocker has a specific assignment", "No blocking", "Only for running plays"]',
  '{"index": 0}',
  'Zone protection has blockers protect areas and pass off rushers to each other. It''s more flexible against stunts and twists but requires communication.',
  true,
  NOW(),
  NOW()
) ON CONFLICT (id) DO UPDATE SET
  prompt_richtext = EXCLUDED.prompt_richtext,
  options_json = EXCLUDED.options_json,
  correct_answer_json = EXCLUDED.correct_answer_json,
  explanation_richtext = EXCLUDED.explanation_richtext,
  active = EXCLUDED.active,
  updated_at = NOW();

INSERT INTO items (id, lesson_id, type, base_prompt, answer_schema_json, difficulty, status, author_id, created_at, updated_at)
VALUES (
  '00000002-0011-0000-0000-000000000004',
  '00000002-0000-0000-0000-000000000011',
  'mcq',
  'Understand slide protection',
  '{"type": "mcq", "options": ["Line slides together in one direction to pick up rushers", "Linemen slide on the ground", "A type of run blocking", "An illegal technique"], "correct": 0}'::jsonb,
  3,
  'live',
  (SELECT id FROM users LIMIT 1),
  NOW(),
  NOW()
) ON CONFLICT (id) DO UPDATE SET
  type = EXCLUDED.type,
  base_prompt = EXCLUDED.base_prompt,
  answer_schema_json = EXCLUDED.answer_schema_json,
  difficulty = EXCLUDED.difficulty,
  status = EXCLUDED.status,
  updated_at = NOW();

INSERT INTO item_variants (id, item_id, version, prompt_richtext, options_json, correct_answer_json, explanation_richtext, active, created_at, updated_at)
VALUES (
  '00000002-0011-0004-0000-000000000001',
  '00000002-0011-0000-0000-000000000004',
  1,
  'What is ''slide protection''?',
  '["Line slides together in one direction to pick up rushers", "Linemen slide on the ground", "A type of run blocking", "An illegal technique"]',
  '{"index": 0}',
  'Slide protection has the entire line slide together (usually toward the RB) to pick up rushers. The RB protects the opposite side. It''s a zone protection concept.',
  true,
  NOW(),
  NOW()
) ON CONFLICT (id) DO UPDATE SET
  prompt_richtext = EXCLUDED.prompt_richtext,
  options_json = EXCLUDED.options_json,
  correct_answer_json = EXCLUDED.correct_answer_json,
  explanation_richtext = EXCLUDED.explanation_richtext,
  active = EXCLUDED.active,
  updated_at = NOW();

INSERT INTO items (id, lesson_id, type, base_prompt, answer_schema_json, difficulty, status, author_id, created_at, updated_at)
VALUES (
  '00000002-0011-0000-0000-000000000005',
  '00000002-0000-0000-0000-000000000011',
  'mcq',
  'Identify pocket',
  '{"type": "mcq", "options": ["Protected area around the QB created by blockers", "QB''s pants pocket", "A type of formation", "A running lane"], "correct": 0}'::jsonb,
  2,
  'live',
  (SELECT id FROM users LIMIT 1),
  NOW(),
  NOW()
) ON CONFLICT (id) DO UPDATE SET
  type = EXCLUDED.type,
  base_prompt = EXCLUDED.base_prompt,
  answer_schema_json = EXCLUDED.answer_schema_json,
  difficulty = EXCLUDED.difficulty,
  status = EXCLUDED.status,
  updated_at = NOW();

INSERT INTO item_variants (id, item_id, version, prompt_richtext, options_json, correct_answer_json, explanation_richtext, active, created_at, updated_at)
VALUES (
  '00000002-0011-0005-0000-000000000001',
  '00000002-0011-0000-0000-000000000005',
  1,
  'What is the ''pocket'' in pass protection?',
  '["Protected area around the QB created by blockers", "QB''s pants pocket", "A type of formation", "A running lane"]',
  '{"index": 0}',
  'The pocket is the protected area around the QB formed by offensive linemen. A good pocket gives the QB space to step up and throw.',
  true,
  NOW(),
  NOW()
) ON CONFLICT (id) DO UPDATE SET
  prompt_richtext = EXCLUDED.prompt_richtext,
  options_json = EXCLUDED.options_json,
  correct_answer_json = EXCLUDED.correct_answer_json,
  explanation_richtext = EXCLUDED.explanation_richtext,
  active = EXCLUDED.active,
  updated_at = NOW();

INSERT INTO items (id, lesson_id, type, base_prompt, answer_schema_json, difficulty, status, author_id, created_at, updated_at)
VALUES (
  '00000002-0011-0000-0000-000000000006',
  '00000002-0000-0000-0000-000000000011',
  'mcq',
  'Understand hot route',
  '{"type": "mcq", "options": ["Quick route when the defense blitzes", "A deep route", "A running play", "An illegal route"], "correct": 0}'::jsonb,
  3,
  'live',
  (SELECT id FROM users LIMIT 1),
  NOW(),
  NOW()
) ON CONFLICT (id) DO UPDATE SET
  type = EXCLUDED.type,
  base_prompt = EXCLUDED.base_prompt,
  answer_schema_json = EXCLUDED.answer_schema_json,
  difficulty = EXCLUDED.difficulty,
  status = EXCLUDED.status,
  updated_at = NOW();

INSERT INTO item_variants (id, item_id, version, prompt_richtext, options_json, correct_answer_json, explanation_richtext, active, created_at, updated_at)
VALUES (
  '00000002-0011-0006-0000-000000000001',
  '00000002-0011-0000-0000-000000000006',
  1,
  'What is a ''hot route'' in pass protection?',
  '["Quick route when the defense blitzes", "A deep route", "A running play", "An illegal route"]',
  '{"index": 0}',
  'When the defense brings more rushers than blockers, the QB throws a ''hot route'' - a quick pass to where the blitzer came from. It neutralizes the blitz.',
  true,
  NOW(),
  NOW()
) ON CONFLICT (id) DO UPDATE SET
  prompt_richtext = EXCLUDED.prompt_richtext,
  options_json = EXCLUDED.options_json,
  correct_answer_json = EXCLUDED.correct_answer_json,
  explanation_richtext = EXCLUDED.explanation_richtext,
  active = EXCLUDED.active,
  updated_at = NOW();

INSERT INTO items (id, lesson_id, type, base_prompt, answer_schema_json, difficulty, status, author_id, created_at, updated_at)
VALUES (
  '00000002-0011-0000-0000-000000000007',
  '00000002-0000-0000-0000-000000000011',
  'mcq',
  'Identify chip block',
  '{"type": "mcq", "options": ["RB or TE briefly blocks then releases into route", "Blocking with your shoulder pads", "An illegal block", "A type of run block"], "correct": 0}'::jsonb,
  3,
  'live',
  (SELECT id FROM users LIMIT 1),
  NOW(),
  NOW()
) ON CONFLICT (id) DO UPDATE SET
  type = EXCLUDED.type,
  base_prompt = EXCLUDED.base_prompt,
  answer_schema_json = EXCLUDED.answer_schema_json,
  difficulty = EXCLUDED.difficulty,
  status = EXCLUDED.status,
  updated_at = NOW();

INSERT INTO item_variants (id, item_id, version, prompt_richtext, options_json, correct_answer_json, explanation_richtext, active, created_at, updated_at)
VALUES (
  '00000002-0011-0007-0000-000000000001',
  '00000002-0011-0000-0000-000000000007',
  1,
  'What is a ''chip block''?',
  '["RB or TE briefly blocks then releases into route", "Blocking with your shoulder pads", "An illegal block", "A type of run block"]',
  '{"index": 0}',
  'A chip block has a RB or TE give a quick block to slow down a rusher, then release into their pass route. It helps the tackle and gets the player into the pattern.',
  true,
  NOW(),
  NOW()
) ON CONFLICT (id) DO UPDATE SET
  prompt_richtext = EXCLUDED.prompt_richtext,
  options_json = EXCLUDED.options_json,
  correct_answer_json = EXCLUDED.correct_answer_json,
  explanation_richtext = EXCLUDED.explanation_richtext,
  active = EXCLUDED.active,
  updated_at = NOW();

INSERT INTO items (id, lesson_id, type, base_prompt, answer_schema_json, difficulty, status, author_id, created_at, updated_at)
VALUES (
  '00000002-0011-0000-0000-000000000008',
  '00000002-0000-0000-0000-000000000011',
  'mcq',
  'Understand max protection',
  '{"type": "mcq", "options": ["Using RBs and TEs to help block, fewer receivers", "Maximum number of receivers", "A type of run play", "Illegal formation"], "correct": 0}'::jsonb,
  2,
  'live',
  (SELECT id FROM users LIMIT 1),
  NOW(),
  NOW()
) ON CONFLICT (id) DO UPDATE SET
  type = EXCLUDED.type,
  base_prompt = EXCLUDED.base_prompt,
  answer_schema_json = EXCLUDED.answer_schema_json,
  difficulty = EXCLUDED.difficulty,
  status = EXCLUDED.status,
  updated_at = NOW();

INSERT INTO item_variants (id, item_id, version, prompt_richtext, options_json, correct_answer_json, explanation_richtext, active, created_at, updated_at)
VALUES (
  '00000002-0011-0008-0000-000000000001',
  '00000002-0011-0000-0000-000000000008',
  1,
  'What is ''max protection''?',
  '["Using RBs and TEs to help block, fewer receivers", "Maximum number of receivers", "A type of run play", "Illegal formation"]',
  '{"index": 0}',
  'Max protection keeps RBs and TEs in to block, giving maximum protection (7-8 blockers) but fewer receivers. It''s used for deep passes or against heavy blitzes.',
  true,
  NOW(),
  NOW()
) ON CONFLICT (id) DO UPDATE SET
  prompt_richtext = EXCLUDED.prompt_richtext,
  options_json = EXCLUDED.options_json,
  correct_answer_json = EXCLUDED.correct_answer_json,
  explanation_richtext = EXCLUDED.explanation_richtext,
  active = EXCLUDED.active,
  updated_at = NOW();

INSERT INTO items (id, lesson_id, type, base_prompt, answer_schema_json, difficulty, status, author_id, created_at, updated_at)
VALUES (
  '00000002-0011-0000-0000-000000000009',
  '00000002-0000-0000-0000-000000000011',
  'mcq',
  'Identify pass rush lane',
  '{"type": "mcq", "options": ["Paths rushers take to get to the QB", "Lanes for the QB to run", "Passing routes", "Running lanes"], "correct": 0}'::jsonb,
  2,
  'live',
  (SELECT id FROM users LIMIT 1),
  NOW(),
  NOW()
) ON CONFLICT (id) DO UPDATE SET
  type = EXCLUDED.type,
  base_prompt = EXCLUDED.base_prompt,
  answer_schema_json = EXCLUDED.answer_schema_json,
  difficulty = EXCLUDED.difficulty,
  status = EXCLUDED.status,
  updated_at = NOW();

INSERT INTO item_variants (id, item_id, version, prompt_richtext, options_json, correct_answer_json, explanation_richtext, active, created_at, updated_at)
VALUES (
  '00000002-0011-0009-0000-000000000001',
  '00000002-0011-0000-0000-000000000009',
  1,
  'What are ''pass rush lanes''?',
  '["Paths rushers take to get to the QB", "Lanes for the QB to run", "Passing routes", "Running lanes"]',
  '{"index": 0}',
  'Pass rush lanes are the paths defenders take to rush the QB - typically inside, outside, or up the middle. Blockers must control these lanes.',
  true,
  NOW(),
  NOW()
) ON CONFLICT (id) DO UPDATE SET
  prompt_richtext = EXCLUDED.prompt_richtext,
  options_json = EXCLUDED.options_json,
  correct_answer_json = EXCLUDED.correct_answer_json,
  explanation_richtext = EXCLUDED.explanation_richtext,
  active = EXCLUDED.active,
  updated_at = NOW();

INSERT INTO items (id, lesson_id, type, base_prompt, answer_schema_json, difficulty, status, author_id, created_at, updated_at)
VALUES (
  '00000002-0011-0000-0000-000000000010',
  '00000002-0000-0000-0000-000000000011',
  'mcq',
  'Understand protection breakdown',
  '{"type": "mcq", "options": ["Protection breakdowns or QB holding ball too long", "Receivers not getting open", "Bad play calls", "Weather conditions"], "correct": 0}'::jsonb,
  2,
  'live',
  (SELECT id FROM users LIMIT 1),
  NOW(),
  NOW()
) ON CONFLICT (id) DO UPDATE SET
  type = EXCLUDED.type,
  base_prompt = EXCLUDED.base_prompt,
  answer_schema_json = EXCLUDED.answer_schema_json,
  difficulty = EXCLUDED.difficulty,
  status = EXCLUDED.status,
  updated_at = NOW();

INSERT INTO item_variants (id, item_id, version, prompt_richtext, options_json, correct_answer_json, explanation_richtext, active, created_at, updated_at)
VALUES (
  '00000002-0011-0010-0000-000000000001',
  '00000002-0011-0000-0000-000000000010',
  1,
  'What causes most sacks?',
  '["Protection breakdowns or QB holding ball too long", "Receivers not getting open", "Bad play calls", "Weather conditions"]',
  '{"index": 0}',
  'Sacks usually result from protection breakdowns (missed blocks, wrong assignments) or the QB holding the ball too long. Good protection requires all 11 players executing.',
  true,
  NOW(),
  NOW()
) ON CONFLICT (id) DO UPDATE SET
  prompt_richtext = EXCLUDED.prompt_richtext,
  options_json = EXCLUDED.options_json,
  correct_answer_json = EXCLUDED.correct_answer_json,
  explanation_richtext = EXCLUDED.explanation_richtext,
  active = EXCLUDED.active,
  updated_at = NOW();

-- Module 2, Lesson 12: Pre-Snap Reads
INSERT INTO lessons (id, module_id, title, description, order_index, est_minutes, xp_award, created_at, updated_at)
VALUES (
  '00000002-0000-0000-0000-000000000012',
  '00000000-0000-0000-0000-000000000002',
  'Pre-Snap Reads',
  'Learn how offenses adjust before the snap',
  12,
  5,
  100,
  NOW(),
  NOW()
) ON CONFLICT (id) DO UPDATE SET
  title = EXCLUDED.title,
  description = EXCLUDED.description,
  order_index = EXCLUDED.order_index,
  est_minutes = EXCLUDED.est_minutes,
  xp_award = EXCLUDED.xp_award,
  updated_at = NOW();

INSERT INTO items (id, lesson_id, type, base_prompt, answer_schema_json, difficulty, status, author_id, created_at, updated_at)
VALUES (
  '00000002-0012-0000-0000-000000000001',
  '00000002-0000-0000-0000-000000000012',
  'mcq',
  'Understand pre-snap read',
  '{"type": "mcq", "options": ["QB analyzes the defense before the snap", "QB reads a book", "Reading the scoreboard", "Checking the play clock"], "correct": 0}'::jsonb,
  2,
  'live',
  (SELECT id FROM users LIMIT 1),
  NOW(),
  NOW()
) ON CONFLICT (id) DO UPDATE SET
  type = EXCLUDED.type,
  base_prompt = EXCLUDED.base_prompt,
  answer_schema_json = EXCLUDED.answer_schema_json,
  difficulty = EXCLUDED.difficulty,
  status = EXCLUDED.status,
  updated_at = NOW();

INSERT INTO item_variants (id, item_id, version, prompt_richtext, options_json, correct_answer_json, explanation_richtext, active, created_at, updated_at)
VALUES (
  '00000002-0012-0001-0000-000000000001',
  '00000002-0012-0000-0000-000000000001',
  1,
  'What is a ''pre-snap read''?',
  '["QB analyzes the defense before the snap", "QB reads a book", "Reading the scoreboard", "Checking the play clock"]',
  '{"index": 0}',
  'Pre-snap reads are when the QB analyzes the defensive alignment before the snap to identify coverage, potential blitzes, and favorable matchups.',
  true,
  NOW(),
  NOW()
) ON CONFLICT (id) DO UPDATE SET
  prompt_richtext = EXCLUDED.prompt_richtext,
  options_json = EXCLUDED.options_json,
  correct_answer_json = EXCLUDED.correct_answer_json,
  explanation_richtext = EXCLUDED.explanation_richtext,
  active = EXCLUDED.active,
  updated_at = NOW();

INSERT INTO items (id, lesson_id, type, base_prompt, answer_schema_json, difficulty, status, author_id, created_at, updated_at)
VALUES (
  '00000002-0012-0000-0000-000000000002',
  '00000002-0000-0000-0000-000000000012',
  'mcq',
  'Identify audible',
  '{"type": "mcq", "options": ["QB changes the play at the line of scrimmage", "A loud noise", "A penalty", "A timeout"], "correct": 0}'::jsonb,
  2,
  'live',
  (SELECT id FROM users LIMIT 1),
  NOW(),
  NOW()
) ON CONFLICT (id) DO UPDATE SET
  type = EXCLUDED.type,
  base_prompt = EXCLUDED.base_prompt,
  answer_schema_json = EXCLUDED.answer_schema_json,
  difficulty = EXCLUDED.difficulty,
  status = EXCLUDED.status,
  updated_at = NOW();

INSERT INTO item_variants (id, item_id, version, prompt_richtext, options_json, correct_answer_json, explanation_richtext, active, created_at, updated_at)
VALUES (
  '00000002-0012-0002-0000-000000000001',
  '00000002-0012-0000-0000-000000000002',
  1,
  'What is an ''audible''?',
  '["QB changes the play at the line of scrimmage", "A loud noise", "A penalty", "A timeout"]',
  '{"index": 0}',
  'An audible is when the QB changes the play call at the line of scrimmage based on what they see in the defense. It''s also called ''checking out'' of a play.',
  true,
  NOW(),
  NOW()
) ON CONFLICT (id) DO UPDATE SET
  prompt_richtext = EXCLUDED.prompt_richtext,
  options_json = EXCLUDED.options_json,
  correct_answer_json = EXCLUDED.correct_answer_json,
  explanation_richtext = EXCLUDED.explanation_richtext,
  active = EXCLUDED.active,
  updated_at = NOW();

INSERT INTO items (id, lesson_id, type, base_prompt, answer_schema_json, difficulty, status, author_id, created_at, updated_at)
VALUES (
  '00000002-0012-0000-0000-000000000003',
  '00000002-0000-0000-0000-000000000012',
  'mcq',
  'Understand motion',
  '{"type": "mcq", "options": ["To identify man vs zone coverage", "To confuse their own team", "Because it''s required", "To waste time"], "correct": 0}'::jsonb,
  2,
  'live',
  (SELECT id FROM users LIMIT 1),
  NOW(),
  NOW()
) ON CONFLICT (id) DO UPDATE SET
  type = EXCLUDED.type,
  base_prompt = EXCLUDED.base_prompt,
  answer_schema_json = EXCLUDED.answer_schema_json,
  difficulty = EXCLUDED.difficulty,
  status = EXCLUDED.status,
  updated_at = NOW();

INSERT INTO item_variants (id, item_id, version, prompt_richtext, options_json, correct_answer_json, explanation_richtext, active, created_at, updated_at)
VALUES (
  '00000002-0012-0003-0000-000000000001',
  '00000002-0012-0000-0000-000000000003',
  1,
  'Why do offenses use pre-snap motion?',
  '["To identify man vs zone coverage", "To confuse their own team", "Because it''s required", "To waste time"]',
  '{"index": 0}',
  'Pre-snap motion helps identify coverage. If a defender follows the motion, it''s likely man coverage. If defenders pass off, it''s zone coverage.',
  true,
  NOW(),
  NOW()
) ON CONFLICT (id) DO UPDATE SET
  prompt_richtext = EXCLUDED.prompt_richtext,
  options_json = EXCLUDED.options_json,
  correct_answer_json = EXCLUDED.correct_answer_json,
  explanation_richtext = EXCLUDED.explanation_richtext,
  active = EXCLUDED.active,
  updated_at = NOW();

INSERT INTO items (id, lesson_id, type, base_prompt, answer_schema_json, difficulty, status, author_id, created_at, updated_at)
VALUES (
  '00000002-0012-0000-0000-000000000004',
  '00000002-0000-0000-0000-000000000012',
  'mcq',
  'Identify Mike linebacker',
  '{"type": "mcq", "options": ["Sets the protection scheme for the offensive line", "Because his name is Mike", "To throw to him", "It''s a penalty"], "correct": 0}'::jsonb,
  3,
  'live',
  (SELECT id FROM users LIMIT 1),
  NOW(),
  NOW()
) ON CONFLICT (id) DO UPDATE SET
  type = EXCLUDED.type,
  base_prompt = EXCLUDED.base_prompt,
  answer_schema_json = EXCLUDED.answer_schema_json,
  difficulty = EXCLUDED.difficulty,
  status = EXCLUDED.status,
  updated_at = NOW();

INSERT INTO item_variants (id, item_id, version, prompt_richtext, options_json, correct_answer_json, explanation_richtext, active, created_at, updated_at)
VALUES (
  '00000002-0012-0004-0000-000000000001',
  '00000002-0012-0000-0000-000000000004',
  1,
  'Why does the QB identify the ''Mike'' linebacker?',
  '["Sets the protection scheme for the offensive line", "Because his name is Mike", "To throw to him", "It''s a penalty"]',
  '{"index": 0}',
  'Identifying the ''Mike'' (middle linebacker) sets the protection scheme. Blockers count from the Mike to know their assignments. The Mike isn''t always the actual MLB.',
  true,
  NOW(),
  NOW()
) ON CONFLICT (id) DO UPDATE SET
  prompt_richtext = EXCLUDED.prompt_richtext,
  options_json = EXCLUDED.options_json,
  correct_answer_json = EXCLUDED.correct_answer_json,
  explanation_richtext = EXCLUDED.explanation_richtext,
  active = EXCLUDED.active,
  updated_at = NOW();

INSERT INTO items (id, lesson_id, type, base_prompt, answer_schema_json, difficulty, status, author_id, created_at, updated_at)
VALUES (
  '00000002-0012-0000-0000-000000000005',
  '00000002-0000-0000-0000-000000000012',
  'mcq',
  'Understand shift',
  '{"type": "mcq", "options": ["Multiple players change positions before the snap", "QB changes the play", "A penalty", "A timeout"], "correct": 0}'::jsonb,
  2,
  'live',
  (SELECT id FROM users LIMIT 1),
  NOW(),
  NOW()
) ON CONFLICT (id) DO UPDATE SET
  type = EXCLUDED.type,
  base_prompt = EXCLUDED.base_prompt,
  answer_schema_json = EXCLUDED.answer_schema_json,
  difficulty = EXCLUDED.difficulty,
  status = EXCLUDED.status,
  updated_at = NOW();

INSERT INTO item_variants (id, item_id, version, prompt_richtext, options_json, correct_answer_json, explanation_richtext, active, created_at, updated_at)
VALUES (
  '00000002-0012-0005-0000-000000000001',
  '00000002-0012-0000-0000-000000000005',
  1,
  'What is a pre-snap ''shift''?',
  '["Multiple players change positions before the snap", "QB changes the play", "A penalty", "A timeout"]',
  '{"index": 0}',
  'A shift has multiple offensive players change positions before the snap. They must set for one second before the snap. Shifts can confuse defensive alignments.',
  true,
  NOW(),
  NOW()
) ON CONFLICT (id) DO UPDATE SET
  prompt_richtext = EXCLUDED.prompt_richtext,
  options_json = EXCLUDED.options_json,
  correct_answer_json = EXCLUDED.correct_answer_json,
  explanation_richtext = EXCLUDED.explanation_richtext,
  active = EXCLUDED.active,
  updated_at = NOW();

INSERT INTO items (id, lesson_id, type, base_prompt, answer_schema_json, difficulty, status, author_id, created_at, updated_at)
VALUES (
  '00000002-0012-0000-0000-000000000006',
  '00000002-0000-0000-0000-000000000012',
  'mcq',
  'Identify hard count',
  '{"type": "mcq", "options": ["QB uses voice inflection to draw defense offsides", "Counting to 10", "A math problem", "A penalty"], "correct": 0}'::jsonb,
  2,
  'live',
  (SELECT id FROM users LIMIT 1),
  NOW(),
  NOW()
) ON CONFLICT (id) DO UPDATE SET
  type = EXCLUDED.type,
  base_prompt = EXCLUDED.base_prompt,
  answer_schema_json = EXCLUDED.answer_schema_json,
  difficulty = EXCLUDED.difficulty,
  status = EXCLUDED.status,
  updated_at = NOW();

INSERT INTO item_variants (id, item_id, version, prompt_richtext, options_json, correct_answer_json, explanation_richtext, active, created_at, updated_at)
VALUES (
  '00000002-0012-0006-0000-000000000001',
  '00000002-0012-0000-0000-000000000006',
  1,
  'What is a ''hard count''?',
  '["QB uses voice inflection to draw defense offsides", "Counting to 10", "A math problem", "A penalty"]',
  '{"index": 0}',
  'A hard count uses voice inflection and cadence changes to try to make the defense jump offsides. The QB makes it sound like the snap is coming.',
  true,
  NOW(),
  NOW()
) ON CONFLICT (id) DO UPDATE SET
  prompt_richtext = EXCLUDED.prompt_richtext,
  options_json = EXCLUDED.options_json,
  correct_answer_json = EXCLUDED.correct_answer_json,
  explanation_richtext = EXCLUDED.explanation_richtext,
  active = EXCLUDED.active,
  updated_at = NOW();

INSERT INTO items (id, lesson_id, type, base_prompt, answer_schema_json, difficulty, status, author_id, created_at, updated_at)
VALUES (
  '00000002-0012-0000-0000-000000000007',
  '00000002-0000-0000-0000-000000000012',
  'mcq',
  'Understand kill call',
  '{"type": "mcq", "options": ["QB cancels the play, goes to backup play", "QB ends the game", "A violent play", "A penalty"], "correct": 0}'::jsonb,
  3,
  'live',
  (SELECT id FROM users LIMIT 1),
  NOW(),
  NOW()
) ON CONFLICT (id) DO UPDATE SET
  type = EXCLUDED.type,
  base_prompt = EXCLUDED.base_prompt,
  answer_schema_json = EXCLUDED.answer_schema_json,
  difficulty = EXCLUDED.difficulty,
  status = EXCLUDED.status,
  updated_at = NOW();

INSERT INTO item_variants (id, item_id, version, prompt_richtext, options_json, correct_answer_json, explanation_richtext, active, created_at, updated_at)
VALUES (
  '00000002-0012-0007-0000-000000000001',
  '00000002-0012-0000-0000-000000000007',
  1,
  'What is a ''kill'' call?',
  '["QB cancels the play, goes to backup play", "QB ends the game", "A violent play", "A penalty"]',
  '{"index": 0}',
  'A kill call cancels the original play and activates a pre-determined backup play. It''s used when the original play won''t work against the defensive look.',
  true,
  NOW(),
  NOW()
) ON CONFLICT (id) DO UPDATE SET
  prompt_richtext = EXCLUDED.prompt_richtext,
  options_json = EXCLUDED.options_json,
  correct_answer_json = EXCLUDED.correct_answer_json,
  explanation_richtext = EXCLUDED.explanation_richtext,
  active = EXCLUDED.active,
  updated_at = NOW();

INSERT INTO items (id, lesson_id, type, base_prompt, answer_schema_json, difficulty, status, author_id, created_at, updated_at)
VALUES (
  '00000002-0012-0000-0000-000000000008',
  '00000002-0000-0000-0000-000000000012',
  'mcq',
  'Identify box count',
  '{"type": "mcq", "options": ["Counting defenders near the line of scrimmage", "Counting receivers", "Counting timeouts", "Counting yards"], "correct": 0}'::jsonb,
  3,
  'live',
  (SELECT id FROM users LIMIT 1),
  NOW(),
  NOW()
) ON CONFLICT (id) DO UPDATE SET
  type = EXCLUDED.type,
  base_prompt = EXCLUDED.base_prompt,
  answer_schema_json = EXCLUDED.answer_schema_json,
  difficulty = EXCLUDED.difficulty,
  status = EXCLUDED.status,
  updated_at = NOW();

INSERT INTO item_variants (id, item_id, version, prompt_richtext, options_json, correct_answer_json, explanation_richtext, active, created_at, updated_at)
VALUES (
  '00000002-0012-0008-0000-000000000001',
  '00000002-0012-0000-0000-000000000008',
  1,
  'What is ''counting the box''?',
  '["Counting defenders near the line of scrimmage", "Counting receivers", "Counting timeouts", "Counting yards"]',
  '{"index": 0}',
  'Counting the box means counting how many defenders are near the line (in the ''box''). If there are more defenders than blockers, the QB might audible to a pass.',
  true,
  NOW(),
  NOW()
) ON CONFLICT (id) DO UPDATE SET
  prompt_richtext = EXCLUDED.prompt_richtext,
  options_json = EXCLUDED.options_json,
  correct_answer_json = EXCLUDED.correct_answer_json,
  explanation_richtext = EXCLUDED.explanation_richtext,
  active = EXCLUDED.active,
  updated_at = NOW();

INSERT INTO items (id, lesson_id, type, base_prompt, answer_schema_json, difficulty, status, author_id, created_at, updated_at)
VALUES (
  '00000002-0012-0000-0000-000000000009',
  '00000002-0000-0000-0000-000000000012',
  'mcq',
  'Understand dummy call',
  '{"type": "mcq", "options": ["Fake audible to confuse the defense", "Calling the defense dumb", "A bad play call", "A penalty"], "correct": 0}'::jsonb,
  3,
  'live',
  (SELECT id FROM users LIMIT 1),
  NOW(),
  NOW()
) ON CONFLICT (id) DO UPDATE SET
  type = EXCLUDED.type,
  base_prompt = EXCLUDED.base_prompt,
  answer_schema_json = EXCLUDED.answer_schema_json,
  difficulty = EXCLUDED.difficulty,
  status = EXCLUDED.status,
  updated_at = NOW();

INSERT INTO item_variants (id, item_id, version, prompt_richtext, options_json, correct_answer_json, explanation_richtext, active, created_at, updated_at)
VALUES (
  '00000002-0012-0009-0000-000000000001',
  '00000002-0012-0000-0000-000000000009',
  1,
  'What is a ''dummy'' or ''decoy'' call?',
  '["Fake audible to confuse the defense", "Calling the defense dumb", "A bad play call", "A penalty"]',
  '{"index": 0}',
  'A dummy call is a fake audible - the QB yells signals but doesn''t actually change the play. It''s used to keep the defense guessing about real audibles.',
  true,
  NOW(),
  NOW()
) ON CONFLICT (id) DO UPDATE SET
  prompt_richtext = EXCLUDED.prompt_richtext,
  options_json = EXCLUDED.options_json,
  correct_answer_json = EXCLUDED.correct_answer_json,
  explanation_richtext = EXCLUDED.explanation_richtext,
  active = EXCLUDED.active,
  updated_at = NOW();

INSERT INTO items (id, lesson_id, type, base_prompt, answer_schema_json, difficulty, status, author_id, created_at, updated_at)
VALUES (
  '00000002-0012-0000-0000-000000000010',
  '00000002-0000-0000-0000-000000000012',
  'mcq',
  'Identify snap count',
  '{"type": "mcq", "options": ["The signal that tells the center when to snap the ball", "Number of snaps in the game", "Counting players", "A penalty"], "correct": 0}'::jsonb,
  2,
  'live',
  (SELECT id FROM users LIMIT 1),
  NOW(),
  NOW()
) ON CONFLICT (id) DO UPDATE SET
  type = EXCLUDED.type,
  base_prompt = EXCLUDED.base_prompt,
  answer_schema_json = EXCLUDED.answer_schema_json,
  difficulty = EXCLUDED.difficulty,
  status = EXCLUDED.status,
  updated_at = NOW();

INSERT INTO item_variants (id, item_id, version, prompt_richtext, options_json, correct_answer_json, explanation_richtext, active, created_at, updated_at)
VALUES (
  '00000002-0012-0010-0000-000000000001',
  '00000002-0012-0000-0000-000000000010',
  1,
  'What is the ''snap count''?',
  '["The signal that tells the center when to snap the ball", "Number of snaps in the game", "Counting players", "A penalty"]',
  '{"index": 0}',
  'The snap count is the predetermined signal (like ''hut'' or a number) that tells the center when to snap the ball. Varying the count can draw the defense offsides.',
  true,
  NOW(),
  NOW()
) ON CONFLICT (id) DO UPDATE SET
  prompt_richtext = EXCLUDED.prompt_richtext,
  options_json = EXCLUDED.options_json,
  correct_answer_json = EXCLUDED.correct_answer_json,
  explanation_richtext = EXCLUDED.explanation_richtext,
  active = EXCLUDED.active,
  updated_at = NOW();

-- Module 3, Lesson 1: Defensive Fronts
INSERT INTO lessons (id, module_id, title, description, order_index, est_minutes, xp_award, created_at, updated_at)
VALUES (
  '00000003-0000-0000-0000-000000000001',
  '00000000-0000-0000-0000-000000000003',
  'Defensive Fronts',
  'Learn the main defensive line formations and personnel packages',
  1,
  5,
  100,
  NOW(),
  NOW()
) ON CONFLICT (id) DO UPDATE SET
  title = EXCLUDED.title,
  description = EXCLUDED.description,
  order_index = EXCLUDED.order_index,
  est_minutes = EXCLUDED.est_minutes,
  xp_award = EXCLUDED.xp_award,
  updated_at = NOW();

INSERT INTO items (id, lesson_id, type, base_prompt, answer_schema_json, difficulty, status, author_id, created_at, updated_at)
VALUES (
  '00000003-0001-0000-0000-000000000001',
  '00000003-0000-0000-0000-000000000001',
  'mcq',
  'Identify 4-3 defense',
  '{"type": "mcq", "options": ["4 defensive linemen, 3 linebackers", "4 linebackers, 3 linemen", "4 safeties, 3 corners", "Score is 4-3"], "correct": 0}'::jsonb,
  3,
  'live',
  (SELECT id FROM users LIMIT 1),
  NOW(),
  NOW()
) ON CONFLICT (id) DO UPDATE SET
  type = EXCLUDED.type,
  base_prompt = EXCLUDED.base_prompt,
  answer_schema_json = EXCLUDED.answer_schema_json,
  difficulty = EXCLUDED.difficulty,
  status = EXCLUDED.status,
  updated_at = NOW();

INSERT INTO item_variants (id, item_id, version, prompt_richtext, options_json, correct_answer_json, explanation_richtext, active, created_at, updated_at)
VALUES (
  '00000003-0001-0001-0000-000000000001',
  '00000003-0001-0000-0000-000000000001',
  1,
  'What does ''4-3 defense'' mean?',
  '["4 defensive linemen, 3 linebackers", "4 linebackers, 3 linemen", "4 safeties, 3 corners", "Score is 4-3"]',
  '{"index": 0}',
  '4-3 defense has 4 defensive linemen (2 ends, 2 tackles) and 3 linebackers.',
  true,
  NOW(),
  NOW()
) ON CONFLICT (id) DO UPDATE SET
  prompt_richtext = EXCLUDED.prompt_richtext,
  options_json = EXCLUDED.options_json,
  correct_answer_json = EXCLUDED.correct_answer_json,
  explanation_richtext = EXCLUDED.explanation_richtext,
  active = EXCLUDED.active,
  updated_at = NOW();

INSERT INTO items (id, lesson_id, type, base_prompt, answer_schema_json, difficulty, status, author_id, created_at, updated_at)
VALUES (
  '00000003-0001-0000-0000-000000000002',
  '00000003-0000-0000-0000-000000000001',
  'mcq',
  'Identify 3-4 defense',
  '{"type": "mcq", "options": ["3 defensive linemen, 4 linebackers", "3 linebackers, 4 linemen", "3 safeties, 4 corners", "Score is 3-4"], "correct": 0}'::jsonb,
  3,
  'live',
  (SELECT id FROM users LIMIT 1),
  NOW(),
  NOW()
) ON CONFLICT (id) DO UPDATE SET
  type = EXCLUDED.type,
  base_prompt = EXCLUDED.base_prompt,
  answer_schema_json = EXCLUDED.answer_schema_json,
  difficulty = EXCLUDED.difficulty,
  status = EXCLUDED.status,
  updated_at = NOW();

INSERT INTO item_variants (id, item_id, version, prompt_richtext, options_json, correct_answer_json, explanation_richtext, active, created_at, updated_at)
VALUES (
  '00000003-0001-0002-0000-000000000001',
  '00000003-0001-0000-0000-000000000002',
  1,
  'What does ''3-4 defense'' mean?',
  '["3 defensive linemen, 4 linebackers", "3 linebackers, 4 linemen", "3 safeties, 4 corners", "Score is 3-4"]',
  '{"index": 0}',
  '3-4 defense has 3 defensive linemen (2 ends, 1 nose tackle) and 4 linebackers.',
  true,
  NOW(),
  NOW()
) ON CONFLICT (id) DO UPDATE SET
  prompt_richtext = EXCLUDED.prompt_richtext,
  options_json = EXCLUDED.options_json,
  correct_answer_json = EXCLUDED.correct_answer_json,
  explanation_richtext = EXCLUDED.explanation_richtext,
  active = EXCLUDED.active,
  updated_at = NOW();

INSERT INTO items (id, lesson_id, type, base_prompt, answer_schema_json, difficulty, status, author_id, created_at, updated_at)
VALUES (
  '00000003-0001-0000-0000-000000000003',
  '00000003-0000-0000-0000-000000000001',
  'mcq',
  'Identify nickel defense',
  '{"type": "mcq", "options": ["5 defensive backs on the field", "5 linebackers", "5 defensive linemen", "Worth 5 cents"], "correct": 0}'::jsonb,
  3,
  'live',
  (SELECT id FROM users LIMIT 1),
  NOW(),
  NOW()
) ON CONFLICT (id) DO UPDATE SET
  type = EXCLUDED.type,
  base_prompt = EXCLUDED.base_prompt,
  answer_schema_json = EXCLUDED.answer_schema_json,
  difficulty = EXCLUDED.difficulty,
  status = EXCLUDED.status,
  updated_at = NOW();

INSERT INTO item_variants (id, item_id, version, prompt_richtext, options_json, correct_answer_json, explanation_richtext, active, created_at, updated_at)
VALUES (
  '00000003-0001-0003-0000-000000000001',
  '00000003-0001-0000-0000-000000000003',
  1,
  'What is nickel defense?',
  '["5 defensive backs on the field", "5 linebackers", "5 defensive linemen", "Worth 5 cents"]',
  '{"index": 0}',
  'Nickel defense has 5 DBs (the 5th DB is the ''nickel back'').',
  true,
  NOW(),
  NOW()
) ON CONFLICT (id) DO UPDATE SET
  prompt_richtext = EXCLUDED.prompt_richtext,
  options_json = EXCLUDED.options_json,
  correct_answer_json = EXCLUDED.correct_answer_json,
  explanation_richtext = EXCLUDED.explanation_richtext,
  active = EXCLUDED.active,
  updated_at = NOW();

INSERT INTO items (id, lesson_id, type, base_prompt, answer_schema_json, difficulty, status, author_id, created_at, updated_at)
VALUES (
  '00000003-0001-0000-0000-000000000004',
  '00000003-0000-0000-0000-000000000001',
  'mcq',
  'Identify dime defense',
  '{"type": "mcq", "options": ["6 defensive backs on the field", "6 linebackers", "6 defensive linemen", "Worth 10 cents"], "correct": 0}'::jsonb,
  3,
  'live',
  (SELECT id FROM users LIMIT 1),
  NOW(),
  NOW()
) ON CONFLICT (id) DO UPDATE SET
  type = EXCLUDED.type,
  base_prompt = EXCLUDED.base_prompt,
  answer_schema_json = EXCLUDED.answer_schema_json,
  difficulty = EXCLUDED.difficulty,
  status = EXCLUDED.status,
  updated_at = NOW();

INSERT INTO item_variants (id, item_id, version, prompt_richtext, options_json, correct_answer_json, explanation_richtext, active, created_at, updated_at)
VALUES (
  '00000003-0001-0004-0000-000000000001',
  '00000003-0001-0000-0000-000000000004',
  1,
  'What is dime defense?',
  '["6 defensive backs on the field", "6 linebackers", "6 defensive linemen", "Worth 10 cents"]',
  '{"index": 0}',
  'Dime defense has 6 DBs (dime = 10 cents = 2 nickels).',
  true,
  NOW(),
  NOW()
) ON CONFLICT (id) DO UPDATE SET
  prompt_richtext = EXCLUDED.prompt_richtext,
  options_json = EXCLUDED.options_json,
  correct_answer_json = EXCLUDED.correct_answer_json,
  explanation_richtext = EXCLUDED.explanation_richtext,
  active = EXCLUDED.active,
  updated_at = NOW();

INSERT INTO items (id, lesson_id, type, base_prompt, answer_schema_json, difficulty, status, author_id, created_at, updated_at)
VALUES (
  '00000003-0001-0000-0000-000000000005',
  '00000003-0000-0000-0000-000000000001',
  'mcq',
  'Understand defensive tackle role',
  '{"type": "mcq", "options": ["Stop the run up the middle", "Cover receivers", "Blitz the QB", "Kick field goals"], "correct": 0}'::jsonb,
  2,
  'live',
  (SELECT id FROM users LIMIT 1),
  NOW(),
  NOW()
) ON CONFLICT (id) DO UPDATE SET
  type = EXCLUDED.type,
  base_prompt = EXCLUDED.base_prompt,
  answer_schema_json = EXCLUDED.answer_schema_json,
  difficulty = EXCLUDED.difficulty,
  status = EXCLUDED.status,
  updated_at = NOW();

INSERT INTO item_variants (id, item_id, version, prompt_richtext, options_json, correct_answer_json, explanation_richtext, active, created_at, updated_at)
VALUES (
  '00000003-0001-0005-0000-000000000001',
  '00000003-0001-0000-0000-000000000005',
  1,
  'What is the primary job of defensive tackles in a 4-3?',
  '["Stop the run up the middle", "Cover receivers", "Blitz the QB", "Kick field goals"]',
  '{"index": 0}',
  'Defensive tackles line up over the guards and are primarily run-stoppers. They clog the middle and prevent inside running plays.',
  true,
  NOW(),
  NOW()
) ON CONFLICT (id) DO UPDATE SET
  prompt_richtext = EXCLUDED.prompt_richtext,
  options_json = EXCLUDED.options_json,
  correct_answer_json = EXCLUDED.correct_answer_json,
  explanation_richtext = EXCLUDED.explanation_richtext,
  active = EXCLUDED.active,
  updated_at = NOW();

INSERT INTO items (id, lesson_id, type, base_prompt, answer_schema_json, difficulty, status, author_id, created_at, updated_at)
VALUES (
  '00000003-0001-0000-0000-000000000006',
  '00000003-0000-0000-0000-000000000001',
  'mcq',
  'Understand defensive end role',
  '{"type": "mcq", "options": ["Rush the passer and set the edge on runs", "Cover the middle", "Play deep safety", "Snap the ball"], "correct": 0}'::jsonb,
  2,
  'live',
  (SELECT id FROM users LIMIT 1),
  NOW(),
  NOW()
) ON CONFLICT (id) DO UPDATE SET
  type = EXCLUDED.type,
  base_prompt = EXCLUDED.base_prompt,
  answer_schema_json = EXCLUDED.answer_schema_json,
  difficulty = EXCLUDED.difficulty,
  status = EXCLUDED.status,
  updated_at = NOW();

INSERT INTO item_variants (id, item_id, version, prompt_richtext, options_json, correct_answer_json, explanation_richtext, active, created_at, updated_at)
VALUES (
  '00000003-0001-0006-0000-000000000001',
  '00000003-0001-0000-0000-000000000006',
  1,
  'What is the primary job of defensive ends?',
  '["Rush the passer and set the edge on runs", "Cover the middle", "Play deep safety", "Snap the ball"]',
  '{"index": 0}',
  'Defensive ends rush the QB on passes and ''set the edge'' on runs (prevent outside runs). They''re typically the best pass rushers on the defense.',
  true,
  NOW(),
  NOW()
) ON CONFLICT (id) DO UPDATE SET
  prompt_richtext = EXCLUDED.prompt_richtext,
  options_json = EXCLUDED.options_json,
  correct_answer_json = EXCLUDED.correct_answer_json,
  explanation_richtext = EXCLUDED.explanation_richtext,
  active = EXCLUDED.active,
  updated_at = NOW();

INSERT INTO items (id, lesson_id, type, base_prompt, answer_schema_json, difficulty, status, author_id, created_at, updated_at)
VALUES (
  '00000003-0001-0000-0000-000000000007',
  '00000003-0000-0000-0000-000000000001',
  'mcq',
  'Identify nose tackle',
  '{"type": "mcq", "options": ["Directly over the center", "Over the guard", "On the outside", "In the secondary"], "correct": 0}'::jsonb,
  3,
  'live',
  (SELECT id FROM users LIMIT 1),
  NOW(),
  NOW()
) ON CONFLICT (id) DO UPDATE SET
  type = EXCLUDED.type,
  base_prompt = EXCLUDED.base_prompt,
  answer_schema_json = EXCLUDED.answer_schema_json,
  difficulty = EXCLUDED.difficulty,
  status = EXCLUDED.status,
  updated_at = NOW();

INSERT INTO item_variants (id, item_id, version, prompt_richtext, options_json, correct_answer_json, explanation_richtext, active, created_at, updated_at)
VALUES (
  '00000003-0001-0007-0000-000000000001',
  '00000003-0001-0000-0000-000000000007',
  1,
  'In a 3-4 defense, where does the nose tackle line up?',
  '["Directly over the center", "Over the guard", "On the outside", "In the secondary"]',
  '{"index": 0}',
  'The nose tackle lines up directly over the center (on their ''nose''). They''re usually the biggest player on defense and anchor the middle.',
  true,
  NOW(),
  NOW()
) ON CONFLICT (id) DO UPDATE SET
  prompt_richtext = EXCLUDED.prompt_richtext,
  options_json = EXCLUDED.options_json,
  correct_answer_json = EXCLUDED.correct_answer_json,
  explanation_richtext = EXCLUDED.explanation_richtext,
  active = EXCLUDED.active,
  updated_at = NOW();

INSERT INTO items (id, lesson_id, type, base_prompt, answer_schema_json, difficulty, status, author_id, created_at, updated_at)
VALUES (
  '00000003-0001-0000-0000-000000000008',
  '00000003-0000-0000-0000-000000000001',
  'mcq',
  'Understand 4-3 vs 3-4',
  '{"type": "mcq", "options": ["3-4 has more versatile blitz options", "4-3 is better against the pass", "3-4 is illegal in the NFL", "There''s no difference"], "correct": 0}'::jsonb,
  3,
  'live',
  (SELECT id FROM users LIMIT 1),
  NOW(),
  NOW()
) ON CONFLICT (id) DO UPDATE SET
  type = EXCLUDED.type,
  base_prompt = EXCLUDED.base_prompt,
  answer_schema_json = EXCLUDED.answer_schema_json,
  difficulty = EXCLUDED.difficulty,
  status = EXCLUDED.status,
  updated_at = NOW();

INSERT INTO item_variants (id, item_id, version, prompt_richtext, options_json, correct_answer_json, explanation_richtext, active, created_at, updated_at)
VALUES (
  '00000003-0001-0008-0000-000000000001',
  '00000003-0001-0000-0000-000000000008',
  1,
  'What''s a key difference between 4-3 and 3-4 defenses?',
  '["3-4 has more versatile blitz options", "4-3 is better against the pass", "3-4 is illegal in the NFL", "There''s no difference"]',
  '{"index": 0}',
  '3-4 defenses have 4 linebackers, creating more blitz options and disguise. The offense doesn''t know which LBs will rush. 4-3 is more straightforward.',
  true,
  NOW(),
  NOW()
) ON CONFLICT (id) DO UPDATE SET
  prompt_richtext = EXCLUDED.prompt_richtext,
  options_json = EXCLUDED.options_json,
  correct_answer_json = EXCLUDED.correct_answer_json,
  explanation_richtext = EXCLUDED.explanation_richtext,
  active = EXCLUDED.active,
  updated_at = NOW();

INSERT INTO items (id, lesson_id, type, base_prompt, answer_schema_json, difficulty, status, author_id, created_at, updated_at)
VALUES (
  '00000003-0001-0000-0000-000000000009',
  '00000003-0000-0000-0000-000000000001',
  'mcq',
  'Identify base defense',
  '{"type": "mcq", "options": ["Their standard formation (4-3 or 3-4)", "Their best defense", "Defense used on 1st down only", "Defense at home stadium"], "correct": 0}'::jsonb,
  2,
  'live',
  (SELECT id FROM users LIMIT 1),
  NOW(),
  NOW()
) ON CONFLICT (id) DO UPDATE SET
  type = EXCLUDED.type,
  base_prompt = EXCLUDED.base_prompt,
  answer_schema_json = EXCLUDED.answer_schema_json,
  difficulty = EXCLUDED.difficulty,
  status = EXCLUDED.status,
  updated_at = NOW();

INSERT INTO item_variants (id, item_id, version, prompt_richtext, options_json, correct_answer_json, explanation_richtext, active, created_at, updated_at)
VALUES (
  '00000003-0001-0009-0000-000000000001',
  '00000003-0001-0000-0000-000000000009',
  1,
  'What is a team''s ''base defense''?',
  '["Their standard formation (4-3 or 3-4)", "Their best defense", "Defense used on 1st down only", "Defense at home stadium"]',
  '{"index": 0}',
  'Base defense is a team''s standard formation - either 4-3 or 3-4. Teams build their entire defensive system around their base front.',
  true,
  NOW(),
  NOW()
) ON CONFLICT (id) DO UPDATE SET
  prompt_richtext = EXCLUDED.prompt_richtext,
  options_json = EXCLUDED.options_json,
  correct_answer_json = EXCLUDED.correct_answer_json,
  explanation_richtext = EXCLUDED.explanation_richtext,
  active = EXCLUDED.active,
  updated_at = NOW();

INSERT INTO items (id, lesson_id, type, base_prompt, answer_schema_json, difficulty, status, author_id, created_at, updated_at)
VALUES (
  '00000003-0001-0000-0000-000000000010',
  '00000003-0000-0000-0000-000000000001',
  'mcq',
  'Understand sub packages',
  '{"type": "mcq", "options": ["To match speed when offense uses multiple WRs", "To confuse the offense", "Because it''s required", "To rest players"], "correct": 0}'::jsonb,
  3,
  'live',
  (SELECT id FROM users LIMIT 1),
  NOW(),
  NOW()
) ON CONFLICT (id) DO UPDATE SET
  type = EXCLUDED.type,
  base_prompt = EXCLUDED.base_prompt,
  answer_schema_json = EXCLUDED.answer_schema_json,
  difficulty = EXCLUDED.difficulty,
  status = EXCLUDED.status,
  updated_at = NOW();

INSERT INTO item_variants (id, item_id, version, prompt_richtext, options_json, correct_answer_json, explanation_richtext, active, created_at, updated_at)
VALUES (
  '00000003-0001-0010-0000-000000000001',
  '00000003-0001-0000-0000-000000000010',
  1,
  'Why do defenses use nickel and dime packages?',
  '["To match speed when offense uses multiple WRs", "To confuse the offense", "Because it''s required", "To rest players"]',
  '{"index": 0}',
  'When offenses use 3+ WRs, defenses need more DBs to match speed. Nickel and dime packages replace slower LBs with faster defensive backs.',
  true,
  NOW(),
  NOW()
) ON CONFLICT (id) DO UPDATE SET
  prompt_richtext = EXCLUDED.prompt_richtext,
  options_json = EXCLUDED.options_json,
  correct_answer_json = EXCLUDED.correct_answer_json,
  explanation_richtext = EXCLUDED.explanation_richtext,
  active = EXCLUDED.active,
  updated_at = NOW();

-- Module 3, Lesson 2: Defensive Strategy
INSERT INTO lessons (id, module_id, title, description, order_index, est_minutes, xp_award, created_at, updated_at)
VALUES (
  '00000003-0000-0000-0000-000000000002',
  '00000000-0000-0000-0000-000000000003',
  'Defensive Strategy',
  'Learn when and why to use different defensive packages',
  2,
  5,
  100,
  NOW(),
  NOW()
) ON CONFLICT (id) DO UPDATE SET
  title = EXCLUDED.title,
  description = EXCLUDED.description,
  order_index = EXCLUDED.order_index,
  est_minutes = EXCLUDED.est_minutes,
  xp_award = EXCLUDED.xp_award,
  updated_at = NOW();

INSERT INTO items (id, lesson_id, type, base_prompt, answer_schema_json, difficulty, status, author_id, created_at, updated_at)
VALUES (
  '00000003-0002-0000-0000-000000000001',
  '00000003-0000-0000-0000-000000000002',
  'mcq',
  'When to use 3-4',
  '{"type": "mcq", "options": ["To disguise pressure/blitz", "To stop the run", "To prevent deep passes", "To save energy"], "correct": 0}'::jsonb,
  3,
  'live',
  (SELECT id FROM users LIMIT 1),
  NOW(),
  NOW()
) ON CONFLICT (id) DO UPDATE SET
  type = EXCLUDED.type,
  base_prompt = EXCLUDED.base_prompt,
  answer_schema_json = EXCLUDED.answer_schema_json,
  difficulty = EXCLUDED.difficulty,
  status = EXCLUDED.status,
  updated_at = NOW();

INSERT INTO item_variants (id, item_id, version, prompt_richtext, options_json, correct_answer_json, explanation_richtext, active, created_at, updated_at)
VALUES (
  '00000003-0002-0001-0000-000000000001',
  '00000003-0002-0000-0000-000000000001',
  1,
  'When do teams traditionally deploy a 3-4 defense?',
  '["To disguise pressure/blitz", "To stop the run", "To prevent deep passes", "To save energy"]',
  '{"index": 0}',
  '3-4 defenses have 4 linebackers, creating more blitz options and disguise. The offense doesn''t know which LBs will rush.',
  true,
  NOW(),
  NOW()
) ON CONFLICT (id) DO UPDATE SET
  prompt_richtext = EXCLUDED.prompt_richtext,
  options_json = EXCLUDED.options_json,
  correct_answer_json = EXCLUDED.correct_answer_json,
  explanation_richtext = EXCLUDED.explanation_richtext,
  active = EXCLUDED.active,
  updated_at = NOW();

INSERT INTO items (id, lesson_id, type, base_prompt, answer_schema_json, difficulty, status, author_id, created_at, updated_at)
VALUES (
  '00000003-0002-0000-0000-000000000002',
  '00000003-0000-0000-0000-000000000002',
  'mcq',
  'Why use 4-3',
  '{"type": "mcq", "options": ["Balanced against run and pass", "To blitz more", "To play zone only", "It''s cheaper"], "correct": 0}'::jsonb,
  3,
  'live',
  (SELECT id FROM users LIMIT 1),
  NOW(),
  NOW()
) ON CONFLICT (id) DO UPDATE SET
  type = EXCLUDED.type,
  base_prompt = EXCLUDED.base_prompt,
  answer_schema_json = EXCLUDED.answer_schema_json,
  difficulty = EXCLUDED.difficulty,
  status = EXCLUDED.status,
  updated_at = NOW();

INSERT INTO item_variants (id, item_id, version, prompt_richtext, options_json, correct_answer_json, explanation_richtext, active, created_at, updated_at)
VALUES (
  '00000003-0002-0002-0000-000000000001',
  '00000003-0002-0000-0000-000000000002',
  1,
  'Why do teams use a 4-3 defense?',
  '["Balanced against run and pass", "To blitz more", "To play zone only", "It''s cheaper"]',
  '{"index": 0}',
  '4-3 is a traditional, balanced defense good against both run and pass with defined gaps.',
  true,
  NOW(),
  NOW()
) ON CONFLICT (id) DO UPDATE SET
  prompt_richtext = EXCLUDED.prompt_richtext,
  options_json = EXCLUDED.options_json,
  correct_answer_json = EXCLUDED.correct_answer_json,
  explanation_richtext = EXCLUDED.explanation_richtext,
  active = EXCLUDED.active,
  updated_at = NOW();

INSERT INTO items (id, lesson_id, type, base_prompt, answer_schema_json, difficulty, status, author_id, created_at, updated_at)
VALUES (
  '00000003-0002-0000-0000-000000000003',
  '00000003-0000-0000-0000-000000000002',
  'mcq',
  'When to use Nickel',
  '{"type": "mcq", "options": ["Against 3+ WR sets", "On 1st down", "On the goal line", "In the rain"], "correct": 0}'::jsonb,
  3,
  'live',
  (SELECT id FROM users LIMIT 1),
  NOW(),
  NOW()
) ON CONFLICT (id) DO UPDATE SET
  type = EXCLUDED.type,
  base_prompt = EXCLUDED.base_prompt,
  answer_schema_json = EXCLUDED.answer_schema_json,
  difficulty = EXCLUDED.difficulty,
  status = EXCLUDED.status,
  updated_at = NOW();

INSERT INTO item_variants (id, item_id, version, prompt_richtext, options_json, correct_answer_json, explanation_richtext, active, created_at, updated_at)
VALUES (
  '00000003-0002-0003-0000-000000000001',
  '00000003-0002-0000-0000-000000000003',
  1,
  'When is a Nickel defense typically used?',
  '["Against 3+ WR sets", "On 1st down", "On the goal line", "In the rain"]',
  '{"index": 0}',
  'It''s used against 3+ WR sets, replacing a linebacker with an extra defensive back to match speed.',
  true,
  NOW(),
  NOW()
) ON CONFLICT (id) DO UPDATE SET
  prompt_richtext = EXCLUDED.prompt_richtext,
  options_json = EXCLUDED.options_json,
  correct_answer_json = EXCLUDED.correct_answer_json,
  explanation_richtext = EXCLUDED.explanation_richtext,
  active = EXCLUDED.active,
  updated_at = NOW();

INSERT INTO items (id, lesson_id, type, base_prompt, answer_schema_json, difficulty, status, author_id, created_at, updated_at)
VALUES (
  '00000003-0002-0000-0000-000000000004',
  '00000003-0000-0000-0000-000000000002',
  'mcq',
  'When to use Dime',
  '{"type": "mcq", "options": ["In obvious passing situations", "On 1st down", "Against the run", "In overtime"], "correct": 0}'::jsonb,
  3,
  'live',
  (SELECT id FROM users LIMIT 1),
  NOW(),
  NOW()
) ON CONFLICT (id) DO UPDATE SET
  type = EXCLUDED.type,
  base_prompt = EXCLUDED.base_prompt,
  answer_schema_json = EXCLUDED.answer_schema_json,
  difficulty = EXCLUDED.difficulty,
  status = EXCLUDED.status,
  updated_at = NOW();

INSERT INTO item_variants (id, item_id, version, prompt_richtext, options_json, correct_answer_json, explanation_richtext, active, created_at, updated_at)
VALUES (
  '00000003-0002-0004-0000-000000000001',
  '00000003-0002-0000-0000-000000000004',
  1,
  'When is a Dime defense typically used?',
  '["In obvious passing situations", "On 1st down", "Against the run", "In overtime"]',
  '{"index": 0}',
  'It''s used in obvious passing situations (like 3rd & long), typically with only 3 or 4 down linemen to maximize coverage.',
  true,
  NOW(),
  NOW()
) ON CONFLICT (id) DO UPDATE SET
  prompt_richtext = EXCLUDED.prompt_richtext,
  options_json = EXCLUDED.options_json,
  correct_answer_json = EXCLUDED.correct_answer_json,
  explanation_richtext = EXCLUDED.explanation_richtext,
  active = EXCLUDED.active,
  updated_at = NOW();

-- Module 3, Lesson 3: Cover 1 Defense
INSERT INTO lessons (id, module_id, title, description, order_index, est_minutes, xp_award, created_at, updated_at)
VALUES (
  '00000003-0000-0000-0000-000000000003',
  '00000000-0000-0000-0000-000000000003',
  'Cover 1 Defense',
  'Learn man-free coverage and its strengths and weaknesses',
  3,
  5,
  100,
  NOW(),
  NOW()
) ON CONFLICT (id) DO UPDATE SET
  title = EXCLUDED.title,
  description = EXCLUDED.description,
  order_index = EXCLUDED.order_index,
  est_minutes = EXCLUDED.est_minutes,
  xp_award = EXCLUDED.xp_award,
  updated_at = NOW();

INSERT INTO items (id, lesson_id, type, base_prompt, answer_schema_json, difficulty, status, author_id, created_at, updated_at)
VALUES (
  '00000003-0003-0000-0000-000000000001',
  '00000003-0000-0000-0000-000000000003',
  'mcq',
  'Identify Cover 1',
  '{"type": "mcq", "options": ["Man coverage with 1 deep safety", "Zone coverage", "1 defender on the field", "1 point allowed"], "correct": 0}'::jsonb,
  3,
  'live',
  (SELECT id FROM users LIMIT 1),
  NOW(),
  NOW()
) ON CONFLICT (id) DO UPDATE SET
  type = EXCLUDED.type,
  base_prompt = EXCLUDED.base_prompt,
  answer_schema_json = EXCLUDED.answer_schema_json,
  difficulty = EXCLUDED.difficulty,
  status = EXCLUDED.status,
  updated_at = NOW();

INSERT INTO item_variants (id, item_id, version, prompt_richtext, options_json, correct_answer_json, explanation_richtext, active, created_at, updated_at)
VALUES (
  '00000003-0003-0001-0000-000000000001',
  '00000003-0003-0000-0000-000000000001',
  1,
  'What is Cover 1 defense?',
  '["Man coverage with 1 deep safety", "Zone coverage", "1 defender on the field", "1 point allowed"]',
  '{"index": 0}',
  'Cover 1 (or ''man-free'') has defenders play man-to-man coverage on receivers with 1 deep safety providing help over the top.',
  true,
  NOW(),
  NOW()
) ON CONFLICT (id) DO UPDATE SET
  prompt_richtext = EXCLUDED.prompt_richtext,
  options_json = EXCLUDED.options_json,
  correct_answer_json = EXCLUDED.correct_answer_json,
  explanation_richtext = EXCLUDED.explanation_richtext,
  active = EXCLUDED.active,
  updated_at = NOW();

INSERT INTO items (id, lesson_id, type, base_prompt, answer_schema_json, difficulty, status, author_id, created_at, updated_at)
VALUES (
  '00000003-0003-0000-0000-000000000002',
  '00000003-0000-0000-0000-000000000003',
  'mcq',
  'Understand free safety role',
  '{"type": "mcq", "options": ["Provide deep help and prevent big plays", "Blitz the QB", "Cover a specific receiver", "Play near the line"], "correct": 0}'::jsonb,
  3,
  'live',
  (SELECT id FROM users LIMIT 1),
  NOW(),
  NOW()
) ON CONFLICT (id) DO UPDATE SET
  type = EXCLUDED.type,
  base_prompt = EXCLUDED.base_prompt,
  answer_schema_json = EXCLUDED.answer_schema_json,
  difficulty = EXCLUDED.difficulty,
  status = EXCLUDED.status,
  updated_at = NOW();

INSERT INTO item_variants (id, item_id, version, prompt_richtext, options_json, correct_answer_json, explanation_richtext, active, created_at, updated_at)
VALUES (
  '00000003-0003-0002-0000-000000000001',
  '00000003-0003-0000-0000-000000000002',
  1,
  'In Cover 1, what is the free safety''s job?',
  '["Provide deep help and prevent big plays", "Blitz the QB", "Cover a specific receiver", "Play near the line"]',
  '{"index": 0}',
  'The free safety in Cover 1 plays deep middle and helps on any deep routes. They''re the last line of defense and prevent touchdowns.',
  true,
  NOW(),
  NOW()
) ON CONFLICT (id) DO UPDATE SET
  prompt_richtext = EXCLUDED.prompt_richtext,
  options_json = EXCLUDED.options_json,
  correct_answer_json = EXCLUDED.correct_answer_json,
  explanation_richtext = EXCLUDED.explanation_richtext,
  active = EXCLUDED.active,
  updated_at = NOW();

INSERT INTO items (id, lesson_id, type, base_prompt, answer_schema_json, difficulty, status, author_id, created_at, updated_at)
VALUES (
  '00000003-0003-0000-0000-000000000003',
  '00000003-0000-0000-0000-000000000003',
  'mcq',
  'Identify Cover 1 strength',
  '{"type": "mcq", "options": ["Can bring extra pass rushers (blitz)", "Great against the run", "Prevents all passes", "Easy to play"], "correct": 0}'::jsonb,
  3,
  'live',
  (SELECT id FROM users LIMIT 1),
  NOW(),
  NOW()
) ON CONFLICT (id) DO UPDATE SET
  type = EXCLUDED.type,
  base_prompt = EXCLUDED.base_prompt,
  answer_schema_json = EXCLUDED.answer_schema_json,
  difficulty = EXCLUDED.difficulty,
  status = EXCLUDED.status,
  updated_at = NOW();

INSERT INTO item_variants (id, item_id, version, prompt_richtext, options_json, correct_answer_json, explanation_richtext, active, created_at, updated_at)
VALUES (
  '00000003-0003-0003-0000-000000000001',
  '00000003-0003-0000-0000-000000000003',
  1,
  'What is a strength of Cover 1?',
  '["Can bring extra pass rushers (blitz)", "Great against the run", "Prevents all passes", "Easy to play"]',
  '{"index": 0}',
  'Since only 1 safety plays deep, Cover 1 allows 6+ defenders to rush or play near the line. This creates pressure and stops the run.',
  true,
  NOW(),
  NOW()
) ON CONFLICT (id) DO UPDATE SET
  prompt_richtext = EXCLUDED.prompt_richtext,
  options_json = EXCLUDED.options_json,
  correct_answer_json = EXCLUDED.correct_answer_json,
  explanation_richtext = EXCLUDED.explanation_richtext,
  active = EXCLUDED.active,
  updated_at = NOW();

INSERT INTO items (id, lesson_id, type, base_prompt, answer_schema_json, difficulty, status, author_id, created_at, updated_at)
VALUES (
  '00000003-0003-0000-0000-000000000004',
  '00000003-0000-0000-0000-000000000003',
  'mcq',
  'Identify Cover 1 weakness',
  '{"type": "mcq", "options": ["Vulnerable to pick routes and rub concepts", "Can''t stop the run", "Too many deep safeties", "Illegal in some situations"], "correct": 0}'::jsonb,
  3,
  'live',
  (SELECT id FROM users LIMIT 1),
  NOW(),
  NOW()
) ON CONFLICT (id) DO UPDATE SET
  type = EXCLUDED.type,
  base_prompt = EXCLUDED.base_prompt,
  answer_schema_json = EXCLUDED.answer_schema_json,
  difficulty = EXCLUDED.difficulty,
  status = EXCLUDED.status,
  updated_at = NOW();

INSERT INTO item_variants (id, item_id, version, prompt_richtext, options_json, correct_answer_json, explanation_richtext, active, created_at, updated_at)
VALUES (
  '00000003-0003-0004-0000-000000000001',
  '00000003-0003-0000-0000-000000000004',
  1,
  'What is a weakness of Cover 1?',
  '["Vulnerable to pick routes and rub concepts", "Can''t stop the run", "Too many deep safeties", "Illegal in some situations"]',
  '{"index": 0}',
  'Man coverage struggles against pick/rub routes where receivers cross and create natural interference. The free safety can''t help everywhere.',
  true,
  NOW(),
  NOW()
) ON CONFLICT (id) DO UPDATE SET
  prompt_richtext = EXCLUDED.prompt_richtext,
  options_json = EXCLUDED.options_json,
  correct_answer_json = EXCLUDED.correct_answer_json,
  explanation_richtext = EXCLUDED.explanation_richtext,
  active = EXCLUDED.active,
  updated_at = NOW();

INSERT INTO items (id, lesson_id, type, base_prompt, answer_schema_json, difficulty, status, author_id, created_at, updated_at)
VALUES (
  '00000003-0003-0000-0000-000000000005',
  '00000003-0000-0000-0000-000000000003',
  'mcq',
  'Understand man coverage technique',
  '{"type": "mcq", "options": ["The receiver''s hips and movements", "The quarterback", "The ball", "The sideline"], "correct": 0}'::jsonb,
  3,
  'live',
  (SELECT id FROM users LIMIT 1),
  NOW(),
  NOW()
) ON CONFLICT (id) DO UPDATE SET
  type = EXCLUDED.type,
  base_prompt = EXCLUDED.base_prompt,
  answer_schema_json = EXCLUDED.answer_schema_json,
  difficulty = EXCLUDED.difficulty,
  status = EXCLUDED.status,
  updated_at = NOW();

INSERT INTO item_variants (id, item_id, version, prompt_richtext, options_json, correct_answer_json, explanation_richtext, active, created_at, updated_at)
VALUES (
  '00000003-0003-0005-0000-000000000001',
  '00000003-0003-0000-0000-000000000005',
  1,
  'In man coverage, what should a defender focus on?',
  '["The receiver''s hips and movements", "The quarterback", "The ball", "The sideline"]',
  '{"index": 0}',
  'In man coverage, defenders watch the receiver''s hips (which don''t lie) and mirror their movements. Looking at the QB or ball causes you to lose position.',
  true,
  NOW(),
  NOW()
) ON CONFLICT (id) DO UPDATE SET
  prompt_richtext = EXCLUDED.prompt_richtext,
  options_json = EXCLUDED.options_json,
  correct_answer_json = EXCLUDED.correct_answer_json,
  explanation_richtext = EXCLUDED.explanation_richtext,
  active = EXCLUDED.active,
  updated_at = NOW();

INSERT INTO items (id, lesson_id, type, base_prompt, answer_schema_json, difficulty, status, author_id, created_at, updated_at)
VALUES (
  '00000003-0003-0000-0000-000000000006',
  '00000003-0000-0000-0000-000000000003',
  'mcq',
  'Identify press coverage',
  '{"type": "mcq", "options": ["Defender lines up close and jams receiver at the line", "Defender plays 10 yards off", "Defender blitzes", "Defender covers a zone"], "correct": 0}'::jsonb,
  3,
  'live',
  (SELECT id FROM users LIMIT 1),
  NOW(),
  NOW()
) ON CONFLICT (id) DO UPDATE SET
  type = EXCLUDED.type,
  base_prompt = EXCLUDED.base_prompt,
  answer_schema_json = EXCLUDED.answer_schema_json,
  difficulty = EXCLUDED.difficulty,
  status = EXCLUDED.status,
  updated_at = NOW();

INSERT INTO item_variants (id, item_id, version, prompt_richtext, options_json, correct_answer_json, explanation_richtext, active, created_at, updated_at)
VALUES (
  '00000003-0003-0006-0000-000000000001',
  '00000003-0003-0000-0000-000000000006',
  1,
  'What is ''press'' coverage in Cover 1?',
  '["Defender lines up close and jams receiver at the line", "Defender plays 10 yards off", "Defender blitzes", "Defender covers a zone"]',
  '{"index": 0}',
  'Press coverage has the defender line up close to the receiver and ''jam'' them at the line to disrupt their route. It''s aggressive man coverage.',
  true,
  NOW(),
  NOW()
) ON CONFLICT (id) DO UPDATE SET
  prompt_richtext = EXCLUDED.prompt_richtext,
  options_json = EXCLUDED.options_json,
  correct_answer_json = EXCLUDED.correct_answer_json,
  explanation_richtext = EXCLUDED.explanation_richtext,
  active = EXCLUDED.active,
  updated_at = NOW();

INSERT INTO items (id, lesson_id, type, base_prompt, answer_schema_json, difficulty, status, author_id, created_at, updated_at)
VALUES (
  '00000003-0003-0000-0000-000000000007',
  '00000003-0000-0000-0000-000000000003',
  'mcq',
  'Understand off coverage',
  '{"type": "mcq", "options": ["Defender plays 5-10 yards off the receiver", "Defender is off the field", "Defender is turned around", "Defender blitzes"], "correct": 0}'::jsonb,
  3,
  'live',
  (SELECT id FROM users LIMIT 1),
  NOW(),
  NOW()
) ON CONFLICT (id) DO UPDATE SET
  type = EXCLUDED.type,
  base_prompt = EXCLUDED.base_prompt,
  answer_schema_json = EXCLUDED.answer_schema_json,
  difficulty = EXCLUDED.difficulty,
  status = EXCLUDED.status,
  updated_at = NOW();

INSERT INTO item_variants (id, item_id, version, prompt_richtext, options_json, correct_answer_json, explanation_richtext, active, created_at, updated_at)
VALUES (
  '00000003-0003-0007-0000-000000000001',
  '00000003-0003-0000-0000-000000000007',
  1,
  'What is ''off'' coverage?',
  '["Defender plays 5-10 yards off the receiver", "Defender is off the field", "Defender is turned around", "Defender blitzes"]',
  '{"index": 0}',
  'Off coverage has the defender give a cushion (5-10 yards) to the receiver. This prevents getting beat deep but allows short completions.',
  true,
  NOW(),
  NOW()
) ON CONFLICT (id) DO UPDATE SET
  prompt_richtext = EXCLUDED.prompt_richtext,
  options_json = EXCLUDED.options_json,
  correct_answer_json = EXCLUDED.correct_answer_json,
  explanation_richtext = EXCLUDED.explanation_richtext,
  active = EXCLUDED.active,
  updated_at = NOW();

INSERT INTO items (id, lesson_id, type, base_prompt, answer_schema_json, difficulty, status, author_id, created_at, updated_at)
VALUES (
  '00000003-0003-0000-0000-000000000008',
  '00000003-0000-0000-0000-000000000003',
  'mcq',
  'Identify Cover 1 robber',
  '{"type": "mcq", "options": ["Free safety plays shallow to rob crossing routes", "A player steals the ball", "An illegal defense", "Same as regular Cover 1"], "correct": 0}'::jsonb,
  4,
  'live',
  (SELECT id FROM users LIMIT 1),
  NOW(),
  NOW()
) ON CONFLICT (id) DO UPDATE SET
  type = EXCLUDED.type,
  base_prompt = EXCLUDED.base_prompt,
  answer_schema_json = EXCLUDED.answer_schema_json,
  difficulty = EXCLUDED.difficulty,
  status = EXCLUDED.status,
  updated_at = NOW();

INSERT INTO item_variants (id, item_id, version, prompt_richtext, options_json, correct_answer_json, explanation_richtext, active, created_at, updated_at)
VALUES (
  '00000003-0003-0008-0000-000000000001',
  '00000003-0003-0000-0000-000000000008',
  1,
  'What is ''Cover 1 Robber''?',
  '["Free safety plays shallow to rob crossing routes", "A player steals the ball", "An illegal defense", "Same as regular Cover 1"]',
  '{"index": 0}',
  'Cover 1 Robber has the free safety play shallow to ''rob'' crossing routes and underneath passes instead of playing deep. A linebacker may play deep instead.',
  true,
  NOW(),
  NOW()
) ON CONFLICT (id) DO UPDATE SET
  prompt_richtext = EXCLUDED.prompt_richtext,
  options_json = EXCLUDED.options_json,
  correct_answer_json = EXCLUDED.correct_answer_json,
  explanation_richtext = EXCLUDED.explanation_richtext,
  active = EXCLUDED.active,
  updated_at = NOW();

INSERT INTO items (id, lesson_id, type, base_prompt, answer_schema_json, difficulty, status, author_id, created_at, updated_at)
VALUES (
  '00000003-0003-0000-0000-000000000009',
  '00000003-0000-0000-0000-000000000003',
  'mcq',
  'Understand man coverage matchups',
  '{"type": "mcq", "options": ["Fast WR vs slow LB creates easy completions", "It''s illegal", "It helps the defense", "It doesn''t matter"], "correct": 0}'::jsonb,
  3,
  'live',
  (SELECT id FROM users LIMIT 1),
  NOW(),
  NOW()
) ON CONFLICT (id) DO UPDATE SET
  type = EXCLUDED.type,
  base_prompt = EXCLUDED.base_prompt,
  answer_schema_json = EXCLUDED.answer_schema_json,
  difficulty = EXCLUDED.difficulty,
  status = EXCLUDED.status,
  updated_at = NOW();

INSERT INTO item_variants (id, item_id, version, prompt_richtext, options_json, correct_answer_json, explanation_richtext, active, created_at, updated_at)
VALUES (
  '00000003-0003-0009-0000-000000000001',
  '00000003-0003-0000-0000-000000000009',
  1,
  'Why do offenses love mismatches in man coverage?',
  '["Fast WR vs slow LB creates easy completions", "It''s illegal", "It helps the defense", "It doesn''t matter"]',
  '{"index": 0}',
  'In man coverage, if a fast receiver is matched against a slower linebacker, the receiver has a huge advantage. Offenses exploit these mismatches.',
  true,
  NOW(),
  NOW()
) ON CONFLICT (id) DO UPDATE SET
  prompt_richtext = EXCLUDED.prompt_richtext,
  options_json = EXCLUDED.options_json,
  correct_answer_json = EXCLUDED.correct_answer_json,
  explanation_richtext = EXCLUDED.explanation_richtext,
  active = EXCLUDED.active,
  updated_at = NOW();

INSERT INTO items (id, lesson_id, type, base_prompt, answer_schema_json, difficulty, status, author_id, created_at, updated_at)
VALUES (
  '00000003-0003-0000-0000-000000000010',
  '00000003-0000-0000-0000-000000000003',
  'mcq',
  'Identify Cover 1 blitz',
  '{"type": "mcq", "options": ["Only need 1 deep safety, freeing up rushers", "It''s required by rules", "Blitzes don''t work with zone", "To confuse the offense"], "correct": 0}'::jsonb,
  3,
  'live',
  (SELECT id FROM users LIMIT 1),
  NOW(),
  NOW()
) ON CONFLICT (id) DO UPDATE SET
  type = EXCLUDED.type,
  base_prompt = EXCLUDED.base_prompt,
  answer_schema_json = EXCLUDED.answer_schema_json,
  difficulty = EXCLUDED.difficulty,
  status = EXCLUDED.status,
  updated_at = NOW();

INSERT INTO item_variants (id, item_id, version, prompt_richtext, options_json, correct_answer_json, explanation_richtext, active, created_at, updated_at)
VALUES (
  '00000003-0003-0010-0000-000000000001',
  '00000003-0003-0000-0000-000000000010',
  1,
  'Why is Cover 1 often paired with blitzes?',
  '["Only need 1 deep safety, freeing up rushers", "It''s required by rules", "Blitzes don''t work with zone", "To confuse the offense"]',
  '{"index": 0}',
  'Cover 1 only requires 1 deep safety, so more defenders can blitz or play near the line. This creates pressure while maintaining deep coverage.',
  true,
  NOW(),
  NOW()
) ON CONFLICT (id) DO UPDATE SET
  prompt_richtext = EXCLUDED.prompt_richtext,
  options_json = EXCLUDED.options_json,
  correct_answer_json = EXCLUDED.correct_answer_json,
  explanation_richtext = EXCLUDED.explanation_richtext,
  active = EXCLUDED.active,
  updated_at = NOW();

-- Module 3, Lesson 4: Cover 2 Defense
INSERT INTO lessons (id, module_id, title, description, order_index, est_minutes, xp_award, created_at, updated_at)
VALUES (
  '00000003-0000-0000-0000-000000000004',
  '00000000-0000-0000-0000-000000000003',
  'Cover 2 Defense',
  'Learn two-deep zone coverage and its variations',
  4,
  5,
  100,
  NOW(),
  NOW()
) ON CONFLICT (id) DO UPDATE SET
  title = EXCLUDED.title,
  description = EXCLUDED.description,
  order_index = EXCLUDED.order_index,
  est_minutes = EXCLUDED.est_minutes,
  xp_award = EXCLUDED.xp_award,
  updated_at = NOW();

INSERT INTO items (id, lesson_id, type, base_prompt, answer_schema_json, difficulty, status, author_id, created_at, updated_at)
VALUES (
  '00000003-0004-0000-0000-000000000001',
  '00000003-0000-0000-0000-000000000004',
  'mcq',
  'Identify Cover 2',
  '{"type": "mcq", "options": ["2 deep safeties split the field in half", "2 defenders on the field", "2 points allowed", "2 linebackers"], "correct": 0}'::jsonb,
  3,
  'live',
  (SELECT id FROM users LIMIT 1),
  NOW(),
  NOW()
) ON CONFLICT (id) DO UPDATE SET
  type = EXCLUDED.type,
  base_prompt = EXCLUDED.base_prompt,
  answer_schema_json = EXCLUDED.answer_schema_json,
  difficulty = EXCLUDED.difficulty,
  status = EXCLUDED.status,
  updated_at = NOW();

INSERT INTO item_variants (id, item_id, version, prompt_richtext, options_json, correct_answer_json, explanation_richtext, active, created_at, updated_at)
VALUES (
  '00000003-0004-0001-0000-000000000001',
  '00000003-0004-0000-0000-000000000001',
  1,
  'What is Cover 2 defense?',
  '["2 deep safeties split the field in half", "2 defenders on the field", "2 points allowed", "2 linebackers"]',
  '{"index": 0}',
  'Cover 2 has two safeties each responsible for half the deep field. Underneath defenders play zone coverage. It''s a balanced zone defense.',
  true,
  NOW(),
  NOW()
) ON CONFLICT (id) DO UPDATE SET
  prompt_richtext = EXCLUDED.prompt_richtext,
  options_json = EXCLUDED.options_json,
  correct_answer_json = EXCLUDED.correct_answer_json,
  explanation_richtext = EXCLUDED.explanation_richtext,
  active = EXCLUDED.active,
  updated_at = NOW();

INSERT INTO items (id, lesson_id, type, base_prompt, answer_schema_json, difficulty, status, author_id, created_at, updated_at)
VALUES (
  '00000003-0004-0000-0000-000000000002',
  '00000003-0000-0000-0000-000000000004',
  'mcq',
  'Understand Cover 2 safeties',
  '{"type": "mcq", "options": ["Deep halves of the field", "Underneath zones", "The line of scrimmage", "They blitz"], "correct": 0}'::jsonb,
  3,
  'live',
  (SELECT id FROM users LIMIT 1),
  NOW(),
  NOW()
) ON CONFLICT (id) DO UPDATE SET
  type = EXCLUDED.type,
  base_prompt = EXCLUDED.base_prompt,
  answer_schema_json = EXCLUDED.answer_schema_json,
  difficulty = EXCLUDED.difficulty,
  status = EXCLUDED.status,
  updated_at = NOW();

INSERT INTO item_variants (id, item_id, version, prompt_richtext, options_json, correct_answer_json, explanation_richtext, active, created_at, updated_at)
VALUES (
  '00000003-0004-0002-0000-000000000001',
  '00000003-0004-0000-0000-000000000002',
  1,
  'In Cover 2, what area do the safeties cover?',
  '["Deep halves of the field", "Underneath zones", "The line of scrimmage", "They blitz"]',
  '{"index": 0}',
  'Each safety covers a deep half (left or right). They prevent deep passes down the sidelines and over the top. Everything underneath is zone coverage.',
  true,
  NOW(),
  NOW()
) ON CONFLICT (id) DO UPDATE SET
  prompt_richtext = EXCLUDED.prompt_richtext,
  options_json = EXCLUDED.options_json,
  correct_answer_json = EXCLUDED.correct_answer_json,
  explanation_richtext = EXCLUDED.explanation_richtext,
  active = EXCLUDED.active,
  updated_at = NOW();

INSERT INTO items (id, lesson_id, type, base_prompt, answer_schema_json, difficulty, status, author_id, created_at, updated_at)
VALUES (
  '00000003-0004-0000-0000-000000000003',
  '00000003-0000-0000-0000-000000000004',
  'mcq',
  'Identify Cover 2 strength',
  '{"type": "mcq", "options": ["Good against deep sideline routes", "Stops all passes", "Great against the run", "Easy to play"], "correct": 0}'::jsonb,
  3,
  'live',
  (SELECT id FROM users LIMIT 1),
  NOW(),
  NOW()
) ON CONFLICT (id) DO UPDATE SET
  type = EXCLUDED.type,
  base_prompt = EXCLUDED.base_prompt,
  answer_schema_json = EXCLUDED.answer_schema_json,
  difficulty = EXCLUDED.difficulty,
  status = EXCLUDED.status,
  updated_at = NOW();

INSERT INTO item_variants (id, item_id, version, prompt_richtext, options_json, correct_answer_json, explanation_richtext, active, created_at, updated_at)
VALUES (
  '00000003-0004-0003-0000-000000000001',
  '00000003-0004-0000-0000-000000000003',
  1,
  'What is a strength of Cover 2?',
  '["Good against deep sideline routes", "Stops all passes", "Great against the run", "Easy to play"]',
  '{"index": 0}',
  'Cover 2 safeties take away deep sideline routes (9 routes, corners). The defense can also get 8 defenders near the line to stop the run.',
  true,
  NOW(),
  NOW()
) ON CONFLICT (id) DO UPDATE SET
  prompt_richtext = EXCLUDED.prompt_richtext,
  options_json = EXCLUDED.options_json,
  correct_answer_json = EXCLUDED.correct_answer_json,
  explanation_richtext = EXCLUDED.explanation_richtext,
  active = EXCLUDED.active,
  updated_at = NOW();

INSERT INTO items (id, lesson_id, type, base_prompt, answer_schema_json, difficulty, status, author_id, created_at, updated_at)
VALUES (
  '00000003-0004-0000-0000-000000000004',
  '00000003-0000-0000-0000-000000000004',
  'mcq',
  'Identify Cover 2 weakness',
  '{"type": "mcq", "options": ["Vulnerable to deep middle passes (seam routes)", "Can''t stop outside runs", "Too many deep defenders", "Illegal formation"], "correct": 0}'::jsonb,
  3,
  'live',
  (SELECT id FROM users LIMIT 1),
  NOW(),
  NOW()
) ON CONFLICT (id) DO UPDATE SET
  type = EXCLUDED.type,
  base_prompt = EXCLUDED.base_prompt,
  answer_schema_json = EXCLUDED.answer_schema_json,
  difficulty = EXCLUDED.difficulty,
  status = EXCLUDED.status,
  updated_at = NOW();

INSERT INTO item_variants (id, item_id, version, prompt_richtext, options_json, correct_answer_json, explanation_richtext, active, created_at, updated_at)
VALUES (
  '00000003-0004-0004-0000-000000000001',
  '00000003-0004-0000-0000-000000000004',
  1,
  'What is a weakness of Cover 2?',
  '["Vulnerable to deep middle passes (seam routes)", "Can''t stop outside runs", "Too many deep defenders", "Illegal formation"]',
  '{"index": 0}',
  'The seam between the two safeties (deep middle) is vulnerable in Cover 2. Tight ends and slot receivers can exploit this area with seam routes.',
  true,
  NOW(),
  NOW()
) ON CONFLICT (id) DO UPDATE SET
  prompt_richtext = EXCLUDED.prompt_richtext,
  options_json = EXCLUDED.options_json,
  correct_answer_json = EXCLUDED.correct_answer_json,
  explanation_richtext = EXCLUDED.explanation_richtext,
  active = EXCLUDED.active,
  updated_at = NOW();

INSERT INTO items (id, lesson_id, type, base_prompt, answer_schema_json, difficulty, status, author_id, created_at, updated_at)
VALUES (
  '00000003-0004-0000-0000-000000000005',
  '00000003-0000-0000-0000-000000000004',
  'mcq',
  'Understand flat defenders',
  '{"type": "mcq", "options": ["Cornerbacks", "Safeties", "Defensive linemen", "No one"], "correct": 0}'::jsonb,
  3,
  'live',
  (SELECT id FROM users LIMIT 1),
  NOW(),
  NOW()
) ON CONFLICT (id) DO UPDATE SET
  type = EXCLUDED.type,
  base_prompt = EXCLUDED.base_prompt,
  answer_schema_json = EXCLUDED.answer_schema_json,
  difficulty = EXCLUDED.difficulty,
  status = EXCLUDED.status,
  updated_at = NOW();

INSERT INTO item_variants (id, item_id, version, prompt_richtext, options_json, correct_answer_json, explanation_richtext, active, created_at, updated_at)
VALUES (
  '00000003-0004-0005-0000-000000000001',
  '00000003-0004-0000-0000-000000000005',
  1,
  'In Cover 2, who covers the ''flats'' (near the sideline)?',
  '["Cornerbacks", "Safeties", "Defensive linemen", "No one"]',
  '{"index": 0}',
  'In Cover 2, corners play the flats (short areas near the sideline) instead of deep coverage. They must stop quick outs and screens.',
  true,
  NOW(),
  NOW()
) ON CONFLICT (id) DO UPDATE SET
  prompt_richtext = EXCLUDED.prompt_richtext,
  options_json = EXCLUDED.options_json,
  correct_answer_json = EXCLUDED.correct_answer_json,
  explanation_richtext = EXCLUDED.explanation_richtext,
  active = EXCLUDED.active,
  updated_at = NOW();

INSERT INTO items (id, lesson_id, type, base_prompt, answer_schema_json, difficulty, status, author_id, created_at, updated_at)
VALUES (
  '00000003-0004-0000-0000-000000000006',
  '00000003-0000-0000-0000-000000000004',
  'mcq',
  'Identify Tampa 2',
  '{"type": "mcq", "options": ["Cover 2 with MLB dropping deep to cover the seam", "Cover 2 used only in Tampa", "2 defenders blitz", "Same as regular Cover 2"], "correct": 0}'::jsonb,
  4,
  'live',
  (SELECT id FROM users LIMIT 1),
  NOW(),
  NOW()
) ON CONFLICT (id) DO UPDATE SET
  type = EXCLUDED.type,
  base_prompt = EXCLUDED.base_prompt,
  answer_schema_json = EXCLUDED.answer_schema_json,
  difficulty = EXCLUDED.difficulty,
  status = EXCLUDED.status,
  updated_at = NOW();

INSERT INTO item_variants (id, item_id, version, prompt_richtext, options_json, correct_answer_json, explanation_richtext, active, created_at, updated_at)
VALUES (
  '00000003-0004-0006-0000-000000000001',
  '00000003-0004-0000-0000-000000000006',
  1,
  'What is ''Tampa 2'' coverage?',
  '["Cover 2 with MLB dropping deep to cover the seam", "Cover 2 used only in Tampa", "2 defenders blitz", "Same as regular Cover 2"]',
  '{"index": 0}',
  'Tampa 2 is Cover 2 where the middle linebacker drops deep to cover the seam between safeties.',
  true,
  NOW(),
  NOW()
) ON CONFLICT (id) DO UPDATE SET
  prompt_richtext = EXCLUDED.prompt_richtext,
  options_json = EXCLUDED.options_json,
  correct_answer_json = EXCLUDED.correct_answer_json,
  explanation_richtext = EXCLUDED.explanation_richtext,
  active = EXCLUDED.active,
  updated_at = NOW();

INSERT INTO items (id, lesson_id, type, base_prompt, answer_schema_json, difficulty, status, author_id, created_at, updated_at)
VALUES (
  '00000003-0004-0000-0000-000000000007',
  '00000003-0000-0000-0000-000000000004',
  'mcq',
  'Why Tampa 2',
  '{"type": "mcq", "options": ["To fix Cover 2''s deep middle weakness", "To stop the run", "To blitz more", "To confuse the QB"], "correct": 0}'::jsonb,
  4,
  'live',
  (SELECT id FROM users LIMIT 1),
  NOW(),
  NOW()
) ON CONFLICT (id) DO UPDATE SET
  type = EXCLUDED.type,
  base_prompt = EXCLUDED.base_prompt,
  answer_schema_json = EXCLUDED.answer_schema_json,
  difficulty = EXCLUDED.difficulty,
  status = EXCLUDED.status,
  updated_at = NOW();

INSERT INTO item_variants (id, item_id, version, prompt_richtext, options_json, correct_answer_json, explanation_richtext, active, created_at, updated_at)
VALUES (
  '00000003-0004-0007-0000-000000000001',
  '00000003-0004-0000-0000-000000000007',
  1,
  'Why was the Tampa 2 defense developed?',
  '["To fix Cover 2''s deep middle weakness", "To stop the run", "To blitz more", "To confuse the QB"]',
  '{"index": 0}',
  'It fixes Cover 2''s main weakness (the deep middle seam) by having the MLB drop deep, but requires an athletic LB.',
  true,
  NOW(),
  NOW()
) ON CONFLICT (id) DO UPDATE SET
  prompt_richtext = EXCLUDED.prompt_richtext,
  options_json = EXCLUDED.options_json,
  correct_answer_json = EXCLUDED.correct_answer_json,
  explanation_richtext = EXCLUDED.explanation_richtext,
  active = EXCLUDED.active,
  updated_at = NOW();

INSERT INTO items (id, lesson_id, type, base_prompt, answer_schema_json, difficulty, status, author_id, created_at, updated_at)
VALUES (
  '00000003-0004-0000-0000-000000000008',
  '00000003-0000-0000-0000-000000000004',
  'mcq',
  'Understand Cover 2 zones',
  '{"type": "mcq", "options": ["5 underneath, 2 deep (7 total)", "2 total", "11 total", "4 total"], "correct": 0}'::jsonb,
  3,
  'live',
  (SELECT id FROM users LIMIT 1),
  NOW(),
  NOW()
) ON CONFLICT (id) DO UPDATE SET
  type = EXCLUDED.type,
  base_prompt = EXCLUDED.base_prompt,
  answer_schema_json = EXCLUDED.answer_schema_json,
  difficulty = EXCLUDED.difficulty,
  status = EXCLUDED.status,
  updated_at = NOW();

INSERT INTO item_variants (id, item_id, version, prompt_richtext, options_json, correct_answer_json, explanation_richtext, active, created_at, updated_at)
VALUES (
  '00000003-0004-0008-0000-000000000001',
  '00000003-0004-0000-0000-000000000008',
  1,
  'How many zones are there in Cover 2?',
  '["5 underneath, 2 deep (7 total)", "2 total", "11 total", "4 total"]',
  '{"index": 0}',
  'Cover 2 typically has 5 underneath zones (2 flats, 2 hooks/curls, 1 middle) and 2 deep zones. Seven defenders drop into coverage.',
  true,
  NOW(),
  NOW()
) ON CONFLICT (id) DO UPDATE SET
  prompt_richtext = EXCLUDED.prompt_richtext,
  options_json = EXCLUDED.options_json,
  correct_answer_json = EXCLUDED.correct_answer_json,
  explanation_richtext = EXCLUDED.explanation_richtext,
  active = EXCLUDED.active,
  updated_at = NOW();

INSERT INTO items (id, lesson_id, type, base_prompt, answer_schema_json, difficulty, status, author_id, created_at, updated_at)
VALUES (
  '00000003-0004-0000-0000-000000000009',
  '00000003-0000-0000-0000-000000000004',
  'mcq',
  'Identify Cover 2 beater',
  '{"type": "mcq", "options": ["4 verticals (stretches the 2 safeties)", "All short routes", "Running plays only", "Screen passes"], "correct": 0}'::jsonb,
  3,
  'live',
  (SELECT id FROM users LIMIT 1),
  NOW(),
  NOW()
) ON CONFLICT (id) DO UPDATE SET
  type = EXCLUDED.type,
  base_prompt = EXCLUDED.base_prompt,
  answer_schema_json = EXCLUDED.answer_schema_json,
  difficulty = EXCLUDED.difficulty,
  status = EXCLUDED.status,
  updated_at = NOW();

INSERT INTO item_variants (id, item_id, version, prompt_richtext, options_json, correct_answer_json, explanation_richtext, active, created_at, updated_at)
VALUES (
  '00000003-0004-0009-0000-000000000001',
  '00000003-0004-0000-0000-000000000009',
  1,
  'What route concept beats Cover 2?',
  '["4 verticals (stretches the 2 safeties)", "All short routes", "Running plays only", "Screen passes"]',
  '{"index": 0}',
  'Four vertical routes stretch the 2 safeties horizontally. They can''t cover 4 deep routes, creating holes in coverage. This is a classic Cover 2 beater.',
  true,
  NOW(),
  NOW()
) ON CONFLICT (id) DO UPDATE SET
  prompt_richtext = EXCLUDED.prompt_richtext,
  options_json = EXCLUDED.options_json,
  correct_answer_json = EXCLUDED.correct_answer_json,
  explanation_richtext = EXCLUDED.explanation_richtext,
  active = EXCLUDED.active,
  updated_at = NOW();

INSERT INTO items (id, lesson_id, type, base_prompt, answer_schema_json, difficulty, status, author_id, created_at, updated_at)
VALUES (
  '00000003-0004-0000-0000-000000000010',
  '00000003-0000-0000-0000-000000000004',
  'mcq',
  'Understand Cover 2 vs run',
  '{"type": "mcq", "options": ["Yes, can get 8 defenders in the box", "No, too many deep defenders", "Only on 3rd down", "It''s only for passing downs"], "correct": 0}'::jsonb,
  3,
  'live',
  (SELECT id FROM users LIMIT 1),
  NOW(),
  NOW()
) ON CONFLICT (id) DO UPDATE SET
  type = EXCLUDED.type,
  base_prompt = EXCLUDED.base_prompt,
  answer_schema_json = EXCLUDED.answer_schema_json,
  difficulty = EXCLUDED.difficulty,
  status = EXCLUDED.status,
  updated_at = NOW();

INSERT INTO item_variants (id, item_id, version, prompt_richtext, options_json, correct_answer_json, explanation_richtext, active, created_at, updated_at)
VALUES (
  '00000003-0004-0010-0000-000000000001',
  '00000003-0004-0000-0000-000000000010',
  1,
  'Is Cover 2 good against the run?',
  '["Yes, can get 8 defenders in the box", "No, too many deep defenders", "Only on 3rd down", "It''s only for passing downs"]',
  '{"index": 0}',
  'Cover 2 can be excellent against the run. With only 2 deep safeties, you can have 9 defenders near the line (4 DL, 3 LB, 2 CB). This stops runs.',
  true,
  NOW(),
  NOW()
) ON CONFLICT (id) DO UPDATE SET
  prompt_richtext = EXCLUDED.prompt_richtext,
  options_json = EXCLUDED.options_json,
  correct_answer_json = EXCLUDED.correct_answer_json,
  explanation_richtext = EXCLUDED.explanation_richtext,
  active = EXCLUDED.active,
  updated_at = NOW();

INSERT INTO items (id, lesson_id, type, base_prompt, answer_schema_json, difficulty, status, author_id, created_at, updated_at)
VALUES (
  '00000003-0004-0000-0000-000000000011',
  '00000003-0000-0000-0000-000000000004',
  'mcq',
  'Identify Cover 2 sink',
  '{"type": "mcq", "options": ["Corners sink deeper to help with intermediate routes", "Defense is sinking/failing", "Safeties play shallow", "A running defense"], "correct": 0}'::jsonb,
  4,
  'live',
  (SELECT id FROM users LIMIT 1),
  NOW(),
  NOW()
) ON CONFLICT (id) DO UPDATE SET
  type = EXCLUDED.type,
  base_prompt = EXCLUDED.base_prompt,
  answer_schema_json = EXCLUDED.answer_schema_json,
  difficulty = EXCLUDED.difficulty,
  status = EXCLUDED.status,
  updated_at = NOW();

INSERT INTO item_variants (id, item_id, version, prompt_richtext, options_json, correct_answer_json, explanation_richtext, active, created_at, updated_at)
VALUES (
  '00000003-0004-0011-0000-000000000001',
  '00000003-0004-0000-0000-000000000011',
  1,
  'What is ''Cover 2 Sink''?',
  '["Corners sink deeper to help with intermediate routes", "Defense is sinking/failing", "Safeties play shallow", "A running defense"]',
  '{"index": 0}',
  'Cover 2 Sink has corners play deeper (8-12 yards) to help with intermediate routes and take away the seam.',
  true,
  NOW(),
  NOW()
) ON CONFLICT (id) DO UPDATE SET
  prompt_richtext = EXCLUDED.prompt_richtext,
  options_json = EXCLUDED.options_json,
  correct_answer_json = EXCLUDED.correct_answer_json,
  explanation_richtext = EXCLUDED.explanation_richtext,
  active = EXCLUDED.active,
  updated_at = NOW();

INSERT INTO items (id, lesson_id, type, base_prompt, answer_schema_json, difficulty, status, author_id, created_at, updated_at)
VALUES (
  '00000003-0004-0000-0000-000000000012',
  '00000003-0000-0000-0000-000000000004',
  'mcq',
  'Goal of Cover 2 Sink',
  '{"type": "mcq", "options": ["To take away the seam/intermediate routes", "To stop the run", "To blitz", "To play man coverage"], "correct": 0}'::jsonb,
  4,
  'live',
  (SELECT id FROM users LIMIT 1),
  NOW(),
  NOW()
) ON CONFLICT (id) DO UPDATE SET
  type = EXCLUDED.type,
  base_prompt = EXCLUDED.base_prompt,
  answer_schema_json = EXCLUDED.answer_schema_json,
  difficulty = EXCLUDED.difficulty,
  status = EXCLUDED.status,
  updated_at = NOW();

INSERT INTO item_variants (id, item_id, version, prompt_richtext, options_json, correct_answer_json, explanation_richtext, active, created_at, updated_at)
VALUES (
  '00000003-0004-0012-0000-000000000001',
  '00000003-0004-0000-0000-000000000012',
  1,
  'What is the strategic goal of Cover 2 Sink?',
  '["To take away the seam/intermediate routes", "To stop the run", "To blitz", "To play man coverage"]',
  '{"index": 0}',
  'It trades flat coverage for better middle/seam coverage by sinking the corners deeper.',
  true,
  NOW(),
  NOW()
) ON CONFLICT (id) DO UPDATE SET
  prompt_richtext = EXCLUDED.prompt_richtext,
  options_json = EXCLUDED.options_json,
  correct_answer_json = EXCLUDED.correct_answer_json,
  explanation_richtext = EXCLUDED.explanation_richtext,
  active = EXCLUDED.active,
  updated_at = NOW();

-- Module 3, Lesson 5: Cover 3 Defense
INSERT INTO lessons (id, module_id, title, description, order_index, est_minutes, xp_award, created_at, updated_at)
VALUES (
  '00000003-0000-0000-0000-000000000005',
  '00000000-0000-0000-0000-000000000003',
  'Cover 3 Defense',
  'Learn three-deep zone coverage and its applications',
  5,
  5,
  100,
  NOW(),
  NOW()
) ON CONFLICT (id) DO UPDATE SET
  title = EXCLUDED.title,
  description = EXCLUDED.description,
  order_index = EXCLUDED.order_index,
  est_minutes = EXCLUDED.est_minutes,
  xp_award = EXCLUDED.xp_award,
  updated_at = NOW();

INSERT INTO items (id, lesson_id, type, base_prompt, answer_schema_json, difficulty, status, author_id, created_at, updated_at)
VALUES (
  '00000003-0005-0000-0000-000000000001',
  '00000003-0000-0000-0000-000000000005',
  'mcq',
  'Identify Cover 3',
  '{"type": "mcq", "options": ["3 deep defenders each cover 1/3 of the field", "3 defenders on the field", "3 points allowed", "3 linebackers"], "correct": 0}'::jsonb,
  3,
  'live',
  (SELECT id FROM users LIMIT 1),
  NOW(),
  NOW()
) ON CONFLICT (id) DO UPDATE SET
  type = EXCLUDED.type,
  base_prompt = EXCLUDED.base_prompt,
  answer_schema_json = EXCLUDED.answer_schema_json,
  difficulty = EXCLUDED.difficulty,
  status = EXCLUDED.status,
  updated_at = NOW();

INSERT INTO item_variants (id, item_id, version, prompt_richtext, options_json, correct_answer_json, explanation_richtext, active, created_at, updated_at)
VALUES (
  '00000003-0005-0001-0000-000000000001',
  '00000003-0005-0000-0000-000000000001',
  1,
  'What is Cover 3 defense?',
  '["3 deep defenders each cover 1/3 of the field", "3 defenders on the field", "3 points allowed", "3 linebackers"]',
  '{"index": 0}',
  'Cover 3 has three defenders (2 corners and 1 safety) each covering a deep third of the field. It''s a zone coverage that''s strong against deep passes.',
  true,
  NOW(),
  NOW()
) ON CONFLICT (id) DO UPDATE SET
  prompt_richtext = EXCLUDED.prompt_richtext,
  options_json = EXCLUDED.options_json,
  correct_answer_json = EXCLUDED.correct_answer_json,
  explanation_richtext = EXCLUDED.explanation_richtext,
  active = EXCLUDED.active,
  updated_at = NOW();

INSERT INTO items (id, lesson_id, type, base_prompt, answer_schema_json, difficulty, status, author_id, created_at, updated_at)
VALUES (
  '00000003-0005-0000-0000-000000000002',
  '00000003-0000-0000-0000-000000000005',
  'mcq',
  'Understand Cover 3 alignment',
  '{"type": "mcq", "options": ["Both corners and the free safety", "Both safeties and one corner", "All three linebackers", "The defensive line"], "correct": 0}'::jsonb,
  3,
  'live',
  (SELECT id FROM users LIMIT 1),
  NOW(),
  NOW()
) ON CONFLICT (id) DO UPDATE SET
  type = EXCLUDED.type,
  base_prompt = EXCLUDED.base_prompt,
  answer_schema_json = EXCLUDED.answer_schema_json,
  difficulty = EXCLUDED.difficulty,
  status = EXCLUDED.status,
  updated_at = NOW();

INSERT INTO item_variants (id, item_id, version, prompt_richtext, options_json, correct_answer_json, explanation_richtext, active, created_at, updated_at)
VALUES (
  '00000003-0005-0002-0000-000000000001',
  '00000003-0005-0000-0000-000000000002',
  1,
  'In Cover 3, which defenders play deep?',
  '["Both corners and the free safety", "Both safeties and one corner", "All three linebackers", "The defensive line"]',
  '{"index": 0}',
  'In Cover 3, both corners drop deep to cover the outside thirds while the free safety covers the middle third. The strong safety plays underneath.',
  true,
  NOW(),
  NOW()
) ON CONFLICT (id) DO UPDATE SET
  prompt_richtext = EXCLUDED.prompt_richtext,
  options_json = EXCLUDED.options_json,
  correct_answer_json = EXCLUDED.correct_answer_json,
  explanation_richtext = EXCLUDED.explanation_richtext,
  active = EXCLUDED.active,
  updated_at = NOW();

INSERT INTO items (id, lesson_id, type, base_prompt, answer_schema_json, difficulty, status, author_id, created_at, updated_at)
VALUES (
  '00000003-0005-0000-0000-000000000003',
  '00000003-0000-0000-0000-000000000005',
  'mcq',
  'Identify Cover 3 strength',
  '{"type": "mcq", "options": ["Strong against deep passes and vertical routes", "Stops all running plays", "Great against short passes", "Easy to play"], "correct": 0}'::jsonb,
  3,
  'live',
  (SELECT id FROM users LIMIT 1),
  NOW(),
  NOW()
) ON CONFLICT (id) DO UPDATE SET
  type = EXCLUDED.type,
  base_prompt = EXCLUDED.base_prompt,
  answer_schema_json = EXCLUDED.answer_schema_json,
  difficulty = EXCLUDED.difficulty,
  status = EXCLUDED.status,
  updated_at = NOW();

INSERT INTO item_variants (id, item_id, version, prompt_richtext, options_json, correct_answer_json, explanation_richtext, active, created_at, updated_at)
VALUES (
  '00000003-0005-0003-0000-000000000001',
  '00000003-0005-0000-0000-000000000003',
  1,
  'What is a strength of Cover 3?',
  '["Strong against deep passes and vertical routes", "Stops all running plays", "Great against short passes", "Easy to play"]',
  '{"index": 0}',
  'Cover 3 has three deep defenders, making it very strong against deep passes. Vertical routes are well-covered with defenders in each third.',
  true,
  NOW(),
  NOW()
) ON CONFLICT (id) DO UPDATE SET
  prompt_richtext = EXCLUDED.prompt_richtext,
  options_json = EXCLUDED.options_json,
  correct_answer_json = EXCLUDED.correct_answer_json,
  explanation_richtext = EXCLUDED.explanation_richtext,
  active = EXCLUDED.active,
  updated_at = NOW();

INSERT INTO items (id, lesson_id, type, base_prompt, answer_schema_json, difficulty, status, author_id, created_at, updated_at)
VALUES (
  '00000003-0005-0000-0000-000000000004',
  '00000003-0000-0000-0000-000000000005',
  'mcq',
  'Identify Cover 3 weakness',
  '{"type": "mcq", "options": ["Vulnerable to flat routes and quick outs", "Can''t stop deep passes", "Too many deep defenders", "Illegal in some situations"], "correct": 0}'::jsonb,
  3,
  'live',
  (SELECT id FROM users LIMIT 1),
  NOW(),
  NOW()
) ON CONFLICT (id) DO UPDATE SET
  type = EXCLUDED.type,
  base_prompt = EXCLUDED.base_prompt,
  answer_schema_json = EXCLUDED.answer_schema_json,
  difficulty = EXCLUDED.difficulty,
  status = EXCLUDED.status,
  updated_at = NOW();

INSERT INTO item_variants (id, item_id, version, prompt_richtext, options_json, correct_answer_json, explanation_richtext, active, created_at, updated_at)
VALUES (
  '00000003-0005-0004-0000-000000000001',
  '00000003-0005-0000-0000-000000000004',
  1,
  'What is a weakness of Cover 3?',
  '["Vulnerable to flat routes and quick outs", "Can''t stop deep passes", "Too many deep defenders", "Illegal in some situations"]',
  '{"index": 0}',
  'With corners playing deep, the flats (short sideline areas) are vulnerable in Cover 3. Quick outs, screens, and flat routes can exploit this.',
  true,
  NOW(),
  NOW()
) ON CONFLICT (id) DO UPDATE SET
  prompt_richtext = EXCLUDED.prompt_richtext,
  options_json = EXCLUDED.options_json,
  correct_answer_json = EXCLUDED.correct_answer_json,
  explanation_richtext = EXCLUDED.explanation_richtext,
  active = EXCLUDED.active,
  updated_at = NOW();

INSERT INTO items (id, lesson_id, type, base_prompt, answer_schema_json, difficulty, status, author_id, created_at, updated_at)
VALUES (
  '00000003-0005-0000-0000-000000000005',
  '00000003-0000-0000-0000-000000000005',
  'mcq',
  'Understand Cover 3 buzz',
  '{"type": "mcq", "options": ["Strong safety replaces corner in the flat", "A loud defense", "Same as regular Cover 3", "An illegal coverage"], "correct": 0}'::jsonb,
  4,
  'live',
  (SELECT id FROM users LIMIT 1),
  NOW(),
  NOW()
) ON CONFLICT (id) DO UPDATE SET
  type = EXCLUDED.type,
  base_prompt = EXCLUDED.base_prompt,
  answer_schema_json = EXCLUDED.answer_schema_json,
  difficulty = EXCLUDED.difficulty,
  status = EXCLUDED.status,
  updated_at = NOW();

INSERT INTO item_variants (id, item_id, version, prompt_richtext, options_json, correct_answer_json, explanation_richtext, active, created_at, updated_at)
VALUES (
  '00000003-0005-0005-0000-000000000001',
  '00000003-0005-0000-0000-000000000005',
  1,
  'What is ''Cover 3 Buzz''?',
  '["Strong safety replaces corner in the flat", "A loud defense", "Same as regular Cover 3", "An illegal coverage"]',
  '{"index": 0}',
  'Cover 3 Buzz has the strong safety ''buzz'' to the flat to replace the corner.',
  true,
  NOW(),
  NOW()
) ON CONFLICT (id) DO UPDATE SET
  prompt_richtext = EXCLUDED.prompt_richtext,
  options_json = EXCLUDED.options_json,
  correct_answer_json = EXCLUDED.correct_answer_json,
  explanation_richtext = EXCLUDED.explanation_richtext,
  active = EXCLUDED.active,
  updated_at = NOW();

INSERT INTO items (id, lesson_id, type, base_prompt, answer_schema_json, difficulty, status, author_id, created_at, updated_at)
VALUES (
  '00000003-0005-0000-0000-000000000006',
  '00000003-0000-0000-0000-000000000005',
  'mcq',
  'Advantage of Cover 3 Buzz',
  '{"type": "mcq", "options": ["Disguises coverage and helps in flats", "Stops the run better", "Blitzes the QB", "It''s easier"], "correct": 0}'::jsonb,
  4,
  'live',
  (SELECT id FROM users LIMIT 1),
  NOW(),
  NOW()
) ON CONFLICT (id) DO UPDATE SET
  type = EXCLUDED.type,
  base_prompt = EXCLUDED.base_prompt,
  answer_schema_json = EXCLUDED.answer_schema_json,
  difficulty = EXCLUDED.difficulty,
  status = EXCLUDED.status,
  updated_at = NOW();

INSERT INTO item_variants (id, item_id, version, prompt_richtext, options_json, correct_answer_json, explanation_richtext, active, created_at, updated_at)
VALUES (
  '00000003-0005-0006-0000-000000000001',
  '00000003-0005-0000-0000-000000000006',
  1,
  'What is the advantage of Cover 3 Buzz?',
  '["Disguises coverage and helps in flats", "Stops the run better", "Blitzes the QB", "It''s easier"]',
  '{"index": 0}',
  'It disguises the coverage (looking like Cover 3 or 1) and puts a safety in the flat to help with intermediate routes.',
  true,
  NOW(),
  NOW()
) ON CONFLICT (id) DO UPDATE SET
  prompt_richtext = EXCLUDED.prompt_richtext,
  options_json = EXCLUDED.options_json,
  correct_answer_json = EXCLUDED.correct_answer_json,
  explanation_richtext = EXCLUDED.explanation_richtext,
  active = EXCLUDED.active,
  updated_at = NOW();

INSERT INTO items (id, lesson_id, type, base_prompt, answer_schema_json, difficulty, status, author_id, created_at, updated_at)
VALUES (
  '00000003-0005-0000-0000-000000000007',
  '00000003-0000-0000-0000-000000000005',
  'mcq',
  'Identify Cover 3 cloud',
  '{"type": "mcq", "options": ["Corner plays flat, safety rotates to deep third", "Coverage in bad weather", "Same as regular Cover 3", "A blitz package"], "correct": 0}'::jsonb,
  4,
  'live',
  (SELECT id FROM users LIMIT 1),
  NOW(),
  NOW()
) ON CONFLICT (id) DO UPDATE SET
  type = EXCLUDED.type,
  base_prompt = EXCLUDED.base_prompt,
  answer_schema_json = EXCLUDED.answer_schema_json,
  difficulty = EXCLUDED.difficulty,
  status = EXCLUDED.status,
  updated_at = NOW();

INSERT INTO item_variants (id, item_id, version, prompt_richtext, options_json, correct_answer_json, explanation_richtext, active, created_at, updated_at)
VALUES (
  '00000003-0005-0007-0000-000000000001',
  '00000003-0005-0000-0000-000000000007',
  1,
  'What is ''Cover 3 Cloud''?',
  '["Corner plays flat, safety rotates to deep third", "Coverage in bad weather", "Same as regular Cover 3", "A blitz package"]',
  '{"index": 0}',
  'Cover 3 Cloud has the corner play the flat while the safety rotates over to cover the deep third.',
  true,
  NOW(),
  NOW()
) ON CONFLICT (id) DO UPDATE SET
  prompt_richtext = EXCLUDED.prompt_richtext,
  options_json = EXCLUDED.options_json,
  correct_answer_json = EXCLUDED.correct_answer_json,
  explanation_richtext = EXCLUDED.explanation_richtext,
  active = EXCLUDED.active,
  updated_at = NOW();

INSERT INTO items (id, lesson_id, type, base_prompt, answer_schema_json, difficulty, status, author_id, created_at, updated_at)
VALUES (
  '00000003-0005-0000-0000-000000000008',
  '00000003-0000-0000-0000-000000000005',
  'mcq',
  'When to use Cover 3 Cloud',
  '{"type": "mcq", "options": ["Against quick passing teams", "Against the run", "On Hail Marys", "Never"], "correct": 0}'::jsonb,
  4,
  'live',
  (SELECT id FROM users LIMIT 1),
  NOW(),
  NOW()
) ON CONFLICT (id) DO UPDATE SET
  type = EXCLUDED.type,
  base_prompt = EXCLUDED.base_prompt,
  answer_schema_json = EXCLUDED.answer_schema_json,
  difficulty = EXCLUDED.difficulty,
  status = EXCLUDED.status,
  updated_at = NOW();

INSERT INTO item_variants (id, item_id, version, prompt_richtext, options_json, correct_answer_json, explanation_richtext, active, created_at, updated_at)
VALUES (
  '00000003-0005-0008-0000-000000000001',
  '00000003-0005-0000-0000-000000000008',
  1,
  'When is Cover 3 Cloud typically used?',
  '["Against quick passing teams", "Against the run", "On Hail Marys", "Never"]',
  '{"index": 0}',
  'It''s better against quick passes to the flat, as the corner is already there to disrupt them.',
  true,
  NOW(),
  NOW()
) ON CONFLICT (id) DO UPDATE SET
  prompt_richtext = EXCLUDED.prompt_richtext,
  options_json = EXCLUDED.options_json,
  correct_answer_json = EXCLUDED.correct_answer_json,
  explanation_richtext = EXCLUDED.explanation_richtext,
  active = EXCLUDED.active,
  updated_at = NOW();

INSERT INTO items (id, lesson_id, type, base_prompt, answer_schema_json, difficulty, status, author_id, created_at, updated_at)
VALUES (
  '00000003-0005-0000-0000-000000000009',
  '00000003-0000-0000-0000-000000000005',
  'mcq',
  'Understand Cover 3 zones',
  '{"type": "mcq", "options": ["4 underneath, 3 deep (7 total)", "3 total", "11 total", "6 total"], "correct": 0}'::jsonb,
  3,
  'live',
  (SELECT id FROM users LIMIT 1),
  NOW(),
  NOW()
) ON CONFLICT (id) DO UPDATE SET
  type = EXCLUDED.type,
  base_prompt = EXCLUDED.base_prompt,
  answer_schema_json = EXCLUDED.answer_schema_json,
  difficulty = EXCLUDED.difficulty,
  status = EXCLUDED.status,
  updated_at = NOW();

INSERT INTO item_variants (id, item_id, version, prompt_richtext, options_json, correct_answer_json, explanation_richtext, active, created_at, updated_at)
VALUES (
  '00000003-0005-0009-0000-000000000001',
  '00000003-0005-0000-0000-000000000009',
  1,
  'How many zones are in Cover 3?',
  '["4 underneath, 3 deep (7 total)", "3 total", "11 total", "6 total"]',
  '{"index": 0}',
  'Cover 3 has 3 deep zones (thirds) and typically 4 underneath zones (2 flats, 2 hooks). Seven defenders drop into coverage.',
  true,
  NOW(),
  NOW()
) ON CONFLICT (id) DO UPDATE SET
  prompt_richtext = EXCLUDED.prompt_richtext,
  options_json = EXCLUDED.options_json,
  correct_answer_json = EXCLUDED.correct_answer_json,
  explanation_richtext = EXCLUDED.explanation_richtext,
  active = EXCLUDED.active,
  updated_at = NOW();

INSERT INTO items (id, lesson_id, type, base_prompt, answer_schema_json, difficulty, status, author_id, created_at, updated_at)
VALUES (
  '00000003-0005-0000-0000-000000000010',
  '00000003-0000-0000-0000-000000000005',
  'mcq',
  'Identify Cover 3 beater',
  '{"type": "mcq", "options": ["Flood concept (3 receivers to one side)", "All deep routes", "Running plays only", "No routes beat it"], "correct": 0}'::jsonb,
  3,
  'live',
  (SELECT id FROM users LIMIT 1),
  NOW(),
  NOW()
) ON CONFLICT (id) DO UPDATE SET
  type = EXCLUDED.type,
  base_prompt = EXCLUDED.base_prompt,
  answer_schema_json = EXCLUDED.answer_schema_json,
  difficulty = EXCLUDED.difficulty,
  status = EXCLUDED.status,
  updated_at = NOW();

INSERT INTO item_variants (id, item_id, version, prompt_richtext, options_json, correct_answer_json, explanation_richtext, active, created_at, updated_at)
VALUES (
  '00000003-0005-0010-0000-000000000001',
  '00000003-0005-0000-0000-000000000010',
  1,
  'What route concept beats Cover 3?',
  '["Flood concept (3 receivers to one side)", "All deep routes", "Running plays only", "No routes beat it"]',
  '{"index": 0}',
  'Flood concepts (3 receivers at different depths on one side) overload Cover 3. The corner has to choose between deep, intermediate, or flat - someone gets open.',
  true,
  NOW(),
  NOW()
) ON CONFLICT (id) DO UPDATE SET
  prompt_richtext = EXCLUDED.prompt_richtext,
  options_json = EXCLUDED.options_json,
  correct_answer_json = EXCLUDED.correct_answer_json,
  explanation_richtext = EXCLUDED.explanation_richtext,
  active = EXCLUDED.active,
  updated_at = NOW();

INSERT INTO items (id, lesson_id, type, base_prompt, answer_schema_json, difficulty, status, author_id, created_at, updated_at)
VALUES (
  '00000003-0005-0000-0000-000000000011',
  '00000003-0000-0000-0000-000000000005',
  'mcq',
  'Understand Cover 3 vs run',
  '{"type": "mcq", "options": ["Strong safety and linebackers fill gaps", "It doesn''t - it''s pass only", "All 11 defenders play the run", "Corners tackle the RB"], "correct": 0}'::jsonb,
  3,
  'live',
  (SELECT id FROM users LIMIT 1),
  NOW(),
  NOW()
) ON CONFLICT (id) DO UPDATE SET
  type = EXCLUDED.type,
  base_prompt = EXCLUDED.base_prompt,
  answer_schema_json = EXCLUDED.answer_schema_json,
  difficulty = EXCLUDED.difficulty,
  status = EXCLUDED.status,
  updated_at = NOW();

INSERT INTO item_variants (id, item_id, version, prompt_richtext, options_json, correct_answer_json, explanation_richtext, active, created_at, updated_at)
VALUES (
  '00000003-0005-0011-0000-000000000001',
  '00000003-0005-0000-0000-000000000011',
  1,
  'How does Cover 3 defend the run?',
  '["Strong safety and linebackers fill gaps", "It doesn''t - it''s pass only", "All 11 defenders play the run", "Corners tackle the RB"]',
  '{"index": 0}',
  'In Cover 3, the strong safety plays near the line and fills run gaps with linebackers. With corners deep, you have 8 defenders for the run.',
  true,
  NOW(),
  NOW()
) ON CONFLICT (id) DO UPDATE SET
  prompt_richtext = EXCLUDED.prompt_richtext,
  options_json = EXCLUDED.options_json,
  correct_answer_json = EXCLUDED.correct_answer_json,
  explanation_richtext = EXCLUDED.explanation_richtext,
  active = EXCLUDED.active,
  updated_at = NOW();

INSERT INTO items (id, lesson_id, type, base_prompt, answer_schema_json, difficulty, status, author_id, created_at, updated_at)
VALUES (
  '00000003-0005-0000-0000-000000000012',
  '00000003-0000-0000-0000-000000000005',
  'mcq',
  'Identify sky coverage',
  '{"type": "mcq", "options": ["Safety takes deep outside third, corner plays flat", "Looking at the sky", "Same as regular Cover 3", "A blitz"], "correct": 0}'::jsonb,
  4,
  'live',
  (SELECT id FROM users LIMIT 1),
  NOW(),
  NOW()
) ON CONFLICT (id) DO UPDATE SET
  type = EXCLUDED.type,
  base_prompt = EXCLUDED.base_prompt,
  answer_schema_json = EXCLUDED.answer_schema_json,
  difficulty = EXCLUDED.difficulty,
  status = EXCLUDED.status,
  updated_at = NOW();

INSERT INTO item_variants (id, item_id, version, prompt_richtext, options_json, correct_answer_json, explanation_richtext, active, created_at, updated_at)
VALUES (
  '00000003-0005-0012-0000-000000000001',
  '00000003-0005-0000-0000-000000000012',
  1,
  'What is ''Sky'' coverage in Cover 3?',
  '["Safety takes deep outside third, corner plays flat", "Looking at the sky", "Same as regular Cover 3", "A blitz"]',
  '{"index": 0}',
  'Sky coverage (opposite of Cloud) has the safety take the deep outside third while the corner plays the flat.',
  true,
  NOW(),
  NOW()
) ON CONFLICT (id) DO UPDATE SET
  prompt_richtext = EXCLUDED.prompt_richtext,
  options_json = EXCLUDED.options_json,
  correct_answer_json = EXCLUDED.correct_answer_json,
  explanation_richtext = EXCLUDED.explanation_richtext,
  active = EXCLUDED.active,
  updated_at = NOW();

INSERT INTO items (id, lesson_id, type, base_prompt, answer_schema_json, difficulty, status, author_id, created_at, updated_at)
VALUES (
  '00000003-0005-0000-0000-000000000013',
  '00000003-0000-0000-0000-000000000005',
  'mcq',
  'When to use Sky coverage',
  '{"type": "mcq", "options": ["To the strong side of formations", "To the weak side", "In the red zone", "On punts"], "correct": 0}'::jsonb,
  4,
  'live',
  (SELECT id FROM users LIMIT 1),
  NOW(),
  NOW()
) ON CONFLICT (id) DO UPDATE SET
  type = EXCLUDED.type,
  base_prompt = EXCLUDED.base_prompt,
  answer_schema_json = EXCLUDED.answer_schema_json,
  difficulty = EXCLUDED.difficulty,
  status = EXCLUDED.status,
  updated_at = NOW();

INSERT INTO item_variants (id, item_id, version, prompt_richtext, options_json, correct_answer_json, explanation_richtext, active, created_at, updated_at)
VALUES (
  '00000003-0005-0013-0000-000000000001',
  '00000003-0005-0000-0000-000000000013',
  1,
  'When is Sky coverage typically used?',
  '["To the strong side of formations", "To the weak side", "In the red zone", "On punts"]',
  '{"index": 0}',
  'It''s often used to the strong side, allowing the safety to support the run or cover the flat while the corner bails deep.',
  true,
  NOW(),
  NOW()
) ON CONFLICT (id) DO UPDATE SET
  prompt_richtext = EXCLUDED.prompt_richtext,
  options_json = EXCLUDED.options_json,
  correct_answer_json = EXCLUDED.correct_answer_json,
  explanation_richtext = EXCLUDED.explanation_richtext,
  active = EXCLUDED.active,
  updated_at = NOW();

-- Module 3, Lesson 6: Cover 4 Defense
INSERT INTO lessons (id, module_id, title, description, order_index, est_minutes, xp_award, created_at, updated_at)
VALUES (
  '00000003-0000-0000-0000-000000000006',
  '00000000-0000-0000-0000-000000000003',
  'Cover 4 Defense',
  'Learn quarters coverage and pattern matching concepts',
  6,
  5,
  100,
  NOW(),
  NOW()
) ON CONFLICT (id) DO UPDATE SET
  title = EXCLUDED.title,
  description = EXCLUDED.description,
  order_index = EXCLUDED.order_index,
  est_minutes = EXCLUDED.est_minutes,
  xp_award = EXCLUDED.xp_award,
  updated_at = NOW();

INSERT INTO items (id, lesson_id, type, base_prompt, answer_schema_json, difficulty, status, author_id, created_at, updated_at)
VALUES (
  '00000003-0006-0000-0000-000000000001',
  '00000003-0000-0000-0000-000000000006',
  'mcq',
  'Identify Cover 4',
  '{"type": "mcq", "options": ["4 deep defenders each cover 1/4 of the field", "4 defenders on the field", "4 points allowed", "4 linebackers"], "correct": 0}'::jsonb,
  3,
  'live',
  (SELECT id FROM users LIMIT 1),
  NOW(),
  NOW()
) ON CONFLICT (id) DO UPDATE SET
  type = EXCLUDED.type,
  base_prompt = EXCLUDED.base_prompt,
  answer_schema_json = EXCLUDED.answer_schema_json,
  difficulty = EXCLUDED.difficulty,
  status = EXCLUDED.status,
  updated_at = NOW();

INSERT INTO item_variants (id, item_id, version, prompt_richtext, options_json, correct_answer_json, explanation_richtext, active, created_at, updated_at)
VALUES (
  '00000003-0006-0001-0000-000000000001',
  '00000003-0006-0000-0000-000000000001',
  1,
  'What is Cover 4 defense?',
  '["4 deep defenders each cover 1/4 of the field", "4 defenders on the field", "4 points allowed", "4 linebackers"]',
  '{"index": 0}',
  'Cover 4 (or ''Quarters'') has 4 deep defenders - 2 corners and 2 safeties - each responsible for a quarter of the deep field.',
  true,
  NOW(),
  NOW()
) ON CONFLICT (id) DO UPDATE SET
  prompt_richtext = EXCLUDED.prompt_richtext,
  options_json = EXCLUDED.options_json,
  correct_answer_json = EXCLUDED.correct_answer_json,
  explanation_richtext = EXCLUDED.explanation_richtext,
  active = EXCLUDED.active,
  updated_at = NOW();

INSERT INTO items (id, lesson_id, type, base_prompt, answer_schema_json, difficulty, status, author_id, created_at, updated_at)
VALUES (
  '00000003-0006-0000-0000-000000000002',
  '00000003-0000-0000-0000-000000000006',
  'mcq',
  'Understand Cover 4 alignment',
  '{"type": "mcq", "options": ["Both corners and both safeties", "All four linebackers", "The defensive line", "Only the safeties"], "correct": 0}'::jsonb,
  3,
  'live',
  (SELECT id FROM users LIMIT 1),
  NOW(),
  NOW()
) ON CONFLICT (id) DO UPDATE SET
  type = EXCLUDED.type,
  base_prompt = EXCLUDED.base_prompt,
  answer_schema_json = EXCLUDED.answer_schema_json,
  difficulty = EXCLUDED.difficulty,
  status = EXCLUDED.status,
  updated_at = NOW();

INSERT INTO item_variants (id, item_id, version, prompt_richtext, options_json, correct_answer_json, explanation_richtext, active, created_at, updated_at)
VALUES (
  '00000003-0006-0002-0000-000000000001',
  '00000003-0006-0000-0000-000000000002',
  1,
  'In Cover 4, which defenders play deep?',
  '["Both corners and both safeties", "All four linebackers", "The defensive line", "Only the safeties"]',
  '{"index": 0}',
  'Cover 4 has both corners and both safeties playing deep, each covering a quarter. This creates maximum deep coverage with 4 deep defenders.',
  true,
  NOW(),
  NOW()
) ON CONFLICT (id) DO UPDATE SET
  prompt_richtext = EXCLUDED.prompt_richtext,
  options_json = EXCLUDED.options_json,
  correct_answer_json = EXCLUDED.correct_answer_json,
  explanation_richtext = EXCLUDED.explanation_richtext,
  active = EXCLUDED.active,
  updated_at = NOW();

INSERT INTO items (id, lesson_id, type, base_prompt, answer_schema_json, difficulty, status, author_id, created_at, updated_at)
VALUES (
  '00000003-0006-0000-0000-000000000003',
  '00000003-0000-0000-0000-000000000006',
  'mcq',
  'Identify Cover 4 strength',
  '{"type": "mcq", "options": ["Excellent against deep passes and 4 verticals", "Stops all runs", "Great against short passes", "Easy to play"], "correct": 0}'::jsonb,
  3,
  'live',
  (SELECT id FROM users LIMIT 1),
  NOW(),
  NOW()
) ON CONFLICT (id) DO UPDATE SET
  type = EXCLUDED.type,
  base_prompt = EXCLUDED.base_prompt,
  answer_schema_json = EXCLUDED.answer_schema_json,
  difficulty = EXCLUDED.difficulty,
  status = EXCLUDED.status,
  updated_at = NOW();

INSERT INTO item_variants (id, item_id, version, prompt_richtext, options_json, correct_answer_json, explanation_richtext, active, created_at, updated_at)
VALUES (
  '00000003-0006-0003-0000-000000000001',
  '00000003-0006-0000-0000-000000000003',
  1,
  'What is a strength of Cover 4?',
  '["Excellent against deep passes and 4 verticals", "Stops all runs", "Great against short passes", "Easy to play"]',
  '{"index": 0}',
  'Cover 4 is the best coverage against 4 vertical routes because you have 4 deep defenders. Each can match a vertical receiver man-to-man.',
  true,
  NOW(),
  NOW()
) ON CONFLICT (id) DO UPDATE SET
  prompt_richtext = EXCLUDED.prompt_richtext,
  options_json = EXCLUDED.options_json,
  correct_answer_json = EXCLUDED.correct_answer_json,
  explanation_richtext = EXCLUDED.explanation_richtext,
  active = EXCLUDED.active,
  updated_at = NOW();

INSERT INTO items (id, lesson_id, type, base_prompt, answer_schema_json, difficulty, status, author_id, created_at, updated_at)
VALUES (
  '00000003-0006-0000-0000-000000000004',
  '00000003-0000-0000-0000-000000000006',
  'mcq',
  'Identify Cover 4 weakness',
  '{"type": "mcq", "options": ["Vulnerable to intermediate crossing routes", "Can''t stop deep passes", "Too many deep defenders", "Illegal coverage"], "correct": 0}'::jsonb,
  3,
  'live',
  (SELECT id FROM users LIMIT 1),
  NOW(),
  NOW()
) ON CONFLICT (id) DO UPDATE SET
  type = EXCLUDED.type,
  base_prompt = EXCLUDED.base_prompt,
  answer_schema_json = EXCLUDED.answer_schema_json,
  difficulty = EXCLUDED.difficulty,
  status = EXCLUDED.status,
  updated_at = NOW();

INSERT INTO item_variants (id, item_id, version, prompt_richtext, options_json, correct_answer_json, explanation_richtext, active, created_at, updated_at)
VALUES (
  '00000003-0006-0004-0000-000000000001',
  '00000003-0006-0000-0000-000000000004',
  1,
  'What is a weakness of Cover 4?',
  '["Vulnerable to intermediate crossing routes", "Can''t stop deep passes", "Too many deep defenders", "Illegal coverage"]',
  '{"index": 0}',
  'With 4 defenders deep, only 3 linebackers cover underneath. Crossing routes and intermediate passes can find holes between the levels.',
  true,
  NOW(),
  NOW()
) ON CONFLICT (id) DO UPDATE SET
  prompt_richtext = EXCLUDED.prompt_richtext,
  options_json = EXCLUDED.options_json,
  correct_answer_json = EXCLUDED.correct_answer_json,
  explanation_richtext = EXCLUDED.explanation_richtext,
  active = EXCLUDED.active,
  updated_at = NOW();

INSERT INTO items (id, lesson_id, type, base_prompt, answer_schema_json, difficulty, status, author_id, created_at, updated_at)
VALUES (
  '00000003-0006-0000-0000-000000000005',
  '00000003-0000-0000-0000-000000000006',
  'mcq',
  'Understand pattern matching',
  '{"type": "mcq", "options": ["Defenders match receivers based on route patterns", "Matching uniforms", "Same as zone coverage", "An illegal technique"], "correct": 0}'::jsonb,
  4,
  'live',
  (SELECT id FROM users LIMIT 1),
  NOW(),
  NOW()
) ON CONFLICT (id) DO UPDATE SET
  type = EXCLUDED.type,
  base_prompt = EXCLUDED.base_prompt,
  answer_schema_json = EXCLUDED.answer_schema_json,
  difficulty = EXCLUDED.difficulty,
  status = EXCLUDED.status,
  updated_at = NOW();

INSERT INTO item_variants (id, item_id, version, prompt_richtext, options_json, correct_answer_json, explanation_richtext, active, created_at, updated_at)
VALUES (
  '00000003-0006-0005-0000-000000000001',
  '00000003-0006-0000-0000-000000000005',
  1,
  'What is ''pattern matching'' in Cover 4?',
  '["Defenders match receivers based on route patterns", "Matching uniforms", "Same as zone coverage", "An illegal technique"]',
  '{"index": 0}',
  'Pattern matching has defenders start in zone but match receivers man-to-man based on their routes. If a receiver goes vertical, the defender matches them.',
  true,
  NOW(),
  NOW()
) ON CONFLICT (id) DO UPDATE SET
  prompt_richtext = EXCLUDED.prompt_richtext,
  options_json = EXCLUDED.options_json,
  correct_answer_json = EXCLUDED.correct_answer_json,
  explanation_richtext = EXCLUDED.explanation_richtext,
  active = EXCLUDED.active,
  updated_at = NOW();

INSERT INTO items (id, lesson_id, type, base_prompt, answer_schema_json, difficulty, status, author_id, created_at, updated_at)
VALUES (
  '00000003-0006-0000-0000-000000000006',
  '00000003-0000-0000-0000-000000000006',
  'mcq',
  'Identify 2-read coverage',
  '{"type": "mcq", "options": ["Defender reads #2 receiver to determine coverage", "Reading 2 books", "Covering 2 receivers", "A blitz package"], "correct": 0}'::jsonb,
  4,
  'live',
  (SELECT id FROM users LIMIT 1),
  NOW(),
  NOW()
) ON CONFLICT (id) DO UPDATE SET
  type = EXCLUDED.type,
  base_prompt = EXCLUDED.base_prompt,
  answer_schema_json = EXCLUDED.answer_schema_json,
  difficulty = EXCLUDED.difficulty,
  status = EXCLUDED.status,
  updated_at = NOW();

INSERT INTO item_variants (id, item_id, version, prompt_richtext, options_json, correct_answer_json, explanation_richtext, active, created_at, updated_at)
VALUES (
  '00000003-0006-0006-0000-000000000001',
  '00000003-0006-0000-0000-000000000006',
  1,
  'What is the ''2-read'' in Cover 4?',
  '["Defender reads #2 receiver to determine coverage", "Reading 2 books", "Covering 2 receivers", "A blitz package"]',
  '{"index": 0}',
  'In Cover 4, defenders read the #2 receiver (slot/TE). If #2 goes vertical, the safety matches them. If #2 stays short, the safety helps on #1 deep.',
  true,
  NOW(),
  NOW()
) ON CONFLICT (id) DO UPDATE SET
  prompt_richtext = EXCLUDED.prompt_richtext,
  options_json = EXCLUDED.options_json,
  correct_answer_json = EXCLUDED.correct_answer_json,
  explanation_richtext = EXCLUDED.explanation_richtext,
  active = EXCLUDED.active,
  updated_at = NOW();

INSERT INTO items (id, lesson_id, type, base_prompt, answer_schema_json, difficulty, status, author_id, created_at, updated_at)
VALUES (
  '00000003-0006-0000-0000-000000000007',
  '00000003-0000-0000-0000-000000000006',
  'mcq',
  'Understand Cover 4 vs 2x2',
  '{"type": "mcq", "options": ["4 deep defenders match 4 receivers perfectly", "It''s not good against 2x2", "It confuses the offense", "It''s illegal"], "correct": 0}'::jsonb,
  3,
  'live',
  (SELECT id FROM users LIMIT 1),
  NOW(),
  NOW()
) ON CONFLICT (id) DO UPDATE SET
  type = EXCLUDED.type,
  base_prompt = EXCLUDED.base_prompt,
  answer_schema_json = EXCLUDED.answer_schema_json,
  difficulty = EXCLUDED.difficulty,
  status = EXCLUDED.status,
  updated_at = NOW();

INSERT INTO item_variants (id, item_id, version, prompt_richtext, options_json, correct_answer_json, explanation_richtext, active, created_at, updated_at)
VALUES (
  '00000003-0006-0007-0000-000000000001',
  '00000003-0006-0000-0000-000000000007',
  1,
  'Why is Cover 4 good against 2x2 formations?',
  '["4 deep defenders match 4 receivers perfectly", "It''s not good against 2x2", "It confuses the offense", "It''s illegal"]',
  '{"index": 0}',
  'Against 2x2 (2 receivers each side), Cover 4 has perfect balance - 2 deep defenders on each side. Each side can play 2-man coverage on the receivers.',
  true,
  NOW(),
  NOW()
) ON CONFLICT (id) DO UPDATE SET
  prompt_richtext = EXCLUDED.prompt_richtext,
  options_json = EXCLUDED.options_json,
  correct_answer_json = EXCLUDED.correct_answer_json,
  explanation_richtext = EXCLUDED.explanation_richtext,
  active = EXCLUDED.active,
  updated_at = NOW();

INSERT INTO items (id, lesson_id, type, base_prompt, answer_schema_json, difficulty, status, author_id, created_at, updated_at)
VALUES (
  '00000003-0006-0000-0000-000000000008',
  '00000003-0000-0000-0000-000000000006',
  'mcq',
  'Identify Cover 4 palms',
  '{"type": "mcq", "options": ["Specific pattern-match rules for Cover 4", "Covering with your palms", "Same as regular Cover 4", "A blitz"], "correct": 0}'::jsonb,
  4,
  'live',
  (SELECT id FROM users LIMIT 1),
  NOW(),
  NOW()
) ON CONFLICT (id) DO UPDATE SET
  type = EXCLUDED.type,
  base_prompt = EXCLUDED.base_prompt,
  answer_schema_json = EXCLUDED.answer_schema_json,
  difficulty = EXCLUDED.difficulty,
  status = EXCLUDED.status,
  updated_at = NOW();

INSERT INTO item_variants (id, item_id, version, prompt_richtext, options_json, correct_answer_json, explanation_richtext, active, created_at, updated_at)
VALUES (
  '00000003-0006-0008-0000-000000000001',
  '00000003-0006-0000-0000-000000000008',
  1,
  'What is ''Cover 4 Palms''?',
  '["Specific pattern-match rules for Cover 4", "Covering with your palms", "Same as regular Cover 4", "A blitz"]',
  '{"index": 0}',
  'Cover 4 Palms is a specific pattern-matching scheme with detailed rules for how defenders match routes. It''s a hybrid of man and zone coverage.',
  true,
  NOW(),
  NOW()
) ON CONFLICT (id) DO UPDATE SET
  prompt_richtext = EXCLUDED.prompt_richtext,
  options_json = EXCLUDED.options_json,
  correct_answer_json = EXCLUDED.correct_answer_json,
  explanation_richtext = EXCLUDED.explanation_richtext,
  active = EXCLUDED.active,
  updated_at = NOW();

INSERT INTO items (id, lesson_id, type, base_prompt, answer_schema_json, difficulty, status, author_id, created_at, updated_at)
VALUES (
  '00000003-0006-0000-0000-000000000009',
  '00000003-0000-0000-0000-000000000006',
  'mcq',
  'Understand Cover 4 vs trips',
  '{"type": "mcq", "options": ["Rotates coverage to get 3 defenders to that side", "It can''t defend trips", "Plays normal quarters", "Blitzes"], "correct": 0}'::jsonb,
  4,
  'live',
  (SELECT id FROM users LIMIT 1),
  NOW(),
  NOW()
) ON CONFLICT (id) DO UPDATE SET
  type = EXCLUDED.type,
  base_prompt = EXCLUDED.base_prompt,
  answer_schema_json = EXCLUDED.answer_schema_json,
  difficulty = EXCLUDED.difficulty,
  status = EXCLUDED.status,
  updated_at = NOW();

INSERT INTO item_variants (id, item_id, version, prompt_richtext, options_json, correct_answer_json, explanation_richtext, active, created_at, updated_at)
VALUES (
  '00000003-0006-0009-0000-000000000001',
  '00000003-0006-0000-0000-000000000009',
  1,
  'How does Cover 4 defend trips (3 receivers to one side)?',
  '["Rotates coverage to get 3 defenders to that side", "It can''t defend trips", "Plays normal quarters", "Blitzes"]',
  '{"index": 0}',
  'Against trips, Cover 4 typically rotates to get 3 defenders (corner, safety, and a linebacker) to the trips side. The backside plays Cover 3 or man.',
  true,
  NOW(),
  NOW()
) ON CONFLICT (id) DO UPDATE SET
  prompt_richtext = EXCLUDED.prompt_richtext,
  options_json = EXCLUDED.options_json,
  correct_answer_json = EXCLUDED.correct_answer_json,
  explanation_richtext = EXCLUDED.explanation_richtext,
  active = EXCLUDED.active,
  updated_at = NOW();

INSERT INTO items (id, lesson_id, type, base_prompt, answer_schema_json, difficulty, status, author_id, created_at, updated_at)
VALUES (
  '00000003-0006-0000-0000-000000000010',
  '00000003-0000-0000-0000-000000000006',
  'mcq',
  'Identify quarters vs halves',
  '{"type": "mcq", "options": ["Cover 4 has 4 deep, Cover 2 has 2 deep", "They''re the same", "Cover 4 is illegal", "Cover 2 is better"], "correct": 0}'::jsonb,
  3,
  'live',
  (SELECT id FROM users LIMIT 1),
  NOW(),
  NOW()
) ON CONFLICT (id) DO UPDATE SET
  type = EXCLUDED.type,
  base_prompt = EXCLUDED.base_prompt,
  answer_schema_json = EXCLUDED.answer_schema_json,
  difficulty = EXCLUDED.difficulty,
  status = EXCLUDED.status,
  updated_at = NOW();

INSERT INTO item_variants (id, item_id, version, prompt_richtext, options_json, correct_answer_json, explanation_richtext, active, created_at, updated_at)
VALUES (
  '00000003-0006-0010-0000-000000000001',
  '00000003-0006-0000-0000-000000000010',
  1,
  'What''s the main difference between Cover 4 and Cover 2?',
  '["Cover 4 has 4 deep, Cover 2 has 2 deep", "They''re the same", "Cover 4 is illegal", "Cover 2 is better"]',
  '{"index": 0}',
  'Cover 4 splits the deep field into quarters (4 defenders), while Cover 2 splits it into halves (2 defenders). Cover 4 is better against deep passes.',
  true,
  NOW(),
  NOW()
) ON CONFLICT (id) DO UPDATE SET
  prompt_richtext = EXCLUDED.prompt_richtext,
  options_json = EXCLUDED.options_json,
  correct_answer_json = EXCLUDED.correct_answer_json,
  explanation_richtext = EXCLUDED.explanation_richtext,
  active = EXCLUDED.active,
  updated_at = NOW();

-- Module 3, Lesson 7: Blitz Concepts
INSERT INTO lessons (id, module_id, title, description, order_index, est_minutes, xp_award, created_at, updated_at)
VALUES (
  '00000003-0000-0000-0000-000000000007',
  '00000000-0000-0000-0000-000000000003',
  'Blitz Concepts',
  'Learn different types of blitzes and when to use them',
  7,
  5,
  100,
  NOW(),
  NOW()
) ON CONFLICT (id) DO UPDATE SET
  title = EXCLUDED.title,
  description = EXCLUDED.description,
  order_index = EXCLUDED.order_index,
  est_minutes = EXCLUDED.est_minutes,
  xp_award = EXCLUDED.xp_award,
  updated_at = NOW();

INSERT INTO items (id, lesson_id, type, base_prompt, answer_schema_json, difficulty, status, author_id, created_at, updated_at)
VALUES (
  '00000003-0007-0000-0000-000000000001',
  '00000003-0000-0000-0000-000000000007',
  'mcq',
  'Understand blitz',
  '{"type": "mcq", "options": ["Sending extra defenders to rush the QB", "A type of coverage", "A running play", "A penalty"], "correct": 0}'::jsonb,
  3,
  'live',
  (SELECT id FROM users LIMIT 1),
  NOW(),
  NOW()
) ON CONFLICT (id) DO UPDATE SET
  type = EXCLUDED.type,
  base_prompt = EXCLUDED.base_prompt,
  answer_schema_json = EXCLUDED.answer_schema_json,
  difficulty = EXCLUDED.difficulty,
  status = EXCLUDED.status,
  updated_at = NOW();

INSERT INTO item_variants (id, item_id, version, prompt_richtext, options_json, correct_answer_json, explanation_richtext, active, created_at, updated_at)
VALUES (
  '00000003-0007-0001-0000-000000000001',
  '00000003-0007-0000-0000-000000000001',
  1,
  'What is a blitz?',
  '["Sending extra defenders to rush the QB", "A type of coverage", "A running play", "A penalty"]',
  '{"index": 0}',
  'A blitz sends more than the standard 4 pass rushers at the QB. Typically linebackers or defensive backs join the rush to create pressure.',
  true,
  NOW(),
  NOW()
) ON CONFLICT (id) DO UPDATE SET
  prompt_richtext = EXCLUDED.prompt_richtext,
  options_json = EXCLUDED.options_json,
  correct_answer_json = EXCLUDED.correct_answer_json,
  explanation_richtext = EXCLUDED.explanation_richtext,
  active = EXCLUDED.active,
  updated_at = NOW();

INSERT INTO items (id, lesson_id, type, base_prompt, answer_schema_json, difficulty, status, author_id, created_at, updated_at)
VALUES (
  '00000003-0007-0000-0000-000000000002',
  '00000003-0000-0000-0000-000000000007',
  'mcq',
  'Identify A-gap blitz',
  '{"type": "mcq", "options": ["Blitz through the gaps next to the center", "Blitz from the outside", "Blitz from the secondary", "A grading system"], "correct": 0}'::jsonb,
  3,
  'live',
  (SELECT id FROM users LIMIT 1),
  NOW(),
  NOW()
) ON CONFLICT (id) DO UPDATE SET
  type = EXCLUDED.type,
  base_prompt = EXCLUDED.base_prompt,
  answer_schema_json = EXCLUDED.answer_schema_json,
  difficulty = EXCLUDED.difficulty,
  status = EXCLUDED.status,
  updated_at = NOW();

INSERT INTO item_variants (id, item_id, version, prompt_richtext, options_json, correct_answer_json, explanation_richtext, active, created_at, updated_at)
VALUES (
  '00000003-0007-0002-0000-000000000001',
  '00000003-0007-0000-0000-000000000002',
  1,
  'What is an A-gap blitz?',
  '["Blitz through the gaps next to the center", "Blitz from the outside", "Blitz from the secondary", "A grading system"]',
  '{"index": 0}',
  'An A-gap blitz sends defenders through the A gaps (spaces on either side of the center). It''s a quick, inside blitz that''s hard to block.',
  true,
  NOW(),
  NOW()
) ON CONFLICT (id) DO UPDATE SET
  prompt_richtext = EXCLUDED.prompt_richtext,
  options_json = EXCLUDED.options_json,
  correct_answer_json = EXCLUDED.correct_answer_json,
  explanation_richtext = EXCLUDED.explanation_richtext,
  active = EXCLUDED.active,
  updated_at = NOW();

INSERT INTO items (id, lesson_id, type, base_prompt, answer_schema_json, difficulty, status, author_id, created_at, updated_at)
VALUES (
  '00000003-0007-0000-0000-000000000003',
  '00000003-0000-0000-0000-000000000007',
  'mcq',
  'Identify B-gap blitz',
  '{"type": "mcq", "options": ["Between guard and tackle", "Next to the center", "Outside the tackle", "In the secondary"], "correct": 0}'::jsonb,
  3,
  'live',
  (SELECT id FROM users LIMIT 1),
  NOW(),
  NOW()
) ON CONFLICT (id) DO UPDATE SET
  type = EXCLUDED.type,
  base_prompt = EXCLUDED.base_prompt,
  answer_schema_json = EXCLUDED.answer_schema_json,
  difficulty = EXCLUDED.difficulty,
  status = EXCLUDED.status,
  updated_at = NOW();

INSERT INTO item_variants (id, item_id, version, prompt_richtext, options_json, correct_answer_json, explanation_richtext, active, created_at, updated_at)
VALUES (
  '00000003-0007-0003-0000-000000000001',
  '00000003-0007-0000-0000-000000000003',
  1,
  'Where is the B-gap?',
  '["Between guard and tackle", "Next to the center", "Outside the tackle", "In the secondary"]',
  '{"index": 0}',
  'The B-gap is between the guard and tackle. B-gap blitzes are common and effective, targeting this natural seam in pass protection.',
  true,
  NOW(),
  NOW()
) ON CONFLICT (id) DO UPDATE SET
  prompt_richtext = EXCLUDED.prompt_richtext,
  options_json = EXCLUDED.options_json,
  correct_answer_json = EXCLUDED.correct_answer_json,
  explanation_richtext = EXCLUDED.explanation_richtext,
  active = EXCLUDED.active,
  updated_at = NOW();

INSERT INTO items (id, lesson_id, type, base_prompt, answer_schema_json, difficulty, status, author_id, created_at, updated_at)
VALUES (
  '00000003-0007-0000-0000-000000000004',
  '00000003-0000-0000-0000-000000000007',
  'mcq',
  'Identify C-gap blitz',
  '{"type": "mcq", "options": ["Between tackle and tight end", "Next to the center", "Between guards", "In the backfield"], "correct": 0}'::jsonb,
  3,
  'live',
  (SELECT id FROM users LIMIT 1),
  NOW(),
  NOW()
) ON CONFLICT (id) DO UPDATE SET
  type = EXCLUDED.type,
  base_prompt = EXCLUDED.base_prompt,
  answer_schema_json = EXCLUDED.answer_schema_json,
  difficulty = EXCLUDED.difficulty,
  status = EXCLUDED.status,
  updated_at = NOW();

INSERT INTO item_variants (id, item_id, version, prompt_richtext, options_json, correct_answer_json, explanation_richtext, active, created_at, updated_at)
VALUES (
  '00000003-0007-0004-0000-000000000001',
  '00000003-0007-0000-0000-000000000004',
  1,
  'Where is the C-gap?',
  '["Between tackle and tight end", "Next to the center", "Between guards", "In the backfield"]',
  '{"index": 0}',
  'The C-gap is between the offensive tackle and tight end (or outside the tackle if no TE). C-gap blitzes come from the edge.',
  true,
  NOW(),
  NOW()
) ON CONFLICT (id) DO UPDATE SET
  prompt_richtext = EXCLUDED.prompt_richtext,
  options_json = EXCLUDED.options_json,
  correct_answer_json = EXCLUDED.correct_answer_json,
  explanation_richtext = EXCLUDED.explanation_richtext,
  active = EXCLUDED.active,
  updated_at = NOW();

INSERT INTO items (id, lesson_id, type, base_prompt, answer_schema_json, difficulty, status, author_id, created_at, updated_at)
VALUES (
  '00000003-0007-0000-0000-000000000005',
  '00000003-0000-0000-0000-000000000007',
  'mcq',
  'Identify zone blitz',
  '{"type": "mcq", "options": ["Blitz while playing zone coverage behind it", "Blitzing from a zone", "Blitzing the end zone", "An illegal blitz"], "correct": 0}'::jsonb,
  4,
  'live',
  (SELECT id FROM users LIMIT 1),
  NOW(),
  NOW()
) ON CONFLICT (id) DO UPDATE SET
  type = EXCLUDED.type,
  base_prompt = EXCLUDED.base_prompt,
  answer_schema_json = EXCLUDED.answer_schema_json,
  difficulty = EXCLUDED.difficulty,
  status = EXCLUDED.status,
  updated_at = NOW();

INSERT INTO item_variants (id, item_id, version, prompt_richtext, options_json, correct_answer_json, explanation_richtext, active, created_at, updated_at)
VALUES (
  '00000003-0007-0005-0000-000000000001',
  '00000003-0007-0000-0000-000000000005',
  1,
  'What is a zone blitz?',
  '["Blitz while playing zone coverage behind it", "Blitzing from a zone", "Blitzing the end zone", "An illegal blitz"]',
  '{"index": 0}',
  'A zone blitz sends 5+ rushers while the remaining defenders play zone coverage. Often a DL drops into coverage while a LB/DB blitzes.',
  true,
  NOW(),
  NOW()
) ON CONFLICT (id) DO UPDATE SET
  prompt_richtext = EXCLUDED.prompt_richtext,
  options_json = EXCLUDED.options_json,
  correct_answer_json = EXCLUDED.correct_answer_json,
  explanation_richtext = EXCLUDED.explanation_richtext,
  active = EXCLUDED.active,
  updated_at = NOW();

INSERT INTO items (id, lesson_id, type, base_prompt, answer_schema_json, difficulty, status, author_id, created_at, updated_at)
VALUES (
  '00000003-0007-0000-0000-000000000006',
  '00000003-0000-0000-0000-000000000007',
  'mcq',
  'Identify fire zone',
  '{"type": "mcq", "options": ["5-man rush with 3-deep, 3-under zone coverage", "Blitzing in hot weather", "Same as any blitz", "An illegal defense"], "correct": 0}'::jsonb,
  4,
  'live',
  (SELECT id FROM users LIMIT 1),
  NOW(),
  NOW()
) ON CONFLICT (id) DO UPDATE SET
  type = EXCLUDED.type,
  base_prompt = EXCLUDED.base_prompt,
  answer_schema_json = EXCLUDED.answer_schema_json,
  difficulty = EXCLUDED.difficulty,
  status = EXCLUDED.status,
  updated_at = NOW();

INSERT INTO item_variants (id, item_id, version, prompt_richtext, options_json, correct_answer_json, explanation_richtext, active, created_at, updated_at)
VALUES (
  '00000003-0007-0006-0000-000000000001',
  '00000003-0007-0000-0000-000000000006',
  1,
  'What is a ''fire zone'' blitz?',
  '["5-man rush with 3-deep, 3-under zone coverage", "Blitzing in hot weather", "Same as any blitz", "An illegal defense"]',
  '{"index": 0}',
  'Fire zone is a specific zone blitz package: 5 rushers with 6 defenders in coverage (3 deep, 3 underneath zones). It''s very common in modern defenses.',
  true,
  NOW(),
  NOW()
) ON CONFLICT (id) DO UPDATE SET
  prompt_richtext = EXCLUDED.prompt_richtext,
  options_json = EXCLUDED.options_json,
  correct_answer_json = EXCLUDED.correct_answer_json,
  explanation_richtext = EXCLUDED.explanation_richtext,
  active = EXCLUDED.active,
  updated_at = NOW();

INSERT INTO items (id, lesson_id, type, base_prompt, answer_schema_json, difficulty, status, author_id, created_at, updated_at)
VALUES (
  '00000003-0007-0000-0000-000000000007',
  '00000003-0000-0000-0000-000000000007',
  'mcq',
  'Identify corner blitz',
  '{"type": "mcq", "options": ["Cornerback rushes from the edge", "Blitzing from the corner of the field", "Blitzing the corner route", "An illegal blitz"], "correct": 0}'::jsonb,
  3,
  'live',
  (SELECT id FROM users LIMIT 1),
  NOW(),
  NOW()
) ON CONFLICT (id) DO UPDATE SET
  type = EXCLUDED.type,
  base_prompt = EXCLUDED.base_prompt,
  answer_schema_json = EXCLUDED.answer_schema_json,
  difficulty = EXCLUDED.difficulty,
  status = EXCLUDED.status,
  updated_at = NOW();

INSERT INTO item_variants (id, item_id, version, prompt_richtext, options_json, correct_answer_json, explanation_richtext, active, created_at, updated_at)
VALUES (
  '00000003-0007-0007-0000-000000000001',
  '00000003-0007-0000-0000-000000000007',
  1,
  'What is a corner blitz?',
  '["Cornerback rushes from the edge", "Blitzing from the corner of the field", "Blitzing the corner route", "An illegal blitz"]',
  '{"index": 0}',
  'A corner blitz sends the cornerback on a pass rush from the edge. It''s surprising because corners usually cover receivers, not rush the QB.',
  true,
  NOW(),
  NOW()
) ON CONFLICT (id) DO UPDATE SET
  prompt_richtext = EXCLUDED.prompt_richtext,
  options_json = EXCLUDED.options_json,
  correct_answer_json = EXCLUDED.correct_answer_json,
  explanation_richtext = EXCLUDED.explanation_richtext,
  active = EXCLUDED.active,
  updated_at = NOW();

INSERT INTO items (id, lesson_id, type, base_prompt, answer_schema_json, difficulty, status, author_id, created_at, updated_at)
VALUES (
  '00000003-0007-0000-0000-000000000008',
  '00000003-0000-0000-0000-000000000007',
  'mcq',
  'Identify safety blitz',
  '{"type": "mcq", "options": ["Safety rushes the QB, usually up the middle", "A safe blitz", "Blitzing for safety", "An illegal blitz"], "correct": 0}'::jsonb,
  3,
  'live',
  (SELECT id FROM users LIMIT 1),
  NOW(),
  NOW()
) ON CONFLICT (id) DO UPDATE SET
  type = EXCLUDED.type,
  base_prompt = EXCLUDED.base_prompt,
  answer_schema_json = EXCLUDED.answer_schema_json,
  difficulty = EXCLUDED.difficulty,
  status = EXCLUDED.status,
  updated_at = NOW();

INSERT INTO item_variants (id, item_id, version, prompt_richtext, options_json, correct_answer_json, explanation_richtext, active, created_at, updated_at)
VALUES (
  '00000003-0007-0008-0000-000000000001',
  '00000003-0007-0000-0000-000000000008',
  1,
  'What is a safety blitz?',
  '["Safety rushes the QB, usually up the middle", "A safe blitz", "Blitzing for safety", "An illegal blitz"]',
  '{"index": 0}',
  'A safety blitz sends a safety (usually from depth) to rush the QB. They often come up the middle with a running start, making them hard to block.',
  true,
  NOW(),
  NOW()
) ON CONFLICT (id) DO UPDATE SET
  prompt_richtext = EXCLUDED.prompt_richtext,
  options_json = EXCLUDED.options_json,
  correct_answer_json = EXCLUDED.correct_answer_json,
  explanation_richtext = EXCLUDED.explanation_richtext,
  active = EXCLUDED.active,
  updated_at = NOW();

INSERT INTO items (id, lesson_id, type, base_prompt, answer_schema_json, difficulty, status, author_id, created_at, updated_at)
VALUES (
  '00000003-0007-0000-0000-000000000009',
  '00000003-0000-0000-0000-000000000007',
  'mcq',
  'Understand blitz risk',
  '{"type": "mcq", "options": ["Fewer defenders in coverage, vulnerable to big plays", "It''s illegal", "It tires out the defense", "It helps the offense"], "correct": 0}'::jsonb,
  3,
  'live',
  (SELECT id FROM users LIMIT 1),
  NOW(),
  NOW()
) ON CONFLICT (id) DO UPDATE SET
  type = EXCLUDED.type,
  base_prompt = EXCLUDED.base_prompt,
  answer_schema_json = EXCLUDED.answer_schema_json,
  difficulty = EXCLUDED.difficulty,
  status = EXCLUDED.status,
  updated_at = NOW();

INSERT INTO item_variants (id, item_id, version, prompt_richtext, options_json, correct_answer_json, explanation_richtext, active, created_at, updated_at)
VALUES (
  '00000003-0007-0009-0000-000000000001',
  '00000003-0007-0000-0000-000000000009',
  1,
  'What is the main risk of blitzing?',
  '["Fewer defenders in coverage, vulnerable to big plays", "It''s illegal", "It tires out the defense", "It helps the offense"]',
  '{"index": 0}',
  'When you blitz, you have fewer defenders in coverage. If the QB reads it and throws quickly, receivers can get behind the defense for big gains.',
  true,
  NOW(),
  NOW()
) ON CONFLICT (id) DO UPDATE SET
  prompt_richtext = EXCLUDED.prompt_richtext,
  options_json = EXCLUDED.options_json,
  correct_answer_json = EXCLUDED.correct_answer_json,
  explanation_richtext = EXCLUDED.explanation_richtext,
  active = EXCLUDED.active,
  updated_at = NOW();

INSERT INTO items (id, lesson_id, type, base_prompt, answer_schema_json, difficulty, status, author_id, created_at, updated_at)
VALUES (
  '00000003-0007-0000-0000-000000000010',
  '00000003-0000-0000-0000-000000000007',
  'mcq',
  'Identify delayed blitz',
  '{"type": "mcq", "options": ["Blitzer waits a moment before rushing", "Blitz that arrives late", "A slow blitz", "An illegal blitz"], "correct": 0}'::jsonb,
  4,
  'live',
  (SELECT id FROM users LIMIT 1),
  NOW(),
  NOW()
) ON CONFLICT (id) DO UPDATE SET
  type = EXCLUDED.type,
  base_prompt = EXCLUDED.base_prompt,
  answer_schema_json = EXCLUDED.answer_schema_json,
  difficulty = EXCLUDED.difficulty,
  status = EXCLUDED.status,
  updated_at = NOW();

INSERT INTO item_variants (id, item_id, version, prompt_richtext, options_json, correct_answer_json, explanation_richtext, active, created_at, updated_at)
VALUES (
  '00000003-0007-0010-0000-000000000001',
  '00000003-0007-0000-0000-000000000010',
  1,
  'What is a delayed blitz?',
  '["Blitzer waits a moment before rushing", "Blitz that arrives late", "A slow blitz", "An illegal blitz"]',
  '{"index": 0}',
  'A delayed blitz has the rusher wait a moment (showing coverage) before blitzing. This can confuse the offensive line and create open rush lanes.',
  true,
  NOW(),
  NOW()
) ON CONFLICT (id) DO UPDATE SET
  prompt_richtext = EXCLUDED.prompt_richtext,
  options_json = EXCLUDED.options_json,
  correct_answer_json = EXCLUDED.correct_answer_json,
  explanation_richtext = EXCLUDED.explanation_richtext,
  active = EXCLUDED.active,
  updated_at = NOW();

INSERT INTO items (id, lesson_id, type, base_prompt, answer_schema_json, difficulty, status, author_id, created_at, updated_at)
VALUES (
  '00000003-0007-0000-0000-000000000011',
  '00000003-0000-0000-0000-000000000007',
  'mcq',
  'Goal of blitz',
  '{"type": "mcq", "options": ["To create pressure and force a quick throw/sack", "To stop the run", "To cover receivers", "To save time"], "correct": 0}'::jsonb,
  3,
  'live',
  (SELECT id FROM users LIMIT 1),
  NOW(),
  NOW()
) ON CONFLICT (id) DO UPDATE SET
  type = EXCLUDED.type,
  base_prompt = EXCLUDED.base_prompt,
  answer_schema_json = EXCLUDED.answer_schema_json,
  difficulty = EXCLUDED.difficulty,
  status = EXCLUDED.status,
  updated_at = NOW();

INSERT INTO item_variants (id, item_id, version, prompt_richtext, options_json, correct_answer_json, explanation_richtext, active, created_at, updated_at)
VALUES (
  '00000003-0007-0011-0000-000000000001',
  '00000003-0007-0000-0000-000000000011',
  1,
  'What is the primary goal of a blitz?',
  '["To create pressure and force a quick throw/sack", "To stop the run", "To cover receivers", "To save time"]',
  '{"index": 0}',
  'Blitzing overwhelms the offensive line, forcing the QB to throw before they are ready or taking a sack.',
  true,
  NOW(),
  NOW()
) ON CONFLICT (id) DO UPDATE SET
  prompt_richtext = EXCLUDED.prompt_richtext,
  options_json = EXCLUDED.options_json,
  correct_answer_json = EXCLUDED.correct_answer_json,
  explanation_richtext = EXCLUDED.explanation_richtext,
  active = EXCLUDED.active,
  updated_at = NOW();

INSERT INTO items (id, lesson_id, type, base_prompt, answer_schema_json, difficulty, status, author_id, created_at, updated_at)
VALUES (
  '00000003-0007-0000-0000-000000000012',
  '00000003-0000-0000-0000-000000000007',
  'mcq',
  'Why A-gap blitz',
  '{"type": "mcq", "options": ["It''s the shortest path to the QB", "They are slow", "They come from the outside", "They are illegal"], "correct": 0}'::jsonb,
  3,
  'live',
  (SELECT id FROM users LIMIT 1),
  NOW(),
  NOW()
) ON CONFLICT (id) DO UPDATE SET
  type = EXCLUDED.type,
  base_prompt = EXCLUDED.base_prompt,
  answer_schema_json = EXCLUDED.answer_schema_json,
  difficulty = EXCLUDED.difficulty,
  status = EXCLUDED.status,
  updated_at = NOW();

INSERT INTO item_variants (id, item_id, version, prompt_richtext, options_json, correct_answer_json, explanation_richtext, active, created_at, updated_at)
VALUES (
  '00000003-0007-0012-0000-000000000001',
  '00000003-0007-0000-0000-000000000012',
  1,
  'Why are A-gap blitzes difficult to block?',
  '["It''s the shortest path to the QB", "They are slow", "They come from the outside", "They are illegal"]',
  '{"index": 0}',
  'The A-gap is the most direct line to the QB. Pressure up the middle prevents the QB from stepping up in the pocket.',
  true,
  NOW(),
  NOW()
) ON CONFLICT (id) DO UPDATE SET
  prompt_richtext = EXCLUDED.prompt_richtext,
  options_json = EXCLUDED.options_json,
  correct_answer_json = EXCLUDED.correct_answer_json,
  explanation_richtext = EXCLUDED.explanation_richtext,
  active = EXCLUDED.active,
  updated_at = NOW();

INSERT INTO items (id, lesson_id, type, base_prompt, answer_schema_json, difficulty, status, author_id, created_at, updated_at)
VALUES (
  '00000003-0007-0000-0000-000000000013',
  '00000003-0000-0000-0000-000000000007',
  'mcq',
  'Why B-gap blitz',
  '{"type": "mcq", "options": ["It''s a natural seam in protection", "It''s the widest gap", "It''s never blocked", "It''s closest to the sideline"], "correct": 0}'::jsonb,
  3,
  'live',
  (SELECT id FROM users LIMIT 1),
  NOW(),
  NOW()
) ON CONFLICT (id) DO UPDATE SET
  type = EXCLUDED.type,
  base_prompt = EXCLUDED.base_prompt,
  answer_schema_json = EXCLUDED.answer_schema_json,
  difficulty = EXCLUDED.difficulty,
  status = EXCLUDED.status,
  updated_at = NOW();

INSERT INTO item_variants (id, item_id, version, prompt_richtext, options_json, correct_answer_json, explanation_richtext, active, created_at, updated_at)
VALUES (
  '00000003-0007-0013-0000-000000000001',
  '00000003-0007-0000-0000-000000000013',
  1,
  'Why do defenses target the B-gap?',
  '["It''s a natural seam in protection", "It''s the widest gap", "It''s never blocked", "It''s closest to the sideline"]',
  '{"index": 0}',
  'The B-gap (between guard and tackle) is a natural seam. Guards look inside, tackles look outside, leaving the B-gap vulnerable.',
  true,
  NOW(),
  NOW()
) ON CONFLICT (id) DO UPDATE SET
  prompt_richtext = EXCLUDED.prompt_richtext,
  options_json = EXCLUDED.options_json,
  correct_answer_json = EXCLUDED.correct_answer_json,
  explanation_richtext = EXCLUDED.explanation_richtext,
  active = EXCLUDED.active,
  updated_at = NOW();

INSERT INTO items (id, lesson_id, type, base_prompt, answer_schema_json, difficulty, status, author_id, created_at, updated_at)
VALUES (
  '00000003-0007-0000-0000-000000000014',
  '00000003-0000-0000-0000-000000000007',
  'mcq',
  'Why Fire Zone',
  '{"type": "mcq", "options": ["It''s safe (3 deep defenders) while still bringing pressure", "It brings 8 rushers", "It leaves no one deep", "It''s easy to block"], "correct": 0}'::jsonb,
  4,
  'live',
  (SELECT id FROM users LIMIT 1),
  NOW(),
  NOW()
) ON CONFLICT (id) DO UPDATE SET
  type = EXCLUDED.type,
  base_prompt = EXCLUDED.base_prompt,
  answer_schema_json = EXCLUDED.answer_schema_json,
  difficulty = EXCLUDED.difficulty,
  status = EXCLUDED.status,
  updated_at = NOW();

INSERT INTO item_variants (id, item_id, version, prompt_richtext, options_json, correct_answer_json, explanation_richtext, active, created_at, updated_at)
VALUES (
  '00000003-0007-0014-0000-000000000001',
  '00000003-0007-0000-0000-000000000014',
  1,
  'Why is the Fire Zone blitz so common?',
  '["It''s safe (3 deep defenders) while still bringing pressure", "It brings 8 rushers", "It leaves no one deep", "It''s easy to block"]',
  '{"index": 0}',
  'Fire Zone is a ''safe'' blitz because it keeps 3 defenders deep (Cover 3) to prevent big plays while overloading the protection.',
  true,
  NOW(),
  NOW()
) ON CONFLICT (id) DO UPDATE SET
  prompt_richtext = EXCLUDED.prompt_richtext,
  options_json = EXCLUDED.options_json,
  correct_answer_json = EXCLUDED.correct_answer_json,
  explanation_richtext = EXCLUDED.explanation_richtext,
  active = EXCLUDED.active,
  updated_at = NOW();

INSERT INTO items (id, lesson_id, type, base_prompt, answer_schema_json, difficulty, status, author_id, created_at, updated_at)
VALUES (
  '00000003-0007-0000-0000-000000000015',
  '00000003-0000-0000-0000-000000000007',
  'mcq',
  'Why Corner Blitz',
  '{"type": "mcq", "options": ["Surprise and speed from the edge", "Power", "Size", "Coverage ability"], "correct": 0}'::jsonb,
  3,
  'live',
  (SELECT id FROM users LIMIT 1),
  NOW(),
  NOW()
) ON CONFLICT (id) DO UPDATE SET
  type = EXCLUDED.type,
  base_prompt = EXCLUDED.base_prompt,
  answer_schema_json = EXCLUDED.answer_schema_json,
  difficulty = EXCLUDED.difficulty,
  status = EXCLUDED.status,
  updated_at = NOW();

INSERT INTO item_variants (id, item_id, version, prompt_richtext, options_json, correct_answer_json, explanation_richtext, active, created_at, updated_at)
VALUES (
  '00000003-0007-0015-0000-000000000001',
  '00000003-0007-0000-0000-000000000015',
  1,
  'What makes a corner blitz effective?',
  '["Surprise and speed from the edge", "Power", "Size", "Coverage ability"]',
  '{"index": 0}',
  'Offenses don''t expect the corner to rush. Their speed off the edge can get to the QB before the tackle can react.',
  true,
  NOW(),
  NOW()
) ON CONFLICT (id) DO UPDATE SET
  prompt_richtext = EXCLUDED.prompt_richtext,
  options_json = EXCLUDED.options_json,
  correct_answer_json = EXCLUDED.correct_answer_json,
  explanation_richtext = EXCLUDED.explanation_richtext,
  active = EXCLUDED.active,
  updated_at = NOW();

INSERT INTO items (id, lesson_id, type, base_prompt, answer_schema_json, difficulty, status, author_id, created_at, updated_at)
VALUES (
  '00000003-0007-0000-0000-000000000016',
  '00000003-0000-0000-0000-000000000007',
  'mcq',
  'Why Safety Blitz',
  '{"type": "mcq", "options": ["They come from depth with a running start", "They are slow", "They are obvious", "They are illegal"], "correct": 0}'::jsonb,
  3,
  'live',
  (SELECT id FROM users LIMIT 1),
  NOW(),
  NOW()
) ON CONFLICT (id) DO UPDATE SET
  type = EXCLUDED.type,
  base_prompt = EXCLUDED.base_prompt,
  answer_schema_json = EXCLUDED.answer_schema_json,
  difficulty = EXCLUDED.difficulty,
  status = EXCLUDED.status,
  updated_at = NOW();

INSERT INTO item_variants (id, item_id, version, prompt_richtext, options_json, correct_answer_json, explanation_richtext, active, created_at, updated_at)
VALUES (
  '00000003-0007-0016-0000-000000000001',
  '00000003-0007-0000-0000-000000000016',
  1,
  'Why are safety blitzes difficult to pick up?',
  '["They come from depth with a running start", "They are slow", "They are obvious", "They are illegal"]',
  '{"index": 0}',
  'Safeties blitz from depth, timing their run to hit the line at full speed just as the ball is snapped.',
  true,
  NOW(),
  NOW()
) ON CONFLICT (id) DO UPDATE SET
  prompt_richtext = EXCLUDED.prompt_richtext,
  options_json = EXCLUDED.options_json,
  correct_answer_json = EXCLUDED.correct_answer_json,
  explanation_richtext = EXCLUDED.explanation_richtext,
  active = EXCLUDED.active,
  updated_at = NOW();

INSERT INTO items (id, lesson_id, type, base_prompt, answer_schema_json, difficulty, status, author_id, created_at, updated_at)
VALUES (
  '00000003-0007-0000-0000-000000000017',
  '00000003-0000-0000-0000-000000000007',
  'mcq',
  'Goal of delayed blitz',
  '{"type": "mcq", "options": ["To let the offensive line engage, then attack open lanes", "To be late", "To rest", "To cover"], "correct": 0}'::jsonb,
  4,
  'live',
  (SELECT id FROM users LIMIT 1),
  NOW(),
  NOW()
) ON CONFLICT (id) DO UPDATE SET
  type = EXCLUDED.type,
  base_prompt = EXCLUDED.base_prompt,
  answer_schema_json = EXCLUDED.answer_schema_json,
  difficulty = EXCLUDED.difficulty,
  status = EXCLUDED.status,
  updated_at = NOW();

INSERT INTO item_variants (id, item_id, version, prompt_richtext, options_json, correct_answer_json, explanation_richtext, active, created_at, updated_at)
VALUES (
  '00000003-0007-0017-0000-000000000001',
  '00000003-0007-0000-0000-000000000017',
  1,
  'What is the strategic purpose of a delayed blitz?',
  '["To let the offensive line engage, then attack open lanes", "To be late", "To rest", "To cover"]',
  '{"index": 0}',
  'By waiting, the blitzer lets the O-line commit to other blocks. Then they attack the opening that appears.',
  true,
  NOW(),
  NOW()
) ON CONFLICT (id) DO UPDATE SET
  prompt_richtext = EXCLUDED.prompt_richtext,
  options_json = EXCLUDED.options_json,
  correct_answer_json = EXCLUDED.correct_answer_json,
  explanation_richtext = EXCLUDED.explanation_richtext,
  active = EXCLUDED.active,
  updated_at = NOW();

-- Module 3, Lesson 8: Defensive Line Play
INSERT INTO lessons (id, module_id, title, description, order_index, est_minutes, xp_award, created_at, updated_at)
VALUES (
  '00000003-0000-0000-0000-000000000008',
  '00000000-0000-0000-0000-000000000003',
  'Defensive Line Play',
  'Learn defensive line techniques and responsibilities',
  8,
  5,
  100,
  NOW(),
  NOW()
) ON CONFLICT (id) DO UPDATE SET
  title = EXCLUDED.title,
  description = EXCLUDED.description,
  order_index = EXCLUDED.order_index,
  est_minutes = EXCLUDED.est_minutes,
  xp_award = EXCLUDED.xp_award,
  updated_at = NOW();

INSERT INTO items (id, lesson_id, type, base_prompt, answer_schema_json, difficulty, status, author_id, created_at, updated_at)
VALUES (
  '00000003-0008-0000-0000-000000000001',
  '00000003-0000-0000-0000-000000000008',
  'mcq',
  'Understand gap responsibility',
  '{"type": "mcq", "options": ["The specific gap they must control", "The space between their teeth", "Their coverage assignment", "Their blitz assignment"], "correct": 0}'::jsonb,
  3,
  'live',
  (SELECT id FROM users LIMIT 1),
  NOW(),
  NOW()
) ON CONFLICT (id) DO UPDATE SET
  type = EXCLUDED.type,
  base_prompt = EXCLUDED.base_prompt,
  answer_schema_json = EXCLUDED.answer_schema_json,
  difficulty = EXCLUDED.difficulty,
  status = EXCLUDED.status,
  updated_at = NOW();

INSERT INTO item_variants (id, item_id, version, prompt_richtext, options_json, correct_answer_json, explanation_richtext, active, created_at, updated_at)
VALUES (
  '00000003-0008-0001-0000-000000000001',
  '00000003-0008-0000-0000-000000000001',
  1,
  'What is a defensive lineman''s ''gap responsibility''?',
  '["The specific gap they must control", "The space between their teeth", "Their coverage assignment", "Their blitz assignment"]',
  '{"index": 0}',
  'Each defensive lineman is responsible for controlling a specific gap (A, B, or C). They must prevent runs through their gap and maintain gap integrity.',
  true,
  NOW(),
  NOW()
) ON CONFLICT (id) DO UPDATE SET
  prompt_richtext = EXCLUDED.prompt_richtext,
  options_json = EXCLUDED.options_json,
  correct_answer_json = EXCLUDED.correct_answer_json,
  explanation_richtext = EXCLUDED.explanation_richtext,
  active = EXCLUDED.active,
  updated_at = NOW();

INSERT INTO items (id, lesson_id, type, base_prompt, answer_schema_json, difficulty, status, author_id, created_at, updated_at)
VALUES (
  '00000003-0008-0000-0000-000000000002',
  '00000003-0000-0000-0000-000000000008',
  'mcq',
  'Identify stunt',
  '{"type": "mcq", "options": ["Two linemen cross paths to confuse blockers", "A trick play", "An illegal move", "A celebration"], "correct": 0}'::jsonb,
  3,
  'live',
  (SELECT id FROM users LIMIT 1),
  NOW(),
  NOW()
) ON CONFLICT (id) DO UPDATE SET
  type = EXCLUDED.type,
  base_prompt = EXCLUDED.base_prompt,
  answer_schema_json = EXCLUDED.answer_schema_json,
  difficulty = EXCLUDED.difficulty,
  status = EXCLUDED.status,
  updated_at = NOW();

INSERT INTO item_variants (id, item_id, version, prompt_richtext, options_json, correct_answer_json, explanation_richtext, active, created_at, updated_at)
VALUES (
  '00000003-0008-0002-0000-000000000001',
  '00000003-0008-0000-0000-000000000002',
  1,
  'What is a defensive line ''stunt'' or ''twist''?',
  '["Two linemen cross paths to confuse blockers", "A trick play", "An illegal move", "A celebration"]',
  '{"index": 0}',
  'A stunt (or twist) has two defensive linemen cross paths - one loops around the other. This creates confusion and can free up a rusher.',
  true,
  NOW(),
  NOW()
) ON CONFLICT (id) DO UPDATE SET
  prompt_richtext = EXCLUDED.prompt_richtext,
  options_json = EXCLUDED.options_json,
  correct_answer_json = EXCLUDED.correct_answer_json,
  explanation_richtext = EXCLUDED.explanation_richtext,
  active = EXCLUDED.active,
  updated_at = NOW();

INSERT INTO items (id, lesson_id, type, base_prompt, answer_schema_json, difficulty, status, author_id, created_at, updated_at)
VALUES (
  '00000003-0008-0000-0000-000000000003',
  '00000003-0000-0000-0000-000000000008',
  'mcq',
  'Identify T-E stunt',
  '{"type": "mcq", "options": ["Tackle loops outside, end crashes inside", "Tight end blocks", "A type of coverage", "An offensive play"], "correct": 0}'::jsonb,
  4,
  'live',
  (SELECT id FROM users LIMIT 1),
  NOW(),
  NOW()
) ON CONFLICT (id) DO UPDATE SET
  type = EXCLUDED.type,
  base_prompt = EXCLUDED.base_prompt,
  answer_schema_json = EXCLUDED.answer_schema_json,
  difficulty = EXCLUDED.difficulty,
  status = EXCLUDED.status,
  updated_at = NOW();

INSERT INTO item_variants (id, item_id, version, prompt_richtext, options_json, correct_answer_json, explanation_richtext, active, created_at, updated_at)
VALUES (
  '00000003-0008-0003-0000-000000000001',
  '00000003-0008-0000-0000-000000000003',
  1,
  'What is a ''T-E stunt''?',
  '["Tackle loops outside, end crashes inside", "Tight end blocks", "A type of coverage", "An offensive play"]',
  '{"index": 0}',
  'A T-E (Tackle-End) stunt has the defensive tackle loop outside while the end crashes inside. It''s designed to create one-on-one matchups for the tackle.',
  true,
  NOW(),
  NOW()
) ON CONFLICT (id) DO UPDATE SET
  prompt_richtext = EXCLUDED.prompt_richtext,
  options_json = EXCLUDED.options_json,
  correct_answer_json = EXCLUDED.correct_answer_json,
  explanation_richtext = EXCLUDED.explanation_richtext,
  active = EXCLUDED.active,
  updated_at = NOW();

INSERT INTO items (id, lesson_id, type, base_prompt, answer_schema_json, difficulty, status, author_id, created_at, updated_at)
VALUES (
  '00000003-0008-0000-0000-000000000004',
  '00000003-0000-0000-0000-000000000008',
  'mcq',
  'Understand penetration',
  '{"type": "mcq", "options": ["Getting into the offensive backfield", "Blocking the offensive line", "Covering receivers", "Tackling the QB"], "correct": 0}'::jsonb,
  3,
  'live',
  (SELECT id FROM users LIMIT 1),
  NOW(),
  NOW()
) ON CONFLICT (id) DO UPDATE SET
  type = EXCLUDED.type,
  base_prompt = EXCLUDED.base_prompt,
  answer_schema_json = EXCLUDED.answer_schema_json,
  difficulty = EXCLUDED.difficulty,
  status = EXCLUDED.status,
  updated_at = NOW();

INSERT INTO item_variants (id, item_id, version, prompt_richtext, options_json, correct_answer_json, explanation_richtext, active, created_at, updated_at)
VALUES (
  '00000003-0008-0004-0000-000000000001',
  '00000003-0008-0000-0000-000000000004',
  1,
  'What does ''penetration'' mean for defensive linemen?',
  '["Getting into the offensive backfield", "Blocking the offensive line", "Covering receivers", "Tackling the QB"]',
  '{"index": 0}',
  'Penetration means getting past the line of scrimmage into the backfield. It disrupts running plays and puts pressure on the QB.',
  true,
  NOW(),
  NOW()
) ON CONFLICT (id) DO UPDATE SET
  prompt_richtext = EXCLUDED.prompt_richtext,
  options_json = EXCLUDED.options_json,
  correct_answer_json = EXCLUDED.correct_answer_json,
  explanation_richtext = EXCLUDED.explanation_richtext,
  active = EXCLUDED.active,
  updated_at = NOW();

INSERT INTO items (id, lesson_id, type, base_prompt, answer_schema_json, difficulty, status, author_id, created_at, updated_at)
VALUES (
  '00000003-0008-0000-0000-000000000005',
  '00000003-0000-0000-0000-000000000008',
  'mcq',
  'Identify two-gap technique',
  '{"type": "mcq", "options": ["Lineman controls two gaps on either side", "Covering two receivers", "Blitzing two gaps", "An illegal technique"], "correct": 0}'::jsonb,
  4,
  'live',
  (SELECT id FROM users LIMIT 1),
  NOW(),
  NOW()
) ON CONFLICT (id) DO UPDATE SET
  type = EXCLUDED.type,
  base_prompt = EXCLUDED.base_prompt,
  answer_schema_json = EXCLUDED.answer_schema_json,
  difficulty = EXCLUDED.difficulty,
  status = EXCLUDED.status,
  updated_at = NOW();

INSERT INTO item_variants (id, item_id, version, prompt_richtext, options_json, correct_answer_json, explanation_richtext, active, created_at, updated_at)
VALUES (
  '00000003-0008-0005-0000-000000000001',
  '00000003-0008-0000-0000-000000000005',
  1,
  'What is ''two-gap'' technique?',
  '["Lineman controls two gaps on either side", "Covering two receivers", "Blitzing two gaps", "An illegal technique"]',
  '{"index": 0}',
  'Two-gap technique has a lineman (usually nose tackle) control both gaps on either side of them. They read the play and fill whichever gap the run goes to.',
  true,
  NOW(),
  NOW()
) ON CONFLICT (id) DO UPDATE SET
  prompt_richtext = EXCLUDED.prompt_richtext,
  options_json = EXCLUDED.options_json,
  correct_answer_json = EXCLUDED.correct_answer_json,
  explanation_richtext = EXCLUDED.explanation_richtext,
  active = EXCLUDED.active,
  updated_at = NOW();

INSERT INTO items (id, lesson_id, type, base_prompt, answer_schema_json, difficulty, status, author_id, created_at, updated_at)
VALUES (
  '00000003-0008-0000-0000-000000000006',
  '00000003-0000-0000-0000-000000000008',
  'mcq',
  'Identify one-gap technique',
  '{"type": "mcq", "options": ["Lineman attacks one specific gap", "Covering one receiver", "Blitzing one gap", "A penalty"], "correct": 0}'::jsonb,
  3,
  'live',
  (SELECT id FROM users LIMIT 1),
  NOW(),
  NOW()
) ON CONFLICT (id) DO UPDATE SET
  type = EXCLUDED.type,
  base_prompt = EXCLUDED.base_prompt,
  answer_schema_json = EXCLUDED.answer_schema_json,
  difficulty = EXCLUDED.difficulty,
  status = EXCLUDED.status,
  updated_at = NOW();

INSERT INTO item_variants (id, item_id, version, prompt_richtext, options_json, correct_answer_json, explanation_richtext, active, created_at, updated_at)
VALUES (
  '00000003-0008-0006-0000-000000000001',
  '00000003-0008-0000-0000-000000000006',
  1,
  'What is ''one-gap'' technique?',
  '["Lineman attacks one specific gap", "Covering one receiver", "Blitzing one gap", "A penalty"]',
  '{"index": 0}',
  'One-gap technique has each lineman attack a specific gap. It''s more aggressive and penetrating than two-gap, but requires more discipline.',
  true,
  NOW(),
  NOW()
) ON CONFLICT (id) DO UPDATE SET
  prompt_richtext = EXCLUDED.prompt_richtext,
  options_json = EXCLUDED.options_json,
  correct_answer_json = EXCLUDED.correct_answer_json,
  explanation_richtext = EXCLUDED.explanation_richtext,
  active = EXCLUDED.active,
  updated_at = NOW();

INSERT INTO items (id, lesson_id, type, base_prompt, answer_schema_json, difficulty, status, author_id, created_at, updated_at)
VALUES (
  '00000003-0008-0000-0000-000000000007',
  '00000003-0000-0000-0000-000000000008',
  'mcq',
  'Understand contain',
  '{"type": "mcq", "options": ["Keep the play inside, don''t let it bounce outside", "Tackle the QB", "Cover receivers", "Blitz"], "correct": 0}'::jsonb,
  3,
  'live',
  (SELECT id FROM users LIMIT 1),
  NOW(),
  NOW()
) ON CONFLICT (id) DO UPDATE SET
  type = EXCLUDED.type,
  base_prompt = EXCLUDED.base_prompt,
  answer_schema_json = EXCLUDED.answer_schema_json,
  difficulty = EXCLUDED.difficulty,
  status = EXCLUDED.status,
  updated_at = NOW();

INSERT INTO item_variants (id, item_id, version, prompt_richtext, options_json, correct_answer_json, explanation_richtext, active, created_at, updated_at)
VALUES (
  '00000003-0008-0007-0000-000000000001',
  '00000003-0008-0000-0000-000000000007',
  1,
  'What does ''contain'' mean for defensive ends?',
  '["Keep the play inside, don''t let it bounce outside", "Tackle the QB", "Cover receivers", "Blitz"]',
  '{"index": 0}',
  'Contain responsibility means the defensive end must keep the play from bouncing outside. They ''set the edge'' and force runs back inside to the pursuit.',
  true,
  NOW(),
  NOW()
) ON CONFLICT (id) DO UPDATE SET
  prompt_richtext = EXCLUDED.prompt_richtext,
  options_json = EXCLUDED.options_json,
  correct_answer_json = EXCLUDED.correct_answer_json,
  explanation_richtext = EXCLUDED.explanation_richtext,
  active = EXCLUDED.active,
  updated_at = NOW();

INSERT INTO items (id, lesson_id, type, base_prompt, answer_schema_json, difficulty, status, author_id, created_at, updated_at)
VALUES (
  '00000003-0008-0000-0000-000000000008',
  '00000003-0000-0000-0000-000000000008',
  'mcq',
  'Identify bull rush',
  '{"type": "mcq", "options": ["Power rush straight through the blocker", "Running around the blocker", "A trick move", "An illegal technique"], "correct": 0}'::jsonb,
  2,
  'live',
  (SELECT id FROM users LIMIT 1),
  NOW(),
  NOW()
) ON CONFLICT (id) DO UPDATE SET
  type = EXCLUDED.type,
  base_prompt = EXCLUDED.base_prompt,
  answer_schema_json = EXCLUDED.answer_schema_json,
  difficulty = EXCLUDED.difficulty,
  status = EXCLUDED.status,
  updated_at = NOW();

INSERT INTO item_variants (id, item_id, version, prompt_richtext, options_json, correct_answer_json, explanation_richtext, active, created_at, updated_at)
VALUES (
  '00000003-0008-0008-0000-000000000001',
  '00000003-0008-0000-0000-000000000008',
  1,
  'What is a ''bull rush''?',
  '["Power rush straight through the blocker", "Running around the blocker", "A trick move", "An illegal technique"]',
  '{"index": 0}',
  'A bull rush is a power move where the rusher drives straight through the blocker using strength and leverage. It''s the most basic pass rush move.',
  true,
  NOW(),
  NOW()
) ON CONFLICT (id) DO UPDATE SET
  prompt_richtext = EXCLUDED.prompt_richtext,
  options_json = EXCLUDED.options_json,
  correct_answer_json = EXCLUDED.correct_answer_json,
  explanation_richtext = EXCLUDED.explanation_richtext,
  active = EXCLUDED.active,
  updated_at = NOW();

INSERT INTO items (id, lesson_id, type, base_prompt, answer_schema_json, difficulty, status, author_id, created_at, updated_at)
VALUES (
  '00000003-0008-0000-0000-000000000009',
  '00000003-0000-0000-0000-000000000008',
  'mcq',
  'Identify speed rush',
  '{"type": "mcq", "options": ["Using speed to run around the blocker", "Rushing very fast", "A blitz", "An illegal move"], "correct": 0}'::jsonb,
  2,
  'live',
  (SELECT id FROM users LIMIT 1),
  NOW(),
  NOW()
) ON CONFLICT (id) DO UPDATE SET
  type = EXCLUDED.type,
  base_prompt = EXCLUDED.base_prompt,
  answer_schema_json = EXCLUDED.answer_schema_json,
  difficulty = EXCLUDED.difficulty,
  status = EXCLUDED.status,
  updated_at = NOW();

INSERT INTO item_variants (id, item_id, version, prompt_richtext, options_json, correct_answer_json, explanation_richtext, active, created_at, updated_at)
VALUES (
  '00000003-0008-0009-0000-000000000001',
  '00000003-0008-0000-0000-000000000009',
  1,
  'What is a ''speed rush''?',
  '["Using speed to run around the blocker", "Rushing very fast", "A blitz", "An illegal move"]',
  '{"index": 0}',
  'A speed rush uses quickness and agility to run around the edge of the blocker. It''s effective for fast defensive ends against slower tackles.',
  true,
  NOW(),
  NOW()
) ON CONFLICT (id) DO UPDATE SET
  prompt_richtext = EXCLUDED.prompt_richtext,
  options_json = EXCLUDED.options_json,
  correct_answer_json = EXCLUDED.correct_answer_json,
  explanation_richtext = EXCLUDED.explanation_richtext,
  active = EXCLUDED.active,
  updated_at = NOW();

INSERT INTO items (id, lesson_id, type, base_prompt, answer_schema_json, difficulty, status, author_id, created_at, updated_at)
VALUES (
  '00000003-0008-0000-0000-000000000010',
  '00000003-0000-0000-0000-000000000008',
  'mcq',
  'Identify swim move',
  '{"type": "mcq", "options": ["Rusher swims their arm over the blocker''s shoulder", "Swimming in water", "A coverage technique", "An illegal move"], "correct": 0}'::jsonb,
  3,
  'live',
  (SELECT id FROM users LIMIT 1),
  NOW(),
  NOW()
) ON CONFLICT (id) DO UPDATE SET
  type = EXCLUDED.type,
  base_prompt = EXCLUDED.base_prompt,
  answer_schema_json = EXCLUDED.answer_schema_json,
  difficulty = EXCLUDED.difficulty,
  status = EXCLUDED.status,
  updated_at = NOW();

INSERT INTO item_variants (id, item_id, version, prompt_richtext, options_json, correct_answer_json, explanation_richtext, active, created_at, updated_at)
VALUES (
  '00000003-0008-0010-0000-000000000001',
  '00000003-0008-0000-0000-000000000010',
  1,
  'What is a ''swim move''?',
  '["Rusher swims their arm over the blocker''s shoulder", "Swimming in water", "A coverage technique", "An illegal move"]',
  '{"index": 0}',
  'The swim move has the rusher use their arm in a swimming motion to go over the blocker''s shoulder and get past them.',
  true,
  NOW(),
  NOW()
) ON CONFLICT (id) DO UPDATE SET
  prompt_richtext = EXCLUDED.prompt_richtext,
  options_json = EXCLUDED.options_json,
  correct_answer_json = EXCLUDED.correct_answer_json,
  explanation_richtext = EXCLUDED.explanation_richtext,
  active = EXCLUDED.active,
  updated_at = NOW();

INSERT INTO items (id, lesson_id, type, base_prompt, answer_schema_json, difficulty, status, author_id, created_at, updated_at)
VALUES (
  '00000003-0008-0000-0000-000000000011',
  '00000003-0000-0000-0000-000000000008',
  'mcq',
  'Goal of stunt',
  '{"type": "mcq", "options": ["To confuse blocking assignments and free a rusher", "To look cool", "To switch positions permanently", "To stop the clock"], "correct": 0}'::jsonb,
  3,
  'live',
  (SELECT id FROM users LIMIT 1),
  NOW(),
  NOW()
) ON CONFLICT (id) DO UPDATE SET
  type = EXCLUDED.type,
  base_prompt = EXCLUDED.base_prompt,
  answer_schema_json = EXCLUDED.answer_schema_json,
  difficulty = EXCLUDED.difficulty,
  status = EXCLUDED.status,
  updated_at = NOW();

INSERT INTO item_variants (id, item_id, version, prompt_richtext, options_json, correct_answer_json, explanation_richtext, active, created_at, updated_at)
VALUES (
  '00000003-0008-0011-0000-000000000001',
  '00000003-0008-0000-0000-000000000011',
  1,
  'What is the goal of a defensive line stunt?',
  '["To confuse blocking assignments and free a rusher", "To look cool", "To switch positions permanently", "To stop the clock"]',
  '{"index": 0}',
  'Stunts force offensive linemen to pass off defenders. If they miscommunicate or are too slow, a defender comes free.',
  true,
  NOW(),
  NOW()
) ON CONFLICT (id) DO UPDATE SET
  prompt_richtext = EXCLUDED.prompt_richtext,
  options_json = EXCLUDED.options_json,
  correct_answer_json = EXCLUDED.correct_answer_json,
  explanation_richtext = EXCLUDED.explanation_richtext,
  active = EXCLUDED.active,
  updated_at = NOW();

INSERT INTO items (id, lesson_id, type, base_prompt, answer_schema_json, difficulty, status, author_id, created_at, updated_at)
VALUES (
  '00000003-0008-0000-0000-000000000012',
  '00000003-0000-0000-0000-000000000008',
  'mcq',
  'Goal of T-E stunt',
  '{"type": "mcq", "options": ["Isolate the tackle on the looping defensive tackle", "Block the tight end", "Stop the run", "Intercept a pass"], "correct": 0}'::jsonb,
  4,
  'live',
  (SELECT id FROM users LIMIT 1),
  NOW(),
  NOW()
) ON CONFLICT (id) DO UPDATE SET
  type = EXCLUDED.type,
  base_prompt = EXCLUDED.base_prompt,
  answer_schema_json = EXCLUDED.answer_schema_json,
  difficulty = EXCLUDED.difficulty,
  status = EXCLUDED.status,
  updated_at = NOW();

INSERT INTO item_variants (id, item_id, version, prompt_richtext, options_json, correct_answer_json, explanation_richtext, active, created_at, updated_at)
VALUES (
  '00000003-0008-0012-0000-000000000001',
  '00000003-0008-0000-0000-000000000012',
  1,
  'What does a T-E stunt try to achieve?',
  '["Isolate the tackle on the looping defensive tackle", "Block the tight end", "Stop the run", "Intercept a pass"]',
  '{"index": 0}',
  'The end crashing inside occupies the guard, leaving the offensive tackle to deal with the looping defensive tackle in space.',
  true,
  NOW(),
  NOW()
) ON CONFLICT (id) DO UPDATE SET
  prompt_richtext = EXCLUDED.prompt_richtext,
  options_json = EXCLUDED.options_json,
  correct_answer_json = EXCLUDED.correct_answer_json,
  explanation_richtext = EXCLUDED.explanation_richtext,
  active = EXCLUDED.active,
  updated_at = NOW();

INSERT INTO items (id, lesson_id, type, base_prompt, answer_schema_json, difficulty, status, author_id, created_at, updated_at)
VALUES (
  '00000003-0008-0000-0000-000000000013',
  '00000003-0000-0000-0000-000000000008',
  'mcq',
  'Why penetration',
  '{"type": "mcq", "options": ["It forces the RB to change path or the QB to move", "It''s a penalty", "It helps the offense", "It stops the clock"], "correct": 0}'::jsonb,
  3,
  'live',
  (SELECT id FROM users LIMIT 1),
  NOW(),
  NOW()
) ON CONFLICT (id) DO UPDATE SET
  type = EXCLUDED.type,
  base_prompt = EXCLUDED.base_prompt,
  answer_schema_json = EXCLUDED.answer_schema_json,
  difficulty = EXCLUDED.difficulty,
  status = EXCLUDED.status,
  updated_at = NOW();

INSERT INTO item_variants (id, item_id, version, prompt_richtext, options_json, correct_answer_json, explanation_richtext, active, created_at, updated_at)
VALUES (
  '00000003-0008-0013-0000-000000000001',
  '00000003-0008-0000-0000-000000000013',
  1,
  'Why is defensive line penetration disruptive?',
  '["It forces the RB to change path or the QB to move", "It''s a penalty", "It helps the offense", "It stops the clock"]',
  '{"index": 0}',
  'Penetration destroys the timing of plays. A RB has to cut back early, or a QB can''t step into a throw.',
  true,
  NOW(),
  NOW()
) ON CONFLICT (id) DO UPDATE SET
  prompt_richtext = EXCLUDED.prompt_richtext,
  options_json = EXCLUDED.options_json,
  correct_answer_json = EXCLUDED.correct_answer_json,
  explanation_richtext = EXCLUDED.explanation_richtext,
  active = EXCLUDED.active,
  updated_at = NOW();

INSERT INTO items (id, lesson_id, type, base_prompt, answer_schema_json, difficulty, status, author_id, created_at, updated_at)
VALUES (
  '00000003-0008-0000-0000-000000000014',
  '00000003-0000-0000-0000-000000000008',
  'mcq',
  'Two-gap responsibility',
  '{"type": "mcq", "options": ["Read the blocker and shed them to the ball side", "Just rush upfield", "Guess a gap", "Drop into coverage"], "correct": 0}'::jsonb,
  4,
  'live',
  (SELECT id FROM users LIMIT 1),
  NOW(),
  NOW()
) ON CONFLICT (id) DO UPDATE SET
  type = EXCLUDED.type,
  base_prompt = EXCLUDED.base_prompt,
  answer_schema_json = EXCLUDED.answer_schema_json,
  difficulty = EXCLUDED.difficulty,
  status = EXCLUDED.status,
  updated_at = NOW();

INSERT INTO item_variants (id, item_id, version, prompt_richtext, options_json, correct_answer_json, explanation_richtext, active, created_at, updated_at)
VALUES (
  '00000003-0008-0014-0000-000000000001',
  '00000003-0008-0000-0000-000000000014',
  1,
  'What is the primary responsibility in two-gap technique?',
  '["Read the blocker and shed them to the ball side", "Just rush upfield", "Guess a gap", "Drop into coverage"]',
  '{"index": 0}',
  'The defender must control the blocker first, read where the ball is going, and then shed the block to fill the correct gap.',
  true,
  NOW(),
  NOW()
) ON CONFLICT (id) DO UPDATE SET
  prompt_richtext = EXCLUDED.prompt_richtext,
  options_json = EXCLUDED.options_json,
  correct_answer_json = EXCLUDED.correct_answer_json,
  explanation_richtext = EXCLUDED.explanation_richtext,
  active = EXCLUDED.active,
  updated_at = NOW();

INSERT INTO items (id, lesson_id, type, base_prompt, answer_schema_json, difficulty, status, author_id, created_at, updated_at)
VALUES (
  '00000003-0008-0000-0000-000000000015',
  '00000003-0000-0000-0000-000000000008',
  'mcq',
  'One-gap vs Two-gap',
  '{"type": "mcq", "options": ["One-gap is aggressive/penetrating; Two-gap is reading/reacting", "One-gap is slower", "Two-gap is for linebackers", "There is no difference"], "correct": 0}'::jsonb,
  3,
  'live',
  (SELECT id FROM users LIMIT 1),
  NOW(),
  NOW()
) ON CONFLICT (id) DO UPDATE SET
  type = EXCLUDED.type,
  base_prompt = EXCLUDED.base_prompt,
  answer_schema_json = EXCLUDED.answer_schema_json,
  difficulty = EXCLUDED.difficulty,
  status = EXCLUDED.status,
  updated_at = NOW();

INSERT INTO item_variants (id, item_id, version, prompt_richtext, options_json, correct_answer_json, explanation_richtext, active, created_at, updated_at)
VALUES (
  '00000003-0008-0015-0000-000000000001',
  '00000003-0008-0000-0000-000000000015',
  1,
  'How does one-gap technique differ from two-gap?',
  '["One-gap is aggressive/penetrating; Two-gap is reading/reacting", "One-gap is slower", "Two-gap is for linebackers", "There is no difference"]',
  '{"index": 0}',
  'One-gap is about shooting a gap and getting upfield fast. Two-gap is about controlling a blocker and waiting to see the play develop.',
  true,
  NOW(),
  NOW()
) ON CONFLICT (id) DO UPDATE SET
  prompt_richtext = EXCLUDED.prompt_richtext,
  options_json = EXCLUDED.options_json,
  correct_answer_json = EXCLUDED.correct_answer_json,
  explanation_richtext = EXCLUDED.explanation_richtext,
  active = EXCLUDED.active,
  updated_at = NOW();

INSERT INTO items (id, lesson_id, type, base_prompt, answer_schema_json, difficulty, status, author_id, created_at, updated_at)
VALUES (
  '00000003-0008-0000-0000-000000000016',
  '00000003-0000-0000-0000-000000000008',
  'mcq',
  'Why contain',
  '{"type": "mcq", "options": ["To force the ball carrier back inside to help", "To get a sack", "To look good", "To avoid blocking"], "correct": 0}'::jsonb,
  3,
  'live',
  (SELECT id FROM users LIMIT 1),
  NOW(),
  NOW()
) ON CONFLICT (id) DO UPDATE SET
  type = EXCLUDED.type,
  base_prompt = EXCLUDED.base_prompt,
  answer_schema_json = EXCLUDED.answer_schema_json,
  difficulty = EXCLUDED.difficulty,
  status = EXCLUDED.status,
  updated_at = NOW();

INSERT INTO item_variants (id, item_id, version, prompt_richtext, options_json, correct_answer_json, explanation_richtext, active, created_at, updated_at)
VALUES (
  '00000003-0008-0016-0000-000000000001',
  '00000003-0008-0000-0000-000000000016',
  1,
  'Why is ''containing'' the edge critical?',
  '["To force the ball carrier back inside to help", "To get a sack", "To look good", "To avoid blocking"]',
  '{"index": 0}',
  'If the edge is lost, the runner has open field to the sideline. Contain forces them back into the middle where the other defenders are.',
  true,
  NOW(),
  NOW()
) ON CONFLICT (id) DO UPDATE SET
  prompt_richtext = EXCLUDED.prompt_richtext,
  options_json = EXCLUDED.options_json,
  correct_answer_json = EXCLUDED.correct_answer_json,
  explanation_richtext = EXCLUDED.explanation_richtext,
  active = EXCLUDED.active,
  updated_at = NOW();

INSERT INTO items (id, lesson_id, type, base_prompt, answer_schema_json, difficulty, status, author_id, created_at, updated_at)
VALUES (
  '00000003-0008-0000-0000-000000000017',
  '00000003-0000-0000-0000-000000000008',
  'mcq',
  'When to speed rush',
  '{"type": "mcq", "options": ["Against a slow or heavy-footed tackle", "Against a fast tackle", "On a run play", "On the goal line"], "correct": 0}'::jsonb,
  2,
  'live',
  (SELECT id FROM users LIMIT 1),
  NOW(),
  NOW()
) ON CONFLICT (id) DO UPDATE SET
  type = EXCLUDED.type,
  base_prompt = EXCLUDED.base_prompt,
  answer_schema_json = EXCLUDED.answer_schema_json,
  difficulty = EXCLUDED.difficulty,
  status = EXCLUDED.status,
  updated_at = NOW();

INSERT INTO item_variants (id, item_id, version, prompt_richtext, options_json, correct_answer_json, explanation_richtext, active, created_at, updated_at)
VALUES (
  '00000003-0008-0017-0000-000000000001',
  '00000003-0008-0000-0000-000000000017',
  1,
  'When is a speed rush most effective?',
  '["Against a slow or heavy-footed tackle", "Against a fast tackle", "On a run play", "On the goal line"]',
  '{"index": 0}',
  'If the offensive tackle has slow feet, they can''t kick slide fast enough to stop a speed rusher from turning the corner.',
  true,
  NOW(),
  NOW()
) ON CONFLICT (id) DO UPDATE SET
  prompt_richtext = EXCLUDED.prompt_richtext,
  options_json = EXCLUDED.options_json,
  correct_answer_json = EXCLUDED.correct_answer_json,
  explanation_richtext = EXCLUDED.explanation_richtext,
  active = EXCLUDED.active,
  updated_at = NOW();

-- Module 3, Lesson 9: Linebacker Responsibilities
INSERT INTO lessons (id, module_id, title, description, order_index, est_minutes, xp_award, created_at, updated_at)
VALUES (
  '00000003-0000-0000-0000-000000000009',
  '00000000-0000-0000-0000-000000000003',
  'Linebacker Responsibilities',
  'Learn what linebackers do in different situations',
  9,
  5,
  100,
  NOW(),
  NOW()
) ON CONFLICT (id) DO UPDATE SET
  title = EXCLUDED.title,
  description = EXCLUDED.description,
  order_index = EXCLUDED.order_index,
  est_minutes = EXCLUDED.est_minutes,
  xp_award = EXCLUDED.xp_award,
  updated_at = NOW();

INSERT INTO items (id, lesson_id, type, base_prompt, answer_schema_json, difficulty, status, author_id, created_at, updated_at)
VALUES (
  '00000003-0009-0000-0000-000000000001',
  '00000003-0000-0000-0000-000000000009',
  'mcq',
  'Understand MLB role',
  '{"type": "mcq", "options": ["Stop inside runs and cover the middle", "Rush the QB", "Cover deep passes", "Block offensive linemen"], "correct": 0}'::jsonb,
  2,
  'live',
  (SELECT id FROM users LIMIT 1),
  NOW(),
  NOW()
) ON CONFLICT (id) DO UPDATE SET
  type = EXCLUDED.type,
  base_prompt = EXCLUDED.base_prompt,
  answer_schema_json = EXCLUDED.answer_schema_json,
  difficulty = EXCLUDED.difficulty,
  status = EXCLUDED.status,
  updated_at = NOW();

INSERT INTO item_variants (id, item_id, version, prompt_richtext, options_json, correct_answer_json, explanation_richtext, active, created_at, updated_at)
VALUES (
  '00000003-0009-0001-0000-000000000001',
  '00000003-0009-0000-0000-000000000001',
  1,
  'What is the middle linebacker''s primary role?',
  '["Stop inside runs and cover the middle", "Rush the QB", "Cover deep passes", "Block offensive linemen"]',
  '{"index": 0}',
  'The middle linebacker (MLB) is the defensive quarterback. They stop inside runs, cover tight ends and running backs, and make defensive calls.',
  true,
  NOW(),
  NOW()
) ON CONFLICT (id) DO UPDATE SET
  prompt_richtext = EXCLUDED.prompt_richtext,
  options_json = EXCLUDED.options_json,
  correct_answer_json = EXCLUDED.correct_answer_json,
  explanation_richtext = EXCLUDED.explanation_richtext,
  active = EXCLUDED.active,
  updated_at = NOW();

INSERT INTO items (id, lesson_id, type, base_prompt, answer_schema_json, difficulty, status, author_id, created_at, updated_at)
VALUES (
  '00000003-0009-0000-0000-000000000002',
  '00000003-0000-0000-0000-000000000009',
  'mcq',
  'Identify run fit',
  '{"type": "mcq", "options": ["Their assigned gap to fill on running plays", "How well they fit in their uniform", "Their coverage assignment", "Their blitz assignment"], "correct": 0}'::jsonb,
  3,
  'live',
  (SELECT id FROM users LIMIT 1),
  NOW(),
  NOW()
) ON CONFLICT (id) DO UPDATE SET
  type = EXCLUDED.type,
  base_prompt = EXCLUDED.base_prompt,
  answer_schema_json = EXCLUDED.answer_schema_json,
  difficulty = EXCLUDED.difficulty,
  status = EXCLUDED.status,
  updated_at = NOW();

INSERT INTO item_variants (id, item_id, version, prompt_richtext, options_json, correct_answer_json, explanation_richtext, active, created_at, updated_at)
VALUES (
  '00000003-0009-0002-0000-000000000001',
  '00000003-0009-0000-0000-000000000002',
  1,
  'What is a linebacker''s ''run fit''?',
  '["Their assigned gap to fill on running plays", "How well they fit in their uniform", "Their coverage assignment", "Their blitz assignment"]',
  '{"index": 0}',
  'Run fit is the specific gap a linebacker is responsible for filling on run plays. Each defender has a gap to ensure all running lanes are covered.',
  true,
  NOW(),
  NOW()
) ON CONFLICT (id) DO UPDATE SET
  prompt_richtext = EXCLUDED.prompt_richtext,
  options_json = EXCLUDED.options_json,
  correct_answer_json = EXCLUDED.correct_answer_json,
  explanation_richtext = EXCLUDED.explanation_richtext,
  active = EXCLUDED.active,
  updated_at = NOW();

INSERT INTO items (id, lesson_id, type, base_prompt, answer_schema_json, difficulty, status, author_id, created_at, updated_at)
VALUES (
  '00000003-0009-0000-0000-000000000003',
  '00000003-0000-0000-0000-000000000009',
  'mcq',
  'Understand scrape',
  '{"type": "mcq", "options": ["Flowing laterally behind the line to fill a gap", "Getting injured", "A coverage technique", "A blitz"], "correct": 0}'::jsonb,
  4,
  'live',
  (SELECT id FROM users LIMIT 1),
  NOW(),
  NOW()
) ON CONFLICT (id) DO UPDATE SET
  type = EXCLUDED.type,
  base_prompt = EXCLUDED.base_prompt,
  answer_schema_json = EXCLUDED.answer_schema_json,
  difficulty = EXCLUDED.difficulty,
  status = EXCLUDED.status,
  updated_at = NOW();

INSERT INTO item_variants (id, item_id, version, prompt_richtext, options_json, correct_answer_json, explanation_richtext, active, created_at, updated_at)
VALUES (
  '00000003-0009-0003-0000-000000000001',
  '00000003-0009-0000-0000-000000000003',
  1,
  'What is a ''scrape'' by a linebacker?',
  '["Flowing laterally behind the line to fill a gap", "Getting injured", "A coverage technique", "A blitz"]',
  '{"index": 0}',
  'Scraping is when a linebacker flows laterally (parallel to the line) to fill a gap. It''s used against outside runs and when linemen pull.',
  true,
  NOW(),
  NOW()
) ON CONFLICT (id) DO UPDATE SET
  prompt_richtext = EXCLUDED.prompt_richtext,
  options_json = EXCLUDED.options_json,
  correct_answer_json = EXCLUDED.correct_answer_json,
  explanation_richtext = EXCLUDED.explanation_richtext,
  active = EXCLUDED.active,
  updated_at = NOW();

INSERT INTO items (id, lesson_id, type, base_prompt, answer_schema_json, difficulty, status, author_id, created_at, updated_at)
VALUES (
  '00000003-0009-0000-0000-000000000004',
  '00000003-0000-0000-0000-000000000009',
  'mcq',
  'Identify hook zone',
  '{"type": "mcq", "options": ["Intermediate middle area, 10-15 yards deep", "Deep middle", "The flat", "Behind the line"], "correct": 0}'::jsonb,
  3,
  'live',
  (SELECT id FROM users LIMIT 1),
  NOW(),
  NOW()
) ON CONFLICT (id) DO UPDATE SET
  type = EXCLUDED.type,
  base_prompt = EXCLUDED.base_prompt,
  answer_schema_json = EXCLUDED.answer_schema_json,
  difficulty = EXCLUDED.difficulty,
  status = EXCLUDED.status,
  updated_at = NOW();

INSERT INTO item_variants (id, item_id, version, prompt_richtext, options_json, correct_answer_json, explanation_richtext, active, created_at, updated_at)
VALUES (
  '00000003-0009-0004-0000-000000000001',
  '00000003-0009-0000-0000-000000000004',
  1,
  'What is the ''hook zone'' in coverage?',
  '["Intermediate middle area, 10-15 yards deep", "Deep middle", "The flat", "Behind the line"]',
  '{"index": 0}',
  'The hook zone (or hook/curl zone) is the intermediate middle area 10-15 yards deep. Linebackers typically drop here to defend curl and hook routes.',
  true,
  NOW(),
  NOW()
) ON CONFLICT (id) DO UPDATE SET
  prompt_richtext = EXCLUDED.prompt_richtext,
  options_json = EXCLUDED.options_json,
  correct_answer_json = EXCLUDED.correct_answer_json,
  explanation_richtext = EXCLUDED.explanation_richtext,
  active = EXCLUDED.active,
  updated_at = NOW();

INSERT INTO items (id, lesson_id, type, base_prompt, answer_schema_json, difficulty, status, author_id, created_at, updated_at)
VALUES (
  '00000003-0009-0000-0000-000000000005',
  '00000003-0000-0000-0000-000000000009',
  'mcq',
  'Understand curl/flat defender',
  '{"type": "mcq", "options": ["Defender reads #2 receiver to determine coverage", "Covering curls only", "Covering flats only", "A blitzer"], "correct": 0}'::jsonb,
  4,
  'live',
  (SELECT id FROM users LIMIT 1),
  NOW(),
  NOW()
) ON CONFLICT (id) DO UPDATE SET
  type = EXCLUDED.type,
  base_prompt = EXCLUDED.base_prompt,
  answer_schema_json = EXCLUDED.answer_schema_json,
  difficulty = EXCLUDED.difficulty,
  status = EXCLUDED.status,
  updated_at = NOW();

INSERT INTO item_variants (id, item_id, version, prompt_richtext, options_json, correct_answer_json, explanation_richtext, active, created_at, updated_at)
VALUES (
  '00000003-0009-0005-0000-000000000001',
  '00000003-0009-0000-0000-000000000005',
  1,
  'What is a ''curl/flat'' defender?',
  '["Defender reads #2 receiver to determine coverage", "Covering curls only", "Covering flats only", "A blitzer"]',
  '{"index": 0}',
  'A curl/flat defender (usually a LB) reads the #2 receiver. If #2 goes vertical, they cover the flat. If #2 stays short, they cover the curl zone.',
  true,
  NOW(),
  NOW()
) ON CONFLICT (id) DO UPDATE SET
  prompt_richtext = EXCLUDED.prompt_richtext,
  options_json = EXCLUDED.options_json,
  correct_answer_json = EXCLUDED.correct_answer_json,
  explanation_richtext = EXCLUDED.explanation_richtext,
  active = EXCLUDED.active,
  updated_at = NOW();

INSERT INTO items (id, lesson_id, type, base_prompt, answer_schema_json, difficulty, status, author_id, created_at, updated_at)
VALUES (
  '00000003-0009-0000-0000-000000000006',
  '00000003-0000-0000-0000-000000000009',
  'mcq',
  'Identify Mike linebacker',
  '{"type": "mcq", "options": ["The middle linebacker or the one the offense identifies", "A linebacker named Mike", "The best linebacker", "The weakest linebacker"], "correct": 0}'::jsonb,
  2,
  'live',
  (SELECT id FROM users LIMIT 1),
  NOW(),
  NOW()
) ON CONFLICT (id) DO UPDATE SET
  type = EXCLUDED.type,
  base_prompt = EXCLUDED.base_prompt,
  answer_schema_json = EXCLUDED.answer_schema_json,
  difficulty = EXCLUDED.difficulty,
  status = EXCLUDED.status,
  updated_at = NOW();

INSERT INTO item_variants (id, item_id, version, prompt_richtext, options_json, correct_answer_json, explanation_richtext, active, created_at, updated_at)
VALUES (
  '00000003-0009-0006-0000-000000000001',
  '00000003-0009-0000-0000-000000000006',
  1,
  'What is the ''Mike'' linebacker?',
  '["The middle linebacker or the one the offense identifies", "A linebacker named Mike", "The best linebacker", "The weakest linebacker"]',
  '{"index": 0}',
  'The ''Mike'' is typically the middle linebacker, but the offense identifies who they consider the Mike for protection purposes. It''s a key pre-snap read.',
  true,
  NOW(),
  NOW()
) ON CONFLICT (id) DO UPDATE SET
  prompt_richtext = EXCLUDED.prompt_richtext,
  options_json = EXCLUDED.options_json,
  correct_answer_json = EXCLUDED.correct_answer_json,
  explanation_richtext = EXCLUDED.explanation_richtext,
  active = EXCLUDED.active,
  updated_at = NOW();

INSERT INTO items (id, lesson_id, type, base_prompt, answer_schema_json, difficulty, status, author_id, created_at, updated_at)
VALUES (
  '00000003-0009-0000-0000-000000000007',
  '00000003-0000-0000-0000-000000000009',
  'mcq',
  'Identify Sam linebacker',
  '{"type": "mcq", "options": ["Strong-side outside linebacker", "Middle linebacker", "Weak-side linebacker", "A linebacker named Sam"], "correct": 0}'::jsonb,
  3,
  'live',
  (SELECT id FROM users LIMIT 1),
  NOW(),
  NOW()
) ON CONFLICT (id) DO UPDATE SET
  type = EXCLUDED.type,
  base_prompt = EXCLUDED.base_prompt,
  answer_schema_json = EXCLUDED.answer_schema_json,
  difficulty = EXCLUDED.difficulty,
  status = EXCLUDED.status,
  updated_at = NOW();

INSERT INTO item_variants (id, item_id, version, prompt_richtext, options_json, correct_answer_json, explanation_richtext, active, created_at, updated_at)
VALUES (
  '00000003-0009-0007-0000-000000000001',
  '00000003-0009-0000-0000-000000000007',
  1,
  'What is the ''Sam'' linebacker?',
  '["Strong-side outside linebacker", "Middle linebacker", "Weak-side linebacker", "A linebacker named Sam"]',
  '{"index": 0}',
  'The Sam linebacker is the strong-side outside linebacker (usually to the tight end side). They often have to cover tight ends and set the edge on runs.',
  true,
  NOW(),
  NOW()
) ON CONFLICT (id) DO UPDATE SET
  prompt_richtext = EXCLUDED.prompt_richtext,
  options_json = EXCLUDED.options_json,
  correct_answer_json = EXCLUDED.correct_answer_json,
  explanation_richtext = EXCLUDED.explanation_richtext,
  active = EXCLUDED.active,
  updated_at = NOW();

INSERT INTO items (id, lesson_id, type, base_prompt, answer_schema_json, difficulty, status, author_id, created_at, updated_at)
VALUES (
  '00000003-0009-0000-0000-000000000008',
  '00000003-0000-0000-0000-000000000009',
  'mcq',
  'Identify Will linebacker',
  '{"type": "mcq", "options": ["Weak-side outside linebacker", "Middle linebacker", "Strong-side linebacker", "A linebacker named Will"], "correct": 0}'::jsonb,
  3,
  'live',
  (SELECT id FROM users LIMIT 1),
  NOW(),
  NOW()
) ON CONFLICT (id) DO UPDATE SET
  type = EXCLUDED.type,
  base_prompt = EXCLUDED.base_prompt,
  answer_schema_json = EXCLUDED.answer_schema_json,
  difficulty = EXCLUDED.difficulty,
  status = EXCLUDED.status,
  updated_at = NOW();

INSERT INTO item_variants (id, item_id, version, prompt_richtext, options_json, correct_answer_json, explanation_richtext, active, created_at, updated_at)
VALUES (
  '00000003-0009-0008-0000-000000000001',
  '00000003-0009-0000-0000-000000000008',
  1,
  'What is the ''Will'' linebacker?',
  '["Weak-side outside linebacker", "Middle linebacker", "Strong-side linebacker", "A linebacker named Will"]',
  '{"index": 0}',
  'The Will linebacker is the weak-side outside linebacker (away from the tight end). They''re often the fastest LB and good in coverage.',
  true,
  NOW(),
  NOW()
) ON CONFLICT (id) DO UPDATE SET
  prompt_richtext = EXCLUDED.prompt_richtext,
  options_json = EXCLUDED.options_json,
  correct_answer_json = EXCLUDED.correct_answer_json,
  explanation_richtext = EXCLUDED.explanation_richtext,
  active = EXCLUDED.active,
  updated_at = NOW();

INSERT INTO items (id, lesson_id, type, base_prompt, answer_schema_json, difficulty, status, author_id, created_at, updated_at)
VALUES (
  '00000003-0009-0000-0000-000000000009',
  '00000003-0000-0000-0000-000000000009',
  'mcq',
  'Understand spy',
  '{"type": "mcq", "options": ["Shadow the QB to prevent scrambles", "Cover a specific receiver", "Blitz on every play", "Play deep safety"], "correct": 0}'::jsonb,
  3,
  'live',
  (SELECT id FROM users LIMIT 1),
  NOW(),
  NOW()
) ON CONFLICT (id) DO UPDATE SET
  type = EXCLUDED.type,
  base_prompt = EXCLUDED.base_prompt,
  answer_schema_json = EXCLUDED.answer_schema_json,
  difficulty = EXCLUDED.difficulty,
  status = EXCLUDED.status,
  updated_at = NOW();

INSERT INTO item_variants (id, item_id, version, prompt_richtext, options_json, correct_answer_json, explanation_richtext, active, created_at, updated_at)
VALUES (
  '00000003-0009-0009-0000-000000000001',
  '00000003-0009-0000-0000-000000000009',
  1,
  'What is a ''spy'' assignment for a linebacker?',
  '["Shadow the QB to prevent scrambles", "Cover a specific receiver", "Blitz on every play", "Play deep safety"]',
  '{"index": 0}',
  'A spy assignment has a linebacker (or sometimes a safety) shadow the QB to prevent scrambles. They don''t rush but stay ready to tackle if the QB runs.',
  true,
  NOW(),
  NOW()
) ON CONFLICT (id) DO UPDATE SET
  prompt_richtext = EXCLUDED.prompt_richtext,
  options_json = EXCLUDED.options_json,
  correct_answer_json = EXCLUDED.correct_answer_json,
  explanation_richtext = EXCLUDED.explanation_richtext,
  active = EXCLUDED.active,
  updated_at = NOW();

INSERT INTO items (id, lesson_id, type, base_prompt, answer_schema_json, difficulty, status, author_id, created_at, updated_at)
VALUES (
  '00000003-0009-0000-0000-000000000010',
  '00000003-0000-0000-0000-000000000009',
  'mcq',
  'Identify stack alignment',
  '{"type": "mcq", "options": ["LB lines up directly behind a defensive lineman", "LBs stand on each other", "LBs all blitz", "LBs in coverage only"], "correct": 0}'::jsonb,
  3,
  'live',
  (SELECT id FROM users LIMIT 1),
  NOW(),
  NOW()
) ON CONFLICT (id) DO UPDATE SET
  type = EXCLUDED.type,
  base_prompt = EXCLUDED.base_prompt,
  answer_schema_json = EXCLUDED.answer_schema_json,
  difficulty = EXCLUDED.difficulty,
  status = EXCLUDED.status,
  updated_at = NOW();

INSERT INTO item_variants (id, item_id, version, prompt_richtext, options_json, correct_answer_json, explanation_richtext, active, created_at, updated_at)
VALUES (
  '00000003-0009-0010-0000-000000000001',
  '00000003-0009-0000-0000-000000000010',
  1,
  'What is a ''stack'' alignment for linebackers?',
  '["LB lines up directly behind a defensive lineman", "LBs stand on each other", "LBs all blitz", "LBs in coverage only"]',
  '{"index": 0}',
  'Stack alignment has the linebacker line up directly behind a defensive lineman.',
  true,
  NOW(),
  NOW()
) ON CONFLICT (id) DO UPDATE SET
  prompt_richtext = EXCLUDED.prompt_richtext,
  options_json = EXCLUDED.options_json,
  correct_answer_json = EXCLUDED.correct_answer_json,
  explanation_richtext = EXCLUDED.explanation_richtext,
  active = EXCLUDED.active,
  updated_at = NOW();

INSERT INTO items (id, lesson_id, type, base_prompt, answer_schema_json, difficulty, status, author_id, created_at, updated_at)
VALUES (
  '00000003-0009-0000-0000-000000000011',
  '00000003-0000-0000-0000-000000000009',
  'mcq',
  'Why MLB is QB',
  '{"type": "mcq", "options": ["They receive the play call and align the defense", "They throw the ball", "They are the most important", "They are the captain"], "correct": 0}'::jsonb,
  2,
  'live',
  (SELECT id FROM users LIMIT 1),
  NOW(),
  NOW()
) ON CONFLICT (id) DO UPDATE SET
  type = EXCLUDED.type,
  base_prompt = EXCLUDED.base_prompt,
  answer_schema_json = EXCLUDED.answer_schema_json,
  difficulty = EXCLUDED.difficulty,
  status = EXCLUDED.status,
  updated_at = NOW();

INSERT INTO item_variants (id, item_id, version, prompt_richtext, options_json, correct_answer_json, explanation_richtext, active, created_at, updated_at)
VALUES (
  '00000003-0009-0011-0000-000000000001',
  '00000003-0009-0000-0000-000000000011',
  1,
  'Why is the MLB known as the ''defensive quarterback''?',
  '["They receive the play call and align the defense", "They throw the ball", "They are the most important", "They are the captain"]',
  '{"index": 0}',
  'Like the QB on offense, the MLB communicates the play call, makes adjustments, and ensures everyone is in position.',
  true,
  NOW(),
  NOW()
) ON CONFLICT (id) DO UPDATE SET
  prompt_richtext = EXCLUDED.prompt_richtext,
  options_json = EXCLUDED.options_json,
  correct_answer_json = EXCLUDED.correct_answer_json,
  explanation_richtext = EXCLUDED.explanation_richtext,
  active = EXCLUDED.active,
  updated_at = NOW();

INSERT INTO items (id, lesson_id, type, base_prompt, answer_schema_json, difficulty, status, author_id, created_at, updated_at)
VALUES (
  '00000003-0009-0000-0000-000000000012',
  '00000003-0000-0000-0000-000000000009',
  'mcq',
  'Why run fits',
  '{"type": "mcq", "options": ["To prevent gaps in the defensive front", "To look uniform", "To tackle high", "To blitz"], "correct": 0}'::jsonb,
  3,
  'live',
  (SELECT id FROM users LIMIT 1),
  NOW(),
  NOW()
) ON CONFLICT (id) DO UPDATE SET
  type = EXCLUDED.type,
  base_prompt = EXCLUDED.base_prompt,
  answer_schema_json = EXCLUDED.answer_schema_json,
  difficulty = EXCLUDED.difficulty,
  status = EXCLUDED.status,
  updated_at = NOW();

INSERT INTO item_variants (id, item_id, version, prompt_richtext, options_json, correct_answer_json, explanation_richtext, active, created_at, updated_at)
VALUES (
  '00000003-0009-0012-0000-000000000001',
  '00000003-0009-0000-0000-000000000012',
  1,
  'Why is maintaining run fits important?',
  '["To prevent gaps in the defensive front", "To look uniform", "To tackle high", "To blitz"]',
  '{"index": 0}',
  'If one player abandons their gap (fit), it creates a hole in the defense that a running back can exploit for a big gain.',
  true,
  NOW(),
  NOW()
) ON CONFLICT (id) DO UPDATE SET
  prompt_richtext = EXCLUDED.prompt_richtext,
  options_json = EXCLUDED.options_json,
  correct_answer_json = EXCLUDED.correct_answer_json,
  explanation_richtext = EXCLUDED.explanation_richtext,
  active = EXCLUDED.active,
  updated_at = NOW();

INSERT INTO items (id, lesson_id, type, base_prompt, answer_schema_json, difficulty, status, author_id, created_at, updated_at)
VALUES (
  '00000003-0009-0000-0000-000000000013',
  '00000003-0000-0000-0000-000000000009',
  'mcq',
  'When to scrape',
  '{"type": "mcq", "options": ["When the play flows outside or a lineman pulls", "On every play", "When blitzing", "When tired"], "correct": 0}'::jsonb,
  4,
  'live',
  (SELECT id FROM users LIMIT 1),
  NOW(),
  NOW()
) ON CONFLICT (id) DO UPDATE SET
  type = EXCLUDED.type,
  base_prompt = EXCLUDED.base_prompt,
  answer_schema_json = EXCLUDED.answer_schema_json,
  difficulty = EXCLUDED.difficulty,
  status = EXCLUDED.status,
  updated_at = NOW();

INSERT INTO item_variants (id, item_id, version, prompt_richtext, options_json, correct_answer_json, explanation_richtext, active, created_at, updated_at)
VALUES (
  '00000003-0009-0013-0000-000000000001',
  '00000003-0009-0000-0000-000000000013',
  1,
  'When should a linebacker ''scrape''?',
  '["When the play flows outside or a lineman pulls", "On every play", "When blitzing", "When tired"]',
  '{"index": 0}',
  'Scraping allows the LB to get over the top of traffic to meet the ball carrier on the outside.',
  true,
  NOW(),
  NOW()
) ON CONFLICT (id) DO UPDATE SET
  prompt_richtext = EXCLUDED.prompt_richtext,
  options_json = EXCLUDED.options_json,
  correct_answer_json = EXCLUDED.correct_answer_json,
  explanation_richtext = EXCLUDED.explanation_richtext,
  active = EXCLUDED.active,
  updated_at = NOW();

INSERT INTO items (id, lesson_id, type, base_prompt, answer_schema_json, difficulty, status, author_id, created_at, updated_at)
VALUES (
  '00000003-0009-0000-0000-000000000014',
  '00000003-0000-0000-0000-000000000009',
  'mcq',
  'Advantage of stack',
  '{"type": "mcq", "options": ["It protects the LB from blockers", "It looks intimidating", "It''s required", "It helps the lineman"], "correct": 0}'::jsonb,
  3,
  'live',
  (SELECT id FROM users LIMIT 1),
  NOW(),
  NOW()
) ON CONFLICT (id) DO UPDATE SET
  type = EXCLUDED.type,
  base_prompt = EXCLUDED.base_prompt,
  answer_schema_json = EXCLUDED.answer_schema_json,
  difficulty = EXCLUDED.difficulty,
  status = EXCLUDED.status,
  updated_at = NOW();

INSERT INTO item_variants (id, item_id, version, prompt_richtext, options_json, correct_answer_json, explanation_richtext, active, created_at, updated_at)
VALUES (
  '00000003-0009-0014-0000-000000000001',
  '00000003-0009-0000-0000-000000000014',
  1,
  'What is the advantage of stacking linebackers?',
  '["It protects the LB from blockers", "It looks intimidating", "It''s required", "It helps the lineman"]',
  '{"index": 0}',
  'The lineman in front occupies the blocker, keeping the linebacker ''clean'' (unblocked) to flow to the ball and make the tackle.',
  true,
  NOW(),
  NOW()
) ON CONFLICT (id) DO UPDATE SET
  prompt_richtext = EXCLUDED.prompt_richtext,
  options_json = EXCLUDED.options_json,
  correct_answer_json = EXCLUDED.correct_answer_json,
  explanation_richtext = EXCLUDED.explanation_richtext,
  active = EXCLUDED.active,
  updated_at = NOW();

-- Module 3, Lesson 10: Secondary Coverage
INSERT INTO lessons (id, module_id, title, description, order_index, est_minutes, xp_award, created_at, updated_at)
VALUES (
  '00000003-0000-0000-0000-000000000010',
  '00000000-0000-0000-0000-000000000003',
  'Secondary Coverage',
  'Learn defensive back techniques and responsibilities',
  10,
  5,
  100,
  NOW(),
  NOW()
) ON CONFLICT (id) DO UPDATE SET
  title = EXCLUDED.title,
  description = EXCLUDED.description,
  order_index = EXCLUDED.order_index,
  est_minutes = EXCLUDED.est_minutes,
  xp_award = EXCLUDED.xp_award,
  updated_at = NOW();

INSERT INTO items (id, lesson_id, type, base_prompt, answer_schema_json, difficulty, status, author_id, created_at, updated_at)
VALUES (
  '00000003-0010-0000-0000-000000000001',
  '00000003-0000-0000-0000-000000000010',
  'mcq',
  'Identify press coverage',
  '{"type": "mcq", "options": ["DB lines up close and jams receiver at the line", "DB plays 10 yards off", "DB blitzes", "DB plays deep safety"], "correct": 0}'::jsonb,
  3,
  'live',
  (SELECT id FROM users LIMIT 1),
  NOW(),
  NOW()
) ON CONFLICT (id) DO UPDATE SET
  type = EXCLUDED.type,
  base_prompt = EXCLUDED.base_prompt,
  answer_schema_json = EXCLUDED.answer_schema_json,
  difficulty = EXCLUDED.difficulty,
  status = EXCLUDED.status,
  updated_at = NOW();

INSERT INTO item_variants (id, item_id, version, prompt_richtext, options_json, correct_answer_json, explanation_richtext, active, created_at, updated_at)
VALUES (
  '00000003-0010-0001-0000-000000000001',
  '00000003-0010-0000-0000-000000000001',
  1,
  'What is press coverage?',
  '["DB lines up close and jams receiver at the line", "DB plays 10 yards off", "DB blitzes", "DB plays deep safety"]',
  '{"index": 0}',
  'Press coverage has the defensive back line up within 5 yards and physically jam the receiver at the line to disrupt their route. It''s aggressive man coverage.',
  true,
  NOW(),
  NOW()
) ON CONFLICT (id) DO UPDATE SET
  prompt_richtext = EXCLUDED.prompt_richtext,
  options_json = EXCLUDED.options_json,
  correct_answer_json = EXCLUDED.correct_answer_json,
  explanation_richtext = EXCLUDED.explanation_richtext,
  active = EXCLUDED.active,
  updated_at = NOW();

INSERT INTO items (id, lesson_id, type, base_prompt, answer_schema_json, difficulty, status, author_id, created_at, updated_at)
VALUES (
  '00000003-0010-0000-0000-000000000002',
  '00000003-0000-0000-0000-000000000010',
  'mcq',
  'Identify off coverage',
  '{"type": "mcq", "options": ["DB gives 5-10 yard cushion to the receiver", "DB is off the field", "DB blitzes", "DB plays press"], "correct": 0}'::jsonb,
  2,
  'live',
  (SELECT id FROM users LIMIT 1),
  NOW(),
  NOW()
) ON CONFLICT (id) DO UPDATE SET
  type = EXCLUDED.type,
  base_prompt = EXCLUDED.base_prompt,
  answer_schema_json = EXCLUDED.answer_schema_json,
  difficulty = EXCLUDED.difficulty,
  status = EXCLUDED.status,
  updated_at = NOW();

INSERT INTO item_variants (id, item_id, version, prompt_richtext, options_json, correct_answer_json, explanation_richtext, active, created_at, updated_at)
VALUES (
  '00000003-0010-0002-0000-000000000001',
  '00000003-0010-0000-0000-000000000002',
  1,
  'What is off coverage?',
  '["DB gives 5-10 yard cushion to the receiver", "DB is off the field", "DB blitzes", "DB plays press"]',
  '{"index": 0}',
  'Off coverage has the DB give a cushion (5-10 yards) to the receiver. This prevents getting beat deep but allows short completions underneath.',
  true,
  NOW(),
  NOW()
) ON CONFLICT (id) DO UPDATE SET
  prompt_richtext = EXCLUDED.prompt_richtext,
  options_json = EXCLUDED.options_json,
  correct_answer_json = EXCLUDED.correct_answer_json,
  explanation_richtext = EXCLUDED.explanation_richtext,
  active = EXCLUDED.active,
  updated_at = NOW();

INSERT INTO items (id, lesson_id, type, base_prompt, answer_schema_json, difficulty, status, author_id, created_at, updated_at)
VALUES (
  '00000003-0010-0000-0000-000000000003',
  '00000003-0000-0000-0000-000000000010',
  'mcq',
  'Understand bail technique',
  '{"type": "mcq", "options": ["DB turns and runs with receiver at the snap", "DB gives up on the play", "DB blitzes", "DB plays press"], "correct": 0}'::jsonb,
  4,
  'live',
  (SELECT id FROM users LIMIT 1),
  NOW(),
  NOW()
) ON CONFLICT (id) DO UPDATE SET
  type = EXCLUDED.type,
  base_prompt = EXCLUDED.base_prompt,
  answer_schema_json = EXCLUDED.answer_schema_json,
  difficulty = EXCLUDED.difficulty,
  status = EXCLUDED.status,
  updated_at = NOW();

INSERT INTO item_variants (id, item_id, version, prompt_richtext, options_json, correct_answer_json, explanation_richtext, active, created_at, updated_at)
VALUES (
  '00000003-0010-0003-0000-000000000001',
  '00000003-0010-0000-0000-000000000003',
  1,
  'What is ''bail'' technique?',
  '["DB turns and runs with receiver at the snap", "DB gives up on the play", "DB blitzes", "DB plays press"]',
  '{"index": 0}',
  'Bail technique has the DB turn and run with the receiver at the snap. It''s used in zone coverage to get depth quickly and protect against deep routes.',
  true,
  NOW(),
  NOW()
) ON CONFLICT (id) DO UPDATE SET
  prompt_richtext = EXCLUDED.prompt_richtext,
  options_json = EXCLUDED.options_json,
  correct_answer_json = EXCLUDED.correct_answer_json,
  explanation_richtext = EXCLUDED.explanation_richtext,
  active = EXCLUDED.active,
  updated_at = NOW();

INSERT INTO items (id, lesson_id, type, base_prompt, answer_schema_json, difficulty, status, author_id, created_at, updated_at)
VALUES (
  '00000003-0010-0000-0000-000000000004',
  '00000003-0000-0000-0000-000000000010',
  'mcq',
  'Identify backpedal',
  '{"type": "mcq", "options": ["DB runs backward to maintain vision on receiver", "DB pedals a bike", "DB blitzes", "DB tackles"], "correct": 0}'::jsonb,
  2,
  'live',
  (SELECT id FROM users LIMIT 1),
  NOW(),
  NOW()
) ON CONFLICT (id) DO UPDATE SET
  type = EXCLUDED.type,
  base_prompt = EXCLUDED.base_prompt,
  answer_schema_json = EXCLUDED.answer_schema_json,
  difficulty = EXCLUDED.difficulty,
  status = EXCLUDED.status,
  updated_at = NOW();

INSERT INTO item_variants (id, item_id, version, prompt_richtext, options_json, correct_answer_json, explanation_richtext, active, created_at, updated_at)
VALUES (
  '00000003-0010-0004-0000-000000000001',
  '00000003-0010-0000-0000-000000000004',
  1,
  'What is a backpedal?',
  '["DB runs backward to maintain vision on receiver", "DB pedals a bike", "DB blitzes", "DB tackles"]',
  '{"index": 0}',
  'Backpedaling is running backward while maintaining vision on the receiver and QB. It allows the DB to react to routes while keeping depth.',
  true,
  NOW(),
  NOW()
) ON CONFLICT (id) DO UPDATE SET
  prompt_richtext = EXCLUDED.prompt_richtext,
  options_json = EXCLUDED.options_json,
  correct_answer_json = EXCLUDED.correct_answer_json,
  explanation_richtext = EXCLUDED.explanation_richtext,
  active = EXCLUDED.active,
  updated_at = NOW();

INSERT INTO items (id, lesson_id, type, base_prompt, answer_schema_json, difficulty, status, author_id, created_at, updated_at)
VALUES (
  '00000003-0010-0000-0000-000000000005',
  '00000003-0000-0000-0000-000000000010',
  'mcq',
  'Understand leverage',
  '{"type": "mcq", "options": ["DB''s position relative to receiver and sideline", "Using a lever", "Tackling technique", "Blitz assignment"], "correct": 0}'::jsonb,
  3,
  'live',
  (SELECT id FROM users LIMIT 1),
  NOW(),
  NOW()
) ON CONFLICT (id) DO UPDATE SET
  type = EXCLUDED.type,
  base_prompt = EXCLUDED.base_prompt,
  answer_schema_json = EXCLUDED.answer_schema_json,
  difficulty = EXCLUDED.difficulty,
  status = EXCLUDED.status,
  updated_at = NOW();

INSERT INTO item_variants (id, item_id, version, prompt_richtext, options_json, correct_answer_json, explanation_richtext, active, created_at, updated_at)
VALUES (
  '00000003-0010-0005-0000-000000000001',
  '00000003-0010-0000-0000-000000000005',
  1,
  'What is ''leverage'' in DB coverage?',
  '["DB''s position relative to receiver and sideline", "Using a lever", "Tackling technique", "Blitz assignment"]',
  '{"index": 0}',
  'Leverage is the DB''s position relative to the receiver and sideline. Inside leverage means positioned toward the middle; outside leverage toward the sideline.',
  true,
  NOW(),
  NOW()
) ON CONFLICT (id) DO UPDATE SET
  prompt_richtext = EXCLUDED.prompt_richtext,
  options_json = EXCLUDED.options_json,
  correct_answer_json = EXCLUDED.correct_answer_json,
  explanation_richtext = EXCLUDED.explanation_richtext,
  active = EXCLUDED.active,
  updated_at = NOW();

INSERT INTO items (id, lesson_id, type, base_prompt, answer_schema_json, difficulty, status, author_id, created_at, updated_at)
VALUES (
  '00000003-0010-0000-0000-000000000006',
  '00000003-0000-0000-0000-000000000010',
  'mcq',
  'Identify trail technique',
  '{"type": "mcq", "options": ["DB runs behind receiver, playing the ball", "DB leads the receiver", "DB blitzes", "DB plays zone"], "correct": 0}'::jsonb,
  3,
  'live',
  (SELECT id FROM users LIMIT 1),
  NOW(),
  NOW()
) ON CONFLICT (id) DO UPDATE SET
  type = EXCLUDED.type,
  base_prompt = EXCLUDED.base_prompt,
  answer_schema_json = EXCLUDED.answer_schema_json,
  difficulty = EXCLUDED.difficulty,
  status = EXCLUDED.status,
  updated_at = NOW();

INSERT INTO item_variants (id, item_id, version, prompt_richtext, options_json, correct_answer_json, explanation_richtext, active, created_at, updated_at)
VALUES (
  '00000003-0010-0006-0000-000000000001',
  '00000003-0010-0000-0000-000000000006',
  1,
  'What is ''trail'' technique in man coverage?',
  '["DB runs behind receiver, playing the ball", "DB leads the receiver", "DB blitzes", "DB plays zone"]',
  '{"index": 0}',
  'Trail technique has the DB run behind the receiver in man coverage, focusing on the ball and receiver''s hands. It''s used when you have inside help.',
  true,
  NOW(),
  NOW()
) ON CONFLICT (id) DO UPDATE SET
  prompt_richtext = EXCLUDED.prompt_richtext,
  options_json = EXCLUDED.options_json,
  correct_answer_json = EXCLUDED.correct_answer_json,
  explanation_richtext = EXCLUDED.explanation_richtext,
  active = EXCLUDED.active,
  updated_at = NOW();

INSERT INTO items (id, lesson_id, type, base_prompt, answer_schema_json, difficulty, status, author_id, created_at, updated_at)
VALUES (
  '00000003-0010-0000-0000-000000000007',
  '00000003-0000-0000-0000-000000000010',
  'mcq',
  'Understand high-low',
  '{"type": "mcq", "options": ["Two defenders cover one receiver at different depths", "Covering high and low routes", "A type of blitz", "An illegal technique"], "correct": 0}'::jsonb,
  4,
  'live',
  (SELECT id FROM users LIMIT 1),
  NOW(),
  NOW()
) ON CONFLICT (id) DO UPDATE SET
  type = EXCLUDED.type,
  base_prompt = EXCLUDED.base_prompt,
  answer_schema_json = EXCLUDED.answer_schema_json,
  difficulty = EXCLUDED.difficulty,
  status = EXCLUDED.status,
  updated_at = NOW();

INSERT INTO item_variants (id, item_id, version, prompt_richtext, options_json, correct_answer_json, explanation_richtext, active, created_at, updated_at)
VALUES (
  '00000003-0010-0007-0000-000000000001',
  '00000003-0010-0000-0000-000000000007',
  1,
  'What does ''high-low'' mean in coverage?',
  '["Two defenders cover one receiver at different depths", "Covering high and low routes", "A type of blitz", "An illegal technique"]',
  '{"index": 0}',
  'High-low coverage has two defenders bracket one receiver - one underneath (low) and one deep (high). It''s used to take away a team''s best receiver.',
  true,
  NOW(),
  NOW()
) ON CONFLICT (id) DO UPDATE SET
  prompt_richtext = EXCLUDED.prompt_richtext,
  options_json = EXCLUDED.options_json,
  correct_answer_json = EXCLUDED.correct_answer_json,
  explanation_richtext = EXCLUDED.explanation_richtext,
  active = EXCLUDED.active,
  updated_at = NOW();

INSERT INTO items (id, lesson_id, type, base_prompt, answer_schema_json, difficulty, status, author_id, created_at, updated_at)
VALUES (
  '00000003-0010-0000-0000-000000000008',
  '00000003-0000-0000-0000-000000000010',
  'mcq',
  'Identify eyes',
  '{"type": "mcq", "options": ["The quarterback", "Their assigned receiver", "The ground", "The sideline"], "correct": 0}'::jsonb,
  3,
  'live',
  (SELECT id FROM users LIMIT 1),
  NOW(),
  NOW()
) ON CONFLICT (id) DO UPDATE SET
  type = EXCLUDED.type,
  base_prompt = EXCLUDED.base_prompt,
  answer_schema_json = EXCLUDED.answer_schema_json,
  difficulty = EXCLUDED.difficulty,
  status = EXCLUDED.status,
  updated_at = NOW();

INSERT INTO item_variants (id, item_id, version, prompt_richtext, options_json, correct_answer_json, explanation_richtext, active, created_at, updated_at)
VALUES (
  '00000003-0010-0008-0000-000000000001',
  '00000003-0010-0000-0000-000000000008',
  1,
  'In zone coverage, what should a DB''s ''eyes'' be on?',
  '["The quarterback", "Their assigned receiver", "The ground", "The sideline"]',
  '{"index": 0}',
  'In zone coverage, DBs should have their eyes on the QB to read where the pass is going, while using peripheral vision to track receivers in their zone.',
  true,
  NOW(),
  NOW()
) ON CONFLICT (id) DO UPDATE SET
  prompt_richtext = EXCLUDED.prompt_richtext,
  options_json = EXCLUDED.options_json,
  correct_answer_json = EXCLUDED.correct_answer_json,
  explanation_richtext = EXCLUDED.explanation_richtext,
  active = EXCLUDED.active,
  updated_at = NOW();

INSERT INTO items (id, lesson_id, type, base_prompt, answer_schema_json, difficulty, status, author_id, created_at, updated_at)
VALUES (
  '00000003-0010-0000-0000-000000000009',
  '00000003-0000-0000-0000-000000000010',
  'mcq',
  'Understand break point',
  '{"type": "mcq", "options": ["When the receiver makes their cut", "When coverage breaks down", "When the DB gets tired", "When the play ends"], "correct": 0}'::jsonb,
  4,
  'live',
  (SELECT id FROM users LIMIT 1),
  NOW(),
  NOW()
) ON CONFLICT (id) DO UPDATE SET
  type = EXCLUDED.type,
  base_prompt = EXCLUDED.base_prompt,
  answer_schema_json = EXCLUDED.answer_schema_json,
  difficulty = EXCLUDED.difficulty,
  status = EXCLUDED.status,
  updated_at = NOW();

INSERT INTO item_variants (id, item_id, version, prompt_richtext, options_json, correct_answer_json, explanation_richtext, active, created_at, updated_at)
VALUES (
  '00000003-0010-0009-0000-000000000001',
  '00000003-0010-0000-0000-000000000009',
  1,
  'What is a ''break point'' in coverage?',
  '["When the receiver makes their cut", "When coverage breaks down", "When the DB gets tired", "When the play ends"]',
  '{"index": 0}',
  'The break point is when the receiver makes their cut or breaks on their route. DBs must recognize this and drive on the ball to make a play.',
  true,
  NOW(),
  NOW()
) ON CONFLICT (id) DO UPDATE SET
  prompt_richtext = EXCLUDED.prompt_richtext,
  options_json = EXCLUDED.options_json,
  correct_answer_json = EXCLUDED.correct_answer_json,
  explanation_richtext = EXCLUDED.explanation_richtext,
  active = EXCLUDED.active,
  updated_at = NOW();

INSERT INTO items (id, lesson_id, type, base_prompt, answer_schema_json, difficulty, status, author_id, created_at, updated_at)
VALUES (
  '00000003-0010-0000-0000-000000000010',
  '00000003-0000-0000-0000-000000000010',
  'mcq',
  'Identify man match',
  '{"type": "mcq", "options": ["Hybrid of man and zone based on route patterns", "Pure man coverage", "Pure zone coverage", "A blitz package"], "correct": 0}'::jsonb,
  4,
  'live',
  (SELECT id FROM users LIMIT 1),
  NOW(),
  NOW()
) ON CONFLICT (id) DO UPDATE SET
  type = EXCLUDED.type,
  base_prompt = EXCLUDED.base_prompt,
  answer_schema_json = EXCLUDED.answer_schema_json,
  difficulty = EXCLUDED.difficulty,
  status = EXCLUDED.status,
  updated_at = NOW();

INSERT INTO item_variants (id, item_id, version, prompt_richtext, options_json, correct_answer_json, explanation_richtext, active, created_at, updated_at)
VALUES (
  '00000003-0010-0010-0000-000000000001',
  '00000003-0010-0000-0000-000000000010',
  1,
  'What is ''man match'' coverage?',
  '["Hybrid of man and zone based on route patterns", "Pure man coverage", "Pure zone coverage", "A blitz package"]',
  '{"index": 0}',
  'Man match (or pattern match) coverage starts as zone but has defenders match receivers man-to-man based on their routes.',
  true,
  NOW(),
  NOW()
) ON CONFLICT (id) DO UPDATE SET
  prompt_richtext = EXCLUDED.prompt_richtext,
  options_json = EXCLUDED.options_json,
  correct_answer_json = EXCLUDED.correct_answer_json,
  explanation_richtext = EXCLUDED.explanation_richtext,
  active = EXCLUDED.active,
  updated_at = NOW();

INSERT INTO items (id, lesson_id, type, base_prompt, answer_schema_json, difficulty, status, author_id, created_at, updated_at)
VALUES (
  '00000003-0010-0000-0000-000000000011',
  '00000003-0000-0000-0000-000000000010',
  'mcq',
  'Goal of press',
  '{"type": "mcq", "options": ["To disrupt timing and reroute receivers", "To get a penalty", "To rest", "To play zone"], "correct": 0}'::jsonb,
  3,
  'live',
  (SELECT id FROM users LIMIT 1),
  NOW(),
  NOW()
) ON CONFLICT (id) DO UPDATE SET
  type = EXCLUDED.type,
  base_prompt = EXCLUDED.base_prompt,
  answer_schema_json = EXCLUDED.answer_schema_json,
  difficulty = EXCLUDED.difficulty,
  status = EXCLUDED.status,
  updated_at = NOW();

INSERT INTO item_variants (id, item_id, version, prompt_richtext, options_json, correct_answer_json, explanation_richtext, active, created_at, updated_at)
VALUES (
  '00000003-0010-0011-0000-000000000001',
  '00000003-0010-0000-0000-000000000011',
  1,
  'What is the strategic goal of press coverage?',
  '["To disrupt timing and reroute receivers", "To get a penalty", "To rest", "To play zone"]',
  '{"index": 0}',
  'By jamming the receiver, the DB ruins the timing of the route, throwing off the QB''s rhythm.',
  true,
  NOW(),
  NOW()
) ON CONFLICT (id) DO UPDATE SET
  prompt_richtext = EXCLUDED.prompt_richtext,
  options_json = EXCLUDED.options_json,
  correct_answer_json = EXCLUDED.correct_answer_json,
  explanation_richtext = EXCLUDED.explanation_richtext,
  active = EXCLUDED.active,
  updated_at = NOW();

INSERT INTO items (id, lesson_id, type, base_prompt, answer_schema_json, difficulty, status, author_id, created_at, updated_at)
VALUES (
  '00000003-0010-0000-0000-000000000012',
  '00000003-0000-0000-0000-000000000010',
  'mcq',
  'Why off coverage',
  '{"type": "mcq", "options": ["To prevent deep passes and keep everything in front", "Because they are slow", "To blitz", "To talk to the coach"], "correct": 0}'::jsonb,
  3,
  'live',
  (SELECT id FROM users LIMIT 1),
  NOW(),
  NOW()
) ON CONFLICT (id) DO UPDATE SET
  type = EXCLUDED.type,
  base_prompt = EXCLUDED.base_prompt,
  answer_schema_json = EXCLUDED.answer_schema_json,
  difficulty = EXCLUDED.difficulty,
  status = EXCLUDED.status,
  updated_at = NOW();

INSERT INTO item_variants (id, item_id, version, prompt_richtext, options_json, correct_answer_json, explanation_richtext, active, created_at, updated_at)
VALUES (
  '00000003-0010-0012-0000-000000000001',
  '00000003-0010-0000-0000-000000000012',
  1,
  'Why would a corner play off coverage?',
  '["To prevent deep passes and keep everything in front", "Because they are slow", "To blitz", "To talk to the coach"]',
  '{"index": 0}',
  'Off coverage gives the DB a head start to react to deep routes, ensuring they don''t get beaten over the top.',
  true,
  NOW(),
  NOW()
) ON CONFLICT (id) DO UPDATE SET
  prompt_richtext = EXCLUDED.prompt_richtext,
  options_json = EXCLUDED.options_json,
  correct_answer_json = EXCLUDED.correct_answer_json,
  explanation_richtext = EXCLUDED.explanation_richtext,
  active = EXCLUDED.active,
  updated_at = NOW();

INSERT INTO items (id, lesson_id, type, base_prompt, answer_schema_json, difficulty, status, author_id, created_at, updated_at)
VALUES (
  '00000003-0010-0000-0000-000000000013',
  '00000003-0000-0000-0000-000000000010',
  'mcq',
  'When to bail',
  '{"type": "mcq", "options": ["In deep zone coverage (Cover 3)", "In man coverage", "When blitzing", "On run plays"], "correct": 0}'::jsonb,
  4,
  'live',
  (SELECT id FROM users LIMIT 1),
  NOW(),
  NOW()
) ON CONFLICT (id) DO UPDATE SET
  type = EXCLUDED.type,
  base_prompt = EXCLUDED.base_prompt,
  answer_schema_json = EXCLUDED.answer_schema_json,
  difficulty = EXCLUDED.difficulty,
  status = EXCLUDED.status,
  updated_at = NOW();

INSERT INTO item_variants (id, item_id, version, prompt_richtext, options_json, correct_answer_json, explanation_richtext, active, created_at, updated_at)
VALUES (
  '00000003-0010-0013-0000-000000000001',
  '00000003-0010-0000-0000-000000000013',
  1,
  'When is bail technique typically used?',
  '["In deep zone coverage (Cover 3)", "In man coverage", "When blitzing", "On run plays"]',
  '{"index": 0}',
  'Bail technique allows a corner to appear to be in press/shallow coverage but quickly retreat to a deep zone at the snap.',
  true,
  NOW(),
  NOW()
) ON CONFLICT (id) DO UPDATE SET
  prompt_richtext = EXCLUDED.prompt_richtext,
  options_json = EXCLUDED.options_json,
  correct_answer_json = EXCLUDED.correct_answer_json,
  explanation_richtext = EXCLUDED.explanation_richtext,
  active = EXCLUDED.active,
  updated_at = NOW();

INSERT INTO items (id, lesson_id, type, base_prompt, answer_schema_json, difficulty, status, author_id, created_at, updated_at)
VALUES (
  '00000003-0010-0000-0000-000000000014',
  '00000003-0000-0000-0000-000000000010',
  'mcq',
  'Why backpedal',
  '{"type": "mcq", "options": ["To keep eyes on the QB/receiver while retreating", "To run faster", "To look cool", "To avoid tripping"], "correct": 0}'::jsonb,
  2,
  'live',
  (SELECT id FROM users LIMIT 1),
  NOW(),
  NOW()
) ON CONFLICT (id) DO UPDATE SET
  type = EXCLUDED.type,
  base_prompt = EXCLUDED.base_prompt,
  answer_schema_json = EXCLUDED.answer_schema_json,
  difficulty = EXCLUDED.difficulty,
  status = EXCLUDED.status,
  updated_at = NOW();

INSERT INTO item_variants (id, item_id, version, prompt_richtext, options_json, correct_answer_json, explanation_richtext, active, created_at, updated_at)
VALUES (
  '00000003-0010-0014-0000-000000000001',
  '00000003-0010-0000-0000-000000000014',
  1,
  'Why is backpedaling essential for DBs?',
  '["To keep eyes on the QB/receiver while retreating", "To run faster", "To look cool", "To avoid tripping"]',
  '{"index": 0}',
  'You can''t see the play if you turn your back. Backpedaling lets you retreat while reading the play.',
  true,
  NOW(),
  NOW()
) ON CONFLICT (id) DO UPDATE SET
  prompt_richtext = EXCLUDED.prompt_richtext,
  options_json = EXCLUDED.options_json,
  correct_answer_json = EXCLUDED.correct_answer_json,
  explanation_richtext = EXCLUDED.explanation_richtext,
  active = EXCLUDED.active,
  updated_at = NOW();

INSERT INTO items (id, lesson_id, type, base_prompt, answer_schema_json, difficulty, status, author_id, created_at, updated_at)
VALUES (
  '00000003-0010-0000-0000-000000000015',
  '00000003-0000-0000-0000-000000000010',
  'mcq',
  'When to trail',
  '{"type": "mcq", "options": ["When you have safety help over the top", "When you are alone", "In zone coverage", "Against the run"], "correct": 0}'::jsonb,
  3,
  'live',
  (SELECT id FROM users LIMIT 1),
  NOW(),
  NOW()
) ON CONFLICT (id) DO UPDATE SET
  type = EXCLUDED.type,
  base_prompt = EXCLUDED.base_prompt,
  answer_schema_json = EXCLUDED.answer_schema_json,
  difficulty = EXCLUDED.difficulty,
  status = EXCLUDED.status,
  updated_at = NOW();

INSERT INTO item_variants (id, item_id, version, prompt_richtext, options_json, correct_answer_json, explanation_richtext, active, created_at, updated_at)
VALUES (
  '00000003-0010-0015-0000-000000000001',
  '00000003-0010-0000-0000-000000000015',
  1,
  'When is trail technique most effective?',
  '["When you have safety help over the top", "When you are alone", "In zone coverage", "Against the run"]',
  '{"index": 0}',
  'If you have deep help, you can aggressively undercut the route (trail) to defend short/intermediate throws without fear of getting beat deep.',
  true,
  NOW(),
  NOW()
) ON CONFLICT (id) DO UPDATE SET
  prompt_richtext = EXCLUDED.prompt_richtext,
  options_json = EXCLUDED.options_json,
  correct_answer_json = EXCLUDED.correct_answer_json,
  explanation_richtext = EXCLUDED.explanation_richtext,
  active = EXCLUDED.active,
  updated_at = NOW();

INSERT INTO items (id, lesson_id, type, base_prompt, answer_schema_json, difficulty, status, author_id, created_at, updated_at)
VALUES (
  '00000003-0010-0000-0000-000000000016',
  '00000003-0000-0000-0000-000000000010',
  'mcq',
  'Purpose of high-low',
  '{"type": "mcq", "options": ["To double team a key receiver", "To cover two people", "To blitz", "To stop the run"], "correct": 0}'::jsonb,
  4,
  'live',
  (SELECT id FROM users LIMIT 1),
  NOW(),
  NOW()
) ON CONFLICT (id) DO UPDATE SET
  type = EXCLUDED.type,
  base_prompt = EXCLUDED.base_prompt,
  answer_schema_json = EXCLUDED.answer_schema_json,
  difficulty = EXCLUDED.difficulty,
  status = EXCLUDED.status,
  updated_at = NOW();

INSERT INTO item_variants (id, item_id, version, prompt_richtext, options_json, correct_answer_json, explanation_richtext, active, created_at, updated_at)
VALUES (
  '00000003-0010-0016-0000-000000000001',
  '00000003-0010-0000-0000-000000000016',
  1,
  'What is the purpose of high-low coverage?',
  '["To double team a key receiver", "To cover two people", "To blitz", "To stop the run"]',
  '{"index": 0}',
  'It forces the QB to throw into a tight window between two defenders, effectively neutralizing a star receiver.',
  true,
  NOW(),
  NOW()
) ON CONFLICT (id) DO UPDATE SET
  prompt_richtext = EXCLUDED.prompt_richtext,
  options_json = EXCLUDED.options_json,
  correct_answer_json = EXCLUDED.correct_answer_json,
  explanation_richtext = EXCLUDED.explanation_richtext,
  active = EXCLUDED.active,
  updated_at = NOW();

INSERT INTO items (id, lesson_id, type, base_prompt, answer_schema_json, difficulty, status, author_id, created_at, updated_at)
VALUES (
  '00000003-0010-0000-0000-000000000017',
  '00000003-0000-0000-0000-000000000010',
  'mcq',
  'Why eyes on QB',
  '{"type": "mcq", "options": ["To anticipate where the ball will be thrown", "To see the score", "To watch the line", "To avoid the receiver"], "correct": 0}'::jsonb,
  3,
  'live',
  (SELECT id FROM users LIMIT 1),
  NOW(),
  NOW()
) ON CONFLICT (id) DO UPDATE SET
  type = EXCLUDED.type,
  base_prompt = EXCLUDED.base_prompt,
  answer_schema_json = EXCLUDED.answer_schema_json,
  difficulty = EXCLUDED.difficulty,
  status = EXCLUDED.status,
  updated_at = NOW();

INSERT INTO item_variants (id, item_id, version, prompt_richtext, options_json, correct_answer_json, explanation_richtext, active, created_at, updated_at)
VALUES (
  '00000003-0010-0017-0000-000000000001',
  '00000003-0010-0000-0000-000000000017',
  1,
  'Why do zone defenders keep their eyes on the QB?',
  '["To anticipate where the ball will be thrown", "To see the score", "To watch the line", "To avoid the receiver"]',
  '{"index": 0}',
  'The QB''s eyes often give away the target. Reading the QB allows defenders to break on the ball faster.',
  true,
  NOW(),
  NOW()
) ON CONFLICT (id) DO UPDATE SET
  prompt_richtext = EXCLUDED.prompt_richtext,
  options_json = EXCLUDED.options_json,
  correct_answer_json = EXCLUDED.correct_answer_json,
  explanation_richtext = EXCLUDED.explanation_richtext,
  active = EXCLUDED.active,
  updated_at = NOW();

INSERT INTO items (id, lesson_id, type, base_prompt, answer_schema_json, difficulty, status, author_id, created_at, updated_at)
VALUES (
  '00000003-0010-0000-0000-000000000018',
  '00000003-0000-0000-0000-000000000010',
  'mcq',
  'Advantage of man match',
  '{"type": "mcq", "options": ["Combines tight man coverage with zone safety", "It''s easy", "It''s old school", "It''s illegal"], "correct": 0}'::jsonb,
  4,
  'live',
  (SELECT id FROM users LIMIT 1),
  NOW(),
  NOW()
) ON CONFLICT (id) DO UPDATE SET
  type = EXCLUDED.type,
  base_prompt = EXCLUDED.base_prompt,
  answer_schema_json = EXCLUDED.answer_schema_json,
  difficulty = EXCLUDED.difficulty,
  status = EXCLUDED.status,
  updated_at = NOW();

INSERT INTO item_variants (id, item_id, version, prompt_richtext, options_json, correct_answer_json, explanation_richtext, active, created_at, updated_at)
VALUES (
  '00000003-0010-0018-0000-000000000001',
  '00000003-0010-0000-0000-000000000018',
  1,
  'What is the main advantage of man-match coverage?',
  '["Combines tight man coverage with zone safety", "It''s easy", "It''s old school", "It''s illegal"]',
  '{"index": 0}',
  'It prevents defenders from covering empty grass (zone) while avoiding the mismatches of pure man coverage.',
  true,
  NOW(),
  NOW()
) ON CONFLICT (id) DO UPDATE SET
  prompt_richtext = EXCLUDED.prompt_richtext,
  options_json = EXCLUDED.options_json,
  correct_answer_json = EXCLUDED.correct_answer_json,
  explanation_richtext = EXCLUDED.explanation_richtext,
  active = EXCLUDED.active,
  updated_at = NOW();

-- Module 3, Lesson 11: Tackling Fundamentals
INSERT INTO lessons (id, module_id, title, description, order_index, est_minutes, xp_award, created_at, updated_at)
VALUES (
  '00000003-0000-0000-0000-000000000011',
  '00000000-0000-0000-0000-000000000003',
  'Tackling Fundamentals',
  'Learn proper tackling techniques and pursuit angles',
  11,
  5,
  100,
  NOW(),
  NOW()
) ON CONFLICT (id) DO UPDATE SET
  title = EXCLUDED.title,
  description = EXCLUDED.description,
  order_index = EXCLUDED.order_index,
  est_minutes = EXCLUDED.est_minutes,
  xp_award = EXCLUDED.xp_award,
  updated_at = NOW();

INSERT INTO items (id, lesson_id, type, base_prompt, answer_schema_json, difficulty, status, author_id, created_at, updated_at)
VALUES (
  '00000003-0011-0000-0000-000000000001',
  '00000003-0000-0000-0000-000000000011',
  'mcq',
  'Understand form tackle',
  '{"type": "mcq", "options": ["Head up, wrap arms, drive through the ball carrier", "Diving at legs", "Shoulder tackle", "Arm tackle"], "correct": 0}'::jsonb,
  2,
  'live',
  (SELECT id FROM users LIMIT 1),
  NOW(),
  NOW()
) ON CONFLICT (id) DO UPDATE SET
  type = EXCLUDED.type,
  base_prompt = EXCLUDED.base_prompt,
  answer_schema_json = EXCLUDED.answer_schema_json,
  difficulty = EXCLUDED.difficulty,
  status = EXCLUDED.status,
  updated_at = NOW();

INSERT INTO item_variants (id, item_id, version, prompt_richtext, options_json, correct_answer_json, explanation_richtext, active, created_at, updated_at)
VALUES (
  '00000003-0011-0001-0000-000000000001',
  '00000003-0011-0000-0000-000000000001',
  1,
  'What is a ''form tackle''?',
  '["Head up, wrap arms, drive through the ball carrier", "Diving at legs", "Shoulder tackle", "Arm tackle"]',
  '{"index": 0}',
  'A form tackle uses proper technique: head up, eyes on target, wrap arms around the ball carrier, and drive through. It''s the safest and most effective tackling method.',
  true,
  NOW(),
  NOW()
) ON CONFLICT (id) DO UPDATE SET
  prompt_richtext = EXCLUDED.prompt_richtext,
  options_json = EXCLUDED.options_json,
  correct_answer_json = EXCLUDED.correct_answer_json,
  explanation_richtext = EXCLUDED.explanation_richtext,
  active = EXCLUDED.active,
  updated_at = NOW();

INSERT INTO items (id, lesson_id, type, base_prompt, answer_schema_json, difficulty, status, author_id, created_at, updated_at)
VALUES (
  '00000003-0011-0000-0000-000000000002',
  '00000003-0000-0000-0000-000000000011',
  'mcq',
  'Identify pursuit angle',
  '{"type": "mcq", "options": ["Path defender takes to intercept the ball carrier", "The angle of the field", "A type of coverage", "A blitz path"], "correct": 0}'::jsonb,
  3,
  'live',
  (SELECT id FROM users LIMIT 1),
  NOW(),
  NOW()
) ON CONFLICT (id) DO UPDATE SET
  type = EXCLUDED.type,
  base_prompt = EXCLUDED.base_prompt,
  answer_schema_json = EXCLUDED.answer_schema_json,
  difficulty = EXCLUDED.difficulty,
  status = EXCLUDED.status,
  updated_at = NOW();

INSERT INTO item_variants (id, item_id, version, prompt_richtext, options_json, correct_answer_json, explanation_richtext, active, created_at, updated_at)
VALUES (
  '00000003-0011-0002-0000-000000000001',
  '00000003-0011-0000-0000-000000000002',
  1,
  'What is a pursuit angle?',
  '["Path defender takes to intercept the ball carrier", "The angle of the field", "A type of coverage", "A blitz path"]',
  '{"index": 0}',
  'Pursuit angle is the path a defender takes to intercept the ball carrier.',
  true,
  NOW(),
  NOW()
) ON CONFLICT (id) DO UPDATE SET
  prompt_richtext = EXCLUDED.prompt_richtext,
  options_json = EXCLUDED.options_json,
  correct_answer_json = EXCLUDED.correct_answer_json,
  explanation_richtext = EXCLUDED.explanation_richtext,
  active = EXCLUDED.active,
  updated_at = NOW();

INSERT INTO items (id, lesson_id, type, base_prompt, answer_schema_json, difficulty, status, author_id, created_at, updated_at)
VALUES (
  '00000003-0011-0000-0000-000000000003',
  '00000003-0000-0000-0000-000000000011',
  'mcq',
  'Understand leverage tackle',
  '{"type": "mcq", "options": ["Getting lower than the ball carrier", "Using a lever", "Tackling from behind", "Arm tackling"], "correct": 0}'::jsonb,
  3,
  'live',
  (SELECT id FROM users LIMIT 1),
  NOW(),
  NOW()
) ON CONFLICT (id) DO UPDATE SET
  type = EXCLUDED.type,
  base_prompt = EXCLUDED.base_prompt,
  answer_schema_json = EXCLUDED.answer_schema_json,
  difficulty = EXCLUDED.difficulty,
  status = EXCLUDED.status,
  updated_at = NOW();

INSERT INTO item_variants (id, item_id, version, prompt_richtext, options_json, correct_answer_json, explanation_richtext, active, created_at, updated_at)
VALUES (
  '00000003-0011-0003-0000-000000000001',
  '00000003-0011-0000-0000-000000000003',
  1,
  'What does ''leverage'' mean in tackling?',
  '["Getting lower than the ball carrier", "Using a lever", "Tackling from behind", "Arm tackling"]',
  '{"index": 0}',
  'Leverage in tackling means getting your pad level lower than the ball carrier''s. The lower player usually wins the collision and makes the tackle.',
  true,
  NOW(),
  NOW()
) ON CONFLICT (id) DO UPDATE SET
  prompt_richtext = EXCLUDED.prompt_richtext,
  options_json = EXCLUDED.options_json,
  correct_answer_json = EXCLUDED.correct_answer_json,
  explanation_richtext = EXCLUDED.explanation_richtext,
  active = EXCLUDED.active,
  updated_at = NOW();

INSERT INTO items (id, lesson_id, type, base_prompt, answer_schema_json, difficulty, status, author_id, created_at, updated_at)
VALUES (
  '00000003-0011-0000-0000-000000000004',
  '00000003-0000-0000-0000-000000000011',
  'mcq',
  'Identify gang tackling',
  '{"type": "mcq", "options": ["Multiple defenders tackling the ball carrier together", "Illegal tackling", "Tackling in groups", "A penalty"], "correct": 0}'::jsonb,
  2,
  'live',
  (SELECT id FROM users LIMIT 1),
  NOW(),
  NOW()
) ON CONFLICT (id) DO UPDATE SET
  type = EXCLUDED.type,
  base_prompt = EXCLUDED.base_prompt,
  answer_schema_json = EXCLUDED.answer_schema_json,
  difficulty = EXCLUDED.difficulty,
  status = EXCLUDED.status,
  updated_at = NOW();

INSERT INTO item_variants (id, item_id, version, prompt_richtext, options_json, correct_answer_json, explanation_richtext, active, created_at, updated_at)
VALUES (
  '00000003-0011-0004-0000-000000000001',
  '00000003-0011-0000-0000-000000000004',
  1,
  'What is gang tackling?',
  '["Multiple defenders tackling the ball carrier together", "Illegal tackling", "Tackling in groups", "A penalty"]',
  '{"index": 0}',
  'Gang tackling is when multiple defenders swarm to the ball carrier and tackle together. It prevents yards after contact and can cause fumbles.',
  true,
  NOW(),
  NOW()
) ON CONFLICT (id) DO UPDATE SET
  prompt_richtext = EXCLUDED.prompt_richtext,
  options_json = EXCLUDED.options_json,
  correct_answer_json = EXCLUDED.correct_answer_json,
  explanation_richtext = EXCLUDED.explanation_richtext,
  active = EXCLUDED.active,
  updated_at = NOW();

INSERT INTO items (id, lesson_id, type, base_prompt, answer_schema_json, difficulty, status, author_id, created_at, updated_at)
VALUES (
  '00000003-0011-0000-0000-000000000005',
  '00000003-0000-0000-0000-000000000011',
  'mcq',
  'Understand wrap up',
  '{"type": "mcq", "options": ["Secures the tackle and prevents the runner from escaping", "Keeps you warm", "It''s a penalty", "It''s not important"], "correct": 0}'::jsonb,
  2,
  'live',
  (SELECT id FROM users LIMIT 1),
  NOW(),
  NOW()
) ON CONFLICT (id) DO UPDATE SET
  type = EXCLUDED.type,
  base_prompt = EXCLUDED.base_prompt,
  answer_schema_json = EXCLUDED.answer_schema_json,
  difficulty = EXCLUDED.difficulty,
  status = EXCLUDED.status,
  updated_at = NOW();

INSERT INTO item_variants (id, item_id, version, prompt_richtext, options_json, correct_answer_json, explanation_richtext, active, created_at, updated_at)
VALUES (
  '00000003-0011-0005-0000-000000000001',
  '00000003-0011-0000-0000-000000000005',
  1,
  'Why is ''wrapping up'' important in tackling?',
  '["Secures the tackle and prevents the runner from escaping", "Keeps you warm", "It''s a penalty", "It''s not important"]',
  '{"index": 0}',
  'Wrapping up means securing your arms around the ball carrier. Without wrapping, runners can break tackles and gain extra yards.',
  true,
  NOW(),
  NOW()
) ON CONFLICT (id) DO UPDATE SET
  prompt_richtext = EXCLUDED.prompt_richtext,
  options_json = EXCLUDED.options_json,
  correct_answer_json = EXCLUDED.correct_answer_json,
  explanation_richtext = EXCLUDED.explanation_richtext,
  active = EXCLUDED.active,
  updated_at = NOW();

INSERT INTO items (id, lesson_id, type, base_prompt, answer_schema_json, difficulty, status, author_id, created_at, updated_at)
VALUES (
  '00000003-0011-0000-0000-000000000006',
  '00000003-0000-0000-0000-000000000011',
  'mcq',
  'Identify open field tackle',
  '{"type": "mcq", "options": ["Ball carrier has space to make moves", "Too many defenders", "The field is open", "It''s illegal"], "correct": 0}'::jsonb,
  3,
  'live',
  (SELECT id FROM users LIMIT 1),
  NOW(),
  NOW()
) ON CONFLICT (id) DO UPDATE SET
  type = EXCLUDED.type,
  base_prompt = EXCLUDED.base_prompt,
  answer_schema_json = EXCLUDED.answer_schema_json,
  difficulty = EXCLUDED.difficulty,
  status = EXCLUDED.status,
  updated_at = NOW();

INSERT INTO item_variants (id, item_id, version, prompt_richtext, options_json, correct_answer_json, explanation_richtext, active, created_at, updated_at)
VALUES (
  '00000003-0011-0006-0000-000000000001',
  '00000003-0011-0000-0000-000000000006',
  1,
  'What makes open field tackles difficult?',
  '["Ball carrier has space to make moves", "Too many defenders", "The field is open", "It''s illegal"]',
  '{"index": 0}',
  'Open field tackles are one-on-one in space. The ball carrier can use speed and moves to avoid the tackle. Defenders must break down and maintain leverage.',
  true,
  NOW(),
  NOW()
) ON CONFLICT (id) DO UPDATE SET
  prompt_richtext = EXCLUDED.prompt_richtext,
  options_json = EXCLUDED.options_json,
  correct_answer_json = EXCLUDED.correct_answer_json,
  explanation_richtext = EXCLUDED.explanation_richtext,
  active = EXCLUDED.active,
  updated_at = NOW();

INSERT INTO items (id, lesson_id, type, base_prompt, answer_schema_json, difficulty, status, author_id, created_at, updated_at)
VALUES (
  '00000003-0011-0000-0000-000000000007',
  '00000003-0000-0000-0000-000000000011',
  'mcq',
  'Understand breakdown',
  '{"type": "mcq", "options": ["Slowing down, getting in athletic stance, preparing to tackle", "Tackle breaks apart", "Getting tired", "A penalty"], "correct": 0}'::jsonb,
  3,
  'live',
  (SELECT id FROM users LIMIT 1),
  NOW(),
  NOW()
) ON CONFLICT (id) DO UPDATE SET
  type = EXCLUDED.type,
  base_prompt = EXCLUDED.base_prompt,
  answer_schema_json = EXCLUDED.answer_schema_json,
  difficulty = EXCLUDED.difficulty,
  status = EXCLUDED.status,
  updated_at = NOW();

INSERT INTO item_variants (id, item_id, version, prompt_richtext, options_json, correct_answer_json, explanation_richtext, active, created_at, updated_at)
VALUES (
  '00000003-0011-0007-0000-000000000001',
  '00000003-0011-0000-0000-000000000007',
  1,
  'What does ''breaking down'' mean in tackling?',
  '["Slowing down, getting in athletic stance, preparing to tackle", "Tackle breaks apart", "Getting tired", "A penalty"]',
  '{"index": 0}',
  'Breaking down means slowing from a sprint to a controlled position - feet chopping, knees bent, ready to react. It prevents overrunning the ball carrier.',
  true,
  NOW(),
  NOW()
) ON CONFLICT (id) DO UPDATE SET
  prompt_richtext = EXCLUDED.prompt_richtext,
  options_json = EXCLUDED.options_json,
  correct_answer_json = EXCLUDED.correct_answer_json,
  explanation_richtext = EXCLUDED.explanation_richtext,
  active = EXCLUDED.active,
  updated_at = NOW();

INSERT INTO items (id, lesson_id, type, base_prompt, answer_schema_json, difficulty, status, author_id, created_at, updated_at)
VALUES (
  '00000003-0011-0000-0000-000000000008',
  '00000003-0000-0000-0000-000000000011',
  'mcq',
  'Identify strip',
  '{"type": "mcq", "options": ["Punching the ball out while tackling", "Removing the ball carrier''s jersey", "A type of tackle", "An illegal move"], "correct": 0}'::jsonb,
  3,
  'live',
  (SELECT id FROM users LIMIT 1),
  NOW(),
  NOW()
) ON CONFLICT (id) DO UPDATE SET
  type = EXCLUDED.type,
  base_prompt = EXCLUDED.base_prompt,
  answer_schema_json = EXCLUDED.answer_schema_json,
  difficulty = EXCLUDED.difficulty,
  status = EXCLUDED.status,
  updated_at = NOW();

INSERT INTO item_variants (id, item_id, version, prompt_richtext, options_json, correct_answer_json, explanation_richtext, active, created_at, updated_at)
VALUES (
  '00000003-0011-0008-0000-000000000001',
  '00000003-0011-0000-0000-000000000008',
  1,
  'What is ''stripping the ball''?',
  '["Punching the ball out while tackling", "Removing the ball carrier''s jersey", "A type of tackle", "An illegal move"]',
  '{"index": 0}',
  'Stripping the ball means punching or raking at the ball while tackling to cause a fumble. The first defender wraps up while the second strips.',
  true,
  NOW(),
  NOW()
) ON CONFLICT (id) DO UPDATE SET
  prompt_richtext = EXCLUDED.prompt_richtext,
  options_json = EXCLUDED.options_json,
  correct_answer_json = EXCLUDED.correct_answer_json,
  explanation_richtext = EXCLUDED.explanation_richtext,
  active = EXCLUDED.active,
  updated_at = NOW();

INSERT INTO items (id, lesson_id, type, base_prompt, answer_schema_json, difficulty, status, author_id, created_at, updated_at)
VALUES (
  '00000003-0011-0000-0000-000000000009',
  '00000003-0000-0000-0000-000000000011',
  'mcq',
  'Understand fit',
  '{"type": "mcq", "options": ["Filling your assigned gap correctly", "Fitting into your uniform", "Tackling technique", "A coverage assignment"], "correct": 0}'::jsonb,
  3,
  'live',
  (SELECT id FROM users LIMIT 1),
  NOW(),
  NOW()
) ON CONFLICT (id) DO UPDATE SET
  type = EXCLUDED.type,
  base_prompt = EXCLUDED.base_prompt,
  answer_schema_json = EXCLUDED.answer_schema_json,
  difficulty = EXCLUDED.difficulty,
  status = EXCLUDED.status,
  updated_at = NOW();

INSERT INTO item_variants (id, item_id, version, prompt_richtext, options_json, correct_answer_json, explanation_richtext, active, created_at, updated_at)
VALUES (
  '00000003-0011-0009-0000-000000000001',
  '00000003-0011-0000-0000-000000000009',
  1,
  'What does ''fitting up'' mean in run defense?',
  '["Filling your assigned gap correctly", "Fitting into your uniform", "Tackling technique", "A coverage assignment"]',
  '{"index": 0}',
  'Fitting up means each defender fills their assigned gap with proper leverage. When all 11 defenders fit correctly, there are no running lanes.',
  true,
  NOW(),
  NOW()
) ON CONFLICT (id) DO UPDATE SET
  prompt_richtext = EXCLUDED.prompt_richtext,
  options_json = EXCLUDED.options_json,
  correct_answer_json = EXCLUDED.correct_answer_json,
  explanation_richtext = EXCLUDED.explanation_richtext,
  active = EXCLUDED.active,
  updated_at = NOW();

INSERT INTO items (id, lesson_id, type, base_prompt, answer_schema_json, difficulty, status, author_id, created_at, updated_at)
VALUES (
  '00000003-0011-0000-0000-000000000010',
  '00000003-0000-0000-0000-000000000011',
  'mcq',
  'Identify shoulder tackle',
  '{"type": "mcq", "options": ["Leading with shoulder pad into ball carrier", "Tackling someone''s shoulder", "Illegal tackle", "Arm tackle"], "correct": 0}'::jsonb,
  2,
  'live',
  (SELECT id FROM users LIMIT 1),
  NOW(),
  NOW()
) ON CONFLICT (id) DO UPDATE SET
  type = EXCLUDED.type,
  base_prompt = EXCLUDED.base_prompt,
  answer_schema_json = EXCLUDED.answer_schema_json,
  difficulty = EXCLUDED.difficulty,
  status = EXCLUDED.status,
  updated_at = NOW();

INSERT INTO item_variants (id, item_id, version, prompt_richtext, options_json, correct_answer_json, explanation_richtext, active, created_at, updated_at)
VALUES (
  '00000003-0011-0010-0000-000000000001',
  '00000003-0011-0000-0000-000000000010',
  1,
  'What is a shoulder tackle?',
  '["Leading with shoulder pad into ball carrier", "Tackling someone''s shoulder", "Illegal tackle", "Arm tackle"]',
  '{"index": 0}',
  'A shoulder tackle drives the shoulder pad into the ball carrier while wrapping up. It''s powerful but must be done with head up to avoid injury.',
  true,
  NOW(),
  NOW()
) ON CONFLICT (id) DO UPDATE SET
  prompt_richtext = EXCLUDED.prompt_richtext,
  options_json = EXCLUDED.options_json,
  correct_answer_json = EXCLUDED.correct_answer_json,
  explanation_richtext = EXCLUDED.explanation_richtext,
  active = EXCLUDED.active,
  updated_at = NOW();
